{
  "resourceType": "SearchParameter",
  "id": "location-extensions-Location-alias",
  "url": "http://hl7.org/fhir/SearchParameter/location-extensions-Location-alias",
  "name": "alias",
  "status": "draft",
  "experimental": true,
  "code": "alias",
  "type": "string",
  "description": "Include Locations that contain the provided alias",
  "xpath": "f:Location/f:extension[@url='http://hl7.org/fhir/StructureDefinition/location-alias'] | /f:#alias",
  "xpathUsage": "normal",
  "base": ["Patient"]
}