{
  "resourceType": "SearchParameter",
  "id": "condition-extensions-Condition-definition",
  "url": "http://hl7.org/fhir/SearchParameter/condition-extensions-Condition-definition",
  "name": "definition",
  "status": "draft",
  "experimental": true,
  "code": "definition",
  "base": [
    "Condition"
  ],
  "type": "reference",
  "description": "Matches on the definition extension value",
  "xpath": "f:Condition/f:extension[@url='http://hl7.org/fhir/StructureDefinition/condition-definition'] | f:Condition/f:extension[@url='http://hl7.org/fhir/StructureDefinition/condition-definition']",
  "xpathUsage": "normal"
}