{
  "resourceType": "StructureDefinition",
  "id": "id",
  "text": {
    "status": "generated",
    "div": "<div xmlns=\"http://www.w3.org/1999/xhtml\">to do</div>"
  },
  "url": "http://hl7.org/fhir/StructureDefinition/id",
  "name": "id",
  "status": "draft",
  "date": "2019-10-24T11:53:00+11:00",
  "publisher": "HL7 FHIR Standard",
  "contact": [
    {
      "telecom": [
        {
          "system": "url",
          "value": "http://hl7.org/fhir"
        }
      ]
    }
  ],
  "description": "Base StructureDefinition for id type: Any combination of letters, numerals, \"-\" and \".\", with a length limit of 64 characters.  (This might be an integer, an unprefixed OID, UUID or any other identifier pattern that meets these constraints.)  Ids are case-insensitive.",
  "fhirVersion": "3.0.2",
  "kind": "primitive-type",
  "abstract": false,
  "type": "id",
  "baseDefinition": "http://hl7.org/fhir/StructureDefinition/string",
  "derivation": "specialization",
  "snapshot": {
    "element": [
      {
        "id": "id",
        "path": "id",
        "short": "Primitive Type id",
        "definition": "Any combination of letters, numerals, \"-\" and \".\", with a length limit of 64 characters.  (This might be an integer, an unprefixed OID, UUID or any other identifier pattern that meets these constraints.)  Ids are case-insensitive.",
        "comment": "RFC 4122",
        "min": 0,
        "max": "*",
        "base": {
          "path": "id",
          "min": 0,
          "max": "*"
        },
        "constraint": [
          {
            "key": "ele-1",
            "severity": "error",
            "human": "All FHIR elements must have a @value or children",
            "expression": "hasValue() | (children().count() > id.count())",
            "xpath": "@value|f:*|h:div",
            "source": "Element"
          }
        ]
      },
      {
        "id": "id.id",
        "path": "id.id",
        "representation": [
          "xmlAttr"
        ],
        "short": "xml:id (or equivalent in JSON)",
        "definition": "unique id for the element within a resource (for internal references)",
        "min": 0,
        "max": "1",
        "base": {
          "path": "Element.id",
          "min": 0,
          "max": "1"
        },
        "type": [
          {
            "code": "string"
          }
        ]
      },
      {
        "id": "id.extension",
        "path": "id.extension",
        "short": "Additional Content defined by implementations",
        "definition": "May be used to represent additional information that is not part of the basic definition of the resource. In order to make the use of extensions safe and manageable, there is a strict set of governance  applied to the definition and use of extensions. Though any implementer is allowed to define an extension, there is a set of requirements that SHALL be met as part of the definition of the extension.",
        "comment": "There can be no stigma associated with the use of extensions by any application, project, or standard - regardless of the institution or jurisdiction that uses or defines the extensions.  The use of extensions is what allows the FHIR specification to retain a core level of simplicity for everyone.",
        "alias": [
          "extensions",
          "user content"
        ],
        "min": 0,
        "max": "*",
        "base": {
          "path": "Element.extension",
          "min": 0,
          "max": "*"
        },
        "type": [
          {
            "code": "Extension"
          }
        ]
      },
      {
        "id": "id.value",
        "path": "id.value",
        "representation": [
          "xmlAttr"
        ],
        "short": "Primitive value for id",
        "definition": "Primitive value for id",
        "min": 0,
        "max": "1",
        "base": {
          "path": "string.value",
          "min": 0,
          "max": "1"
        },
        "type": [
          {
            "extension": [
              {
                "url": "http://hl7.org/fhir/StructureDefinition/structuredefinition-regex",
                "valueString": "[A-Za-z0-9\\-\\.]{1,64}"
              }
            ],
            "_code": {
              "extension": [
                {
                  "url": "http://hl7.org/fhir/StructureDefinition/structuredefinition-json-type",
                  "valueString": "string"
                },
                {
                  "url": "http://hl7.org/fhir/StructureDefinition/structuredefinition-xml-type",
                  "valueString": "xsd:string"
                },
                {
                  "url": "http://hl7.org/fhir/StructureDefinition/structuredefinition-rdf-type",
                  "valueString": "xsd:string"
                }
              ]
            }
          }
        ]
      }
    ]
  },
  "differential": {
    "element": [
      {
        "id": "id",
        "path": "id",
        "short": "Primitive Type id",
        "definition": "Any combination of letters, numerals, \"-\" and \".\", with a length limit of 64 characters.  (This might be an integer, an unprefixed OID, UUID or any other identifier pattern that meets these constraints.)  Ids are case-insensitive.",
        "comment": "RFC 4122",
        "min": 0,
        "max": "*"
      },
      {
        "id": "id.value",
        "path": "id.value",
        "representation": [
          "xmlAttr"
        ],
        "short": "Primitive value for id",
        "definition": "Primitive value for id",
        "min": 0,
        "max": "1",
        "type": [
          {
            "extension": [
              {
                "url": "http://hl7.org/fhir/StructureDefinition/structuredefinition-regex",
                "valueString": "[A-Za-z0-9\\-\\.]{1,64}"
              }
            ],
            "_code": {
              "extension": [
                {
                  "url": "http://hl7.org/fhir/StructureDefinition/structuredefinition-json-type",
                  "valueString": "string"
                },
                {
                  "url": "http://hl7.org/fhir/StructureDefinition/structuredefinition-xml-type",
                  "valueString": "xsd:string"
                },
                {
                  "url": "http://hl7.org/fhir/StructureDefinition/structuredefinition-rdf-type",
                  "valueString": "xsd:string"
                }
              ]
            }
          }
        ]
      }
    ]
  }
}