{
  "resourceType": "ValueSet",
  "id": "detectedissue-mitigation-action",
  "meta": {
    "lastUpdated": "2019-10-24T11:53:00+11:00",
    "profile": [
      "http://hl7.org/fhir/StructureDefinition/shareablevalueset"
    ]
  },
  "text": {
    "status": "generated",
    "div": "<div xmlns=\"http://www.w3.org/1999/xhtml\"><h2>Detected Issue Mitigation Action</h2><div><p>Kinds of mitigating actions and observations that can be associated with a detected issue or contraindication, such as 'added concurrent therapy', 'prior therapy documented', etc.</p>\n</div><p>This value set includes codes from the following code systems:</p><ul><li>Include codes from <a href=\"v3/ActCode/cs.html\"><code>http://hl7.org/fhir/v3/ActCode</code></a> where concept  is-a  <a href=\"v3/ActCode/cs.html#v3-ActCode-_ActDetectedIssueManagementCode\">_ActDetectedIssueManagementCode</a></li></ul></div>"
  },
  "extension": [
    {
      "url": "http://hl7.org/fhir/StructureDefinition/structuredefinition-ballot-status",
      "valueString": "Informative"
    },
    {
      "url": "http://hl7.org/fhir/StructureDefinition/structuredefinition-fmm",
      "valueInteger": 1
    },
    {
      "url": "http://hl7.org/fhir/StructureDefinition/structuredefinition-wg",
      "valueCode": "cds"
    }
  ],
  "url": "http://hl7.org/fhir/ValueSet/detectedissue-mitigation-action",
  "identifier": [
    {
      "system": "urn:ietf:rfc:3986",
      "value": "urn:oid:2.16.840.1.113883.4.642.3.195"
    }
  ],
  "version": "3.0.2",
  "name": "Detected Issue Mitigation Action",
  "status": "draft",
  "experimental": true,
  "date": "2019-10-24T11:53:00+11:00",
  "publisher": "FHIR Project team",
  "contact": [
    {
      "telecom": [
        {
          "system": "url",
          "value": "http://hl7.org/fhir"
        }
      ]
    }
  ],
  "description": "Kinds of mitigating actions and observations that can be associated with a detected issue or contraindication, such as 'added concurrent therapy', 'prior therapy documented', etc.",
  "compose": {
    "include": [
      {
        "system": "http://hl7.org/fhir/v3/ActCode",
        "filter": [
          {
            "property": "concept",
            "op": "is-a",
            "value": "_ActDetectedIssueManagementCode"
          }
        ]
      }
    ]
  }
}