{
  "resourceType": "ValueSet",
  "id": "type-restful-interaction",
  "meta": {
    "lastUpdated": "2019-10-24T11:53:00+11:00",
    "profile": [
      "http://hl7.org/fhir/StructureDefinition/shareablevalueset"
    ]
  },
  "text": {
    "status": "generated",
    "div": "<div xmlns=\"http://www.w3.org/1999/xhtml\"><h2>TypeRestfulInteraction</h2><div><p>Operations supported by REST at the type or instance level.</p>\n</div><p>This value set includes codes from the following code systems:</p><ul><li>Include these codes as defined in <a href=\"codesystem-restful-interaction.html\"><code>http://hl7.org/fhir/restful-interaction</code></a><table class=\"none\"><tr><td><b>Code</b></td><td><b>Display</b></td></tr><tr><td><a href=\"codesystem-restful-interaction.html#restful-interaction-read\">read</a></td><td>read</td><td>Read the current state of the resource.</td></tr><tr><td><a href=\"codesystem-restful-interaction.html#restful-interaction-vread\">vread</a></td><td>vread</td><td>Read the state of a specific version of the resource.</td></tr><tr><td><a href=\"codesystem-restful-interaction.html#restful-interaction-update\">update</a></td><td>update</td><td>Update an existing resource by its id (or create it if it is new).</td></tr><tr><td><a href=\"codesystem-restful-interaction.html#restful-interaction-patch\">patch</a></td><td>patch</td><td>Update an existing resource by posting a set of changes to it.</td></tr><tr><td><a href=\"codesystem-restful-interaction.html#restful-interaction-delete\">delete</a></td><td>delete</td><td>Delete a resource.</td></tr><tr><td><a href=\"codesystem-restful-interaction.html#restful-interaction-history-instance\">history-instance</a></td><td>history-instance</td><td>Retrieve the change history for a particular resource.</td></tr><tr><td><a href=\"codesystem-restful-interaction.html#restful-interaction-history-type\">history-type</a></td><td>history-type</td><td>Retrieve the change history for all resources of a particular type.</td></tr><tr><td><a href=\"codesystem-restful-interaction.html#restful-interaction-create\">create</a></td><td>create</td><td>Create a new resource with a server assigned id.</td></tr><tr><td><a href=\"codesystem-restful-interaction.html#restful-interaction-search-type\">search-type</a></td><td>search-type</td><td>Search all resources of the specified type based on some filter criteria.</td></tr></table></li></ul></div>"
  },
  "extension": [
    {
      "url": "http://hl7.org/fhir/StructureDefinition/structuredefinition-ballot-status",
      "valueString": "Informative"
    },
    {
      "url": "http://hl7.org/fhir/StructureDefinition/structuredefinition-fmm",
      "valueInteger": 3
    },
    {
      "url": "http://hl7.org/fhir/StructureDefinition/structuredefinition-wg",
      "valueCode": "fhir"
    }
  ],
  "url": "http://hl7.org/fhir/ValueSet/type-restful-interaction",
  "identifier": [
    {
      "system": "urn:ietf:rfc:3986",
      "value": "urn:oid:2.16.840.1.113883.4.642.3.170"
    }
  ],
  "version": "3.0.2",
  "name": "TypeRestfulInteraction",
  "status": "draft",
  "experimental": false,
  "date": "2019-10-24T11:53:00+11:00",
  "publisher": "HL7 (FHIR Project)",
  "contact": [
    {
      "telecom": [
        {
          "system": "url",
          "value": "http://hl7.org/fhir"
        },
        {
          "system": "email",
          "value": "fhir@lists.hl7.org"
        }
      ]
    }
  ],
  "description": "Operations supported by REST at the type or instance level.",
  "compose": {
    "include": [
      {
        "system": "http://hl7.org/fhir/restful-interaction",
        "concept": [
          {
            "code": "read"
          },
          {
            "code": "vread"
          },
          {
            "code": "update"
          },
          {
            "code": "patch"
          },
          {
            "code": "delete"
          },
          {
            "code": "history-instance"
          },
          {
            "code": "history-type"
          },
          {
            "code": "create"
          },
          {
            "code": "search-type"
          }
        ]
      }
    ]
  }
}