{
  "resourceType": "ValueSet",
  "id": "provider-taxonomy",
  "meta": {
    "lastUpdated": "2019-10-24T11:53:00+11:00",
    "profile": [
      "http://hl7.org/fhir/StructureDefinition/shareablevalueset"
    ]
  },
  "text": {
    "status": "generated",
    "div": "<div xmlns=\"http://www.w3.org/1999/xhtml\">\n      <p>\n        This value set includes all possible NUCC Health Care Provider Taxonomy codes.\n      </p>\n      <p> \n        The NUCC Health Care Provider Taxonomy codes are copyright © 2017, American Medical Association.\n     </p>\n    \n    </div>"
  },
  "extension": [
    {
      "url": "http://hl7.org/fhir/StructureDefinition/structuredefinition-ballot-status",
      "valueString": "Informative"
    },
    {
      "url": "http://hl7.org/fhir/StructureDefinition/structuredefinition-fmm",
      "valueInteger": 0
    }
  ],
  "url": "http://hl7.org/fhir/ValueSet/provider-taxonomy",
  "identifier": [
    {
      "system": "urn:ietf:rfc:3986",
      "value": "urn:oid:2.16.840.1.113883.4.642.3.902"
    }
  ],
  "version": "3.0.2",
  "name": "Provider Taxonomy Codes",
  "status": "draft",
  "experimental": true,
  "date": "2019-10-24T11:53:00+11:00",
  "publisher": "FHIR Project team",
  "contact": [
    {
      "telecom": [
        {
          "system": "url",
          "value": "http://hl7.org/fhir"
        }
      ]
    }
  ],
  "description": "NUCC Healthcare Provider Taxonomy codes",
  "copyright": "The NUCC Health Care Provider Taxonomy codes are copyright © 2017, American Medical Association.",
  "compose": {
    "include": [
      {
        "system": "http://nucc.org/provider-taxonomy"
      }
    ]
  }
}