{
  "resourceType": "ValueSet",
  "id": "contract-signer-type",
  "meta": {
    "lastUpdated": "2019-10-24T11:53:00+11:00",
    "profile": [
      "http://hl7.org/fhir/StructureDefinition/shareablevalueset"
    ]
  },
  "text": {
    "status": "generated",
    "div": "<div xmlns=\"http://www.w3.org/1999/xhtml\">\n      This value set to be used to identify the type of agent that is signing. This is related but different to the signature type. \n\t  This value set includes sample Contract Signer Type codes.\n    <hr/><h2>Contract Signer Type Codes</h2><div><p>This value set includes sample Contract Signer Type codes.</p>\n</div><p><b>Copyright Statement:</b> This is an example set based on ASTM Standard, E1762-95 (2013) HL7 RoleClass OID 2.16.840.1.113883.5.110, HL7 Role Code 2.16.840.1.113883.5.111, HL7 ParticipationType OID: 2.16.840.1.113883.5.90, HL7 ParticipationFunction codes at OID: 2.16.840.1.113883.5.88, and HL7 Security and Privacy Domain Analysis Model roles classes.</p><p>This value set includes codes from the following code systems:</p><ul><li>Include all codes defined in <a href=\"codesystem-contract-signer-type.html\"><code>http://www.hl7.org/fhir/contractsignertypecodes</code></a></li></ul></div>"
  },
  "extension": [
    {
      "url": "http://hl7.org/fhir/StructureDefinition/structuredefinition-ballot-status",
      "valueString": "Informative"
    },
    {
      "url": "http://hl7.org/fhir/StructureDefinition/structuredefinition-fmm",
      "valueInteger": 1
    },
    {
      "url": "http://hl7.org/fhir/StructureDefinition/structuredefinition-wg",
      "valueCode": "fm"
    }
  ],
  "url": "http://hl7.org/fhir/ValueSet/contract-signer-type",
  "identifier": [
    {
      "system": "urn:ietf:rfc:3986",
      "value": "urn:oid:2.16.840.1.113883.4.642.3.725"
    }
  ],
  "version": "3.0.2",
  "name": "Contract Signer Type Codes",
  "status": "draft",
  "experimental": true,
  "date": "2019-10-24T11:53:00+11:00",
  "publisher": "Financial Management",
  "contact": [
    {
      "telecom": [
        {
          "system": "url",
          "value": "http://hl7.org/fhir"
        },
        {
          "system": "email",
          "value": "fhir@lists.hl7.org"
        }
      ]
    }
  ],
  "description": "This value set includes sample Contract Signer Type codes.",
  "immutable": true,
  "copyright": "This is an example set based on ASTM Standard, E1762-95 (2013) HL7 RoleClass OID 2.16.840.1.113883.5.110, HL7 Role Code 2.16.840.1.113883.5.111, HL7 ParticipationType OID: 2.16.840.1.113883.5.90, HL7 ParticipationFunction codes at OID: 2.16.840.1.113883.5.88, and HL7 Security and Privacy Domain Analysis Model roles classes.",
  "extensible": true,
  "compose": {
    "include": [
      {
        "system": "http://www.hl7.org/fhir/contractsignertypecodes"
      }
    ]
  }
}