{
  "resourceType": "ValueSet",
  "id": "audit-entity-type",
  "meta": {
    "lastUpdated": "2019-10-24T11:53:00+11:00",
    "profile": [
      "http://hl7.org/fhir/StructureDefinition/shareablevalueset"
    ]
  },
  "text": {
    "status": "generated",
    "div": "<div xmlns=\"http://www.w3.org/1999/xhtml\"><h2>AuditEventEntityType</h2><div><p>Code for the entity type involved in the audit event.</p>\n</div><p><b>Copyright Statement:</b> These codes are excerpted from Digital Imaging and Communications in Medicine (DICOM) Standard, Part 16: Content Mapping Resource, Copyright © 2011 by the National Electrical Manufacturers Association.</p><p>This value set includes codes from the following code systems:</p><ul><li>Include all codes defined in <a href=\"codesystem-audit-entity-type.html\"><code>http://hl7.org/fhir/audit-entity-type</code></a></li><li>Include all codes defined in <a href=\"codesystem-resource-types.html\"><code>http://hl7.org/fhir/resource-types</code></a></li></ul></div>"
  },
  "extension": [
    {
      "url": "http://hl7.org/fhir/StructureDefinition/structuredefinition-ballot-status",
      "valueString": "Informative"
    },
    {
      "url": "http://hl7.org/fhir/StructureDefinition/structuredefinition-fmm",
      "valueInteger": 3
    },
    {
      "url": "http://hl7.org/fhir/StructureDefinition/structuredefinition-wg",
      "valueCode": "sec"
    }
  ],
  "url": "http://hl7.org/fhir/ValueSet/audit-entity-type",
  "identifier": [
    {
      "system": "urn:ietf:rfc:3986",
      "value": "urn:oid:2.16.840.1.113883.4.642.3.894"
    }
  ],
  "version": "3.0.2",
  "name": "AuditEventEntityType",
  "status": "draft",
  "experimental": true,
  "date": "2017-03-10T09:44:54+11:00",
  "publisher": "HL7 (FHIR Project)",
  "contact": [
    {
      "telecom": [
        {
          "system": "url",
          "value": "http://hl7.org/fhir"
        },
        {
          "system": "email",
          "value": "fhir@lists.hl7.org"
        }
      ]
    }
  ],
  "description": "Code for the entity type involved in the audit event.",
  "immutable": true,
  "copyright": "These codes are excerpted from Digital Imaging and Communications in Medicine (DICOM) Standard, Part 16: Content Mapping Resource, Copyright © 2011 by the National Electrical Manufacturers Association.",
  "compose": {
    "include": [
      {
        "system": "http://hl7.org/fhir/audit-entity-type"
      },
      {
        "system": "http://hl7.org/fhir/resource-types"
      }
    ]
  }
}