{
  "resourceType": "ValueSet",
  "id": "instance-availability",
  "meta": {
    "lastUpdated": "2019-10-24T11:53:00+11:00",
    "profile": [
      "http://hl7.org/fhir/StructureDefinition/shareablevalueset"
    ]
  },
  "text": {
    "status": "extensions",
    "div": "<div xmlns=\"http://www.w3.org/1999/xhtml\"><h2>InstanceAvailability</h2><div><p>Availability of the resource</p>\n</div><p><b>Copyright Statement:</b> These codes are excerpted from Digital Imaging and Communications in Medicine (DICOM) Standard, Part 16: Content Mapping Resource, Copyright 2011 by the National Electrical Manufacturers Association</p><p>This value set includes codes from the following code systems:</p><ul><li>Include these codes as defined in <a href=\"http://dicom.nema.org/resources/ontology/DCM\"><code>http://dicom.nema.org/resources/ontology/DCM</code></a><table class=\"none\"><tr><td><b>Code</b></td><td><b>Display</b></td><td><b>Definition</b></td></tr><tr><td><a href=\"codesystem-dicom-dcim.html#dicom-dcim-ONLINE\">ONLINE</a></td><td>Online</td><td>Resources are immediately available.</td></tr><tr><td><a href=\"codesystem-dicom-dcim.html#dicom-dcim-OFFLINE\">OFFLINE</a></td><td>Offline</td><td>Resources need to be retrieved by manual intervention.</td></tr><tr><td><a href=\"codesystem-dicom-dcim.html#dicom-dcim-NEARLINE\">NEARLINE</a></td><td>Nearline</td><td>Resources need to be retrieved from relatively slow media.</td></tr><tr><td><a href=\"codesystem-dicom-dcim.html#dicom-dcim-UNAVAILABLE\">UNAVAILABLE</a></td><td>Unavailable</td><td>Resources cannot be retrieved.</td></tr></table></li></ul></div>"
  },
  "extension": [
    {
      "url": "http://hl7.org/fhir/StructureDefinition/structuredefinition-ballot-status",
      "valueString": "Informative"
    },
    {
      "url": "http://hl7.org/fhir/StructureDefinition/structuredefinition-fmm",
      "valueInteger": 3
    },
    {
      "url": "http://hl7.org/fhir/StructureDefinition/structuredefinition-wg",
      "valueCode": "ii"
    }
  ],
  "url": "http://hl7.org/fhir/ValueSet/instance-availability",
  "identifier": [
    {
      "system": "urn:ietf:rfc:3986",
      "value": "urn:oid:2.16.840.1.113883.4.642.3.279"
    }
  ],
  "version": "3.0.2",
  "name": "InstanceAvailability",
  "status": "draft",
  "experimental": false,
  "date": "2019-10-24T11:53:00+11:00",
  "publisher": "HL7 (FHIR Project)",
  "contact": [
    {
      "telecom": [
        {
          "system": "url",
          "value": "http://hl7.org/fhir"
        },
        {
          "system": "email",
          "value": "fhir@lists.hl7.org"
        }
      ]
    }
  ],
  "description": "Availability of the resource",
  "copyright": "These codes are excerpted from Digital Imaging and Communications in Medicine (DICOM) Standard, Part 16: Content Mapping Resource, Copyright 2011 by the National Electrical Manufacturers Association",
  "compose": {
    "include": [
      {
        "system": "http://dicom.nema.org/resources/ontology/DCM",
        "concept": [
          {
            "extension": [
              {
                "url": "http://hl7.org/fhir/StructureDefinition/valueset-definition",
                "valueString": "Resources are immediately available."
              }
            ],
            "code": "ONLINE"
          },
          {
            "extension": [
              {
                "url": "http://hl7.org/fhir/StructureDefinition/valueset-definition",
                "valueString": "Resources need to be retrieved by manual intervention."
              }
            ],
            "code": "OFFLINE"
          },
          {
            "extension": [
              {
                "url": "http://hl7.org/fhir/StructureDefinition/valueset-definition",
                "valueString": "Resources need to be retrieved from relatively slow media."
              }
            ],
            "code": "NEARLINE"
          },
          {
            "extension": [
              {
                "url": "http://hl7.org/fhir/StructureDefinition/valueset-definition",
                "valueString": "Resources cannot be retrieved."
              }
            ],
            "code": "UNAVAILABLE"
          }
        ]
      }
    ]
  }
}