{
  "resourceType": "ValueSet",
  "id": "payeetype",
  "meta": {
    "lastUpdated": "2019-10-24T11:53:00+11:00",
    "profile": [
      "http://hl7.org/fhir/StructureDefinition/shareablevalueset"
    ]
  },
  "text": {
    "status": "generated",
    "div": "<div xmlns=\"http://www.w3.org/1999/xhtml\"><h2>Claim Payee Type Codes</h2><div><p>This value set includes sample Payee Type codes.</p>\n</div><p><b>Copyright Statement:</b> This is an example set.</p><p>This value set includes codes from the following code systems:</p><ul><li>Include all codes defined in <a href=\"codesystem-payeetype.html\"><code>http://hl7.org/fhir/payeetype</code></a></li></ul></div>"
  },
  "extension": [
    {
      "url": "http://hl7.org/fhir/StructureDefinition/structuredefinition-ballot-status",
      "valueString": "Informative"
    },
    {
      "url": "http://hl7.org/fhir/StructureDefinition/structuredefinition-fmm",
      "valueInteger": 1
    },
    {
      "url": "http://hl7.org/fhir/StructureDefinition/structuredefinition-wg",
      "valueCode": "fm"
    }
  ],
  "url": "http://hl7.org/fhir/ValueSet/payeetype",
  "identifier": [
    {
      "system": "urn:ietf:rfc:3986",
      "value": "urn:oid:2.16.840.1.113883.4.642.3.30"
    }
  ],
  "version": "3.0.2",
  "name": "Claim Payee Type Codes",
  "status": "draft",
  "experimental": true,
  "date": "2019-10-24T11:53:00+11:00",
  "publisher": "Financial Management",
  "contact": [
    {
      "telecom": [
        {
          "system": "url",
          "value": "http://hl7.org/fhir"
        }
      ]
    }
  ],
  "description": "This value set includes sample Payee Type codes.",
  "immutable": true,
  "copyright": "This is an example set.",
  "compose": {
    "include": [
      {
        "system": "http://hl7.org/fhir/payeetype"
      }
    ]
  }
}