{
  "resourceType": "ValueSet",
  "id": "ucum-vitals-common",
  "meta": {
    "lastUpdated": "2019-10-24T11:53:00+11:00",
    "profile": [
      "http://hl7.org/fhir/StructureDefinition/shareablevalueset"
    ]
  },
  "text": {
    "status": "generated",
    "div": "<div xmlns=\"http://www.w3.org/1999/xhtml\"><h2>Vital Signs Units</h2><div><p>Common UCUM units for recording Vital Signs</p>\n</div><p><b>Copyright Statement:</b> UCUM is Copyright © 1999-2013 Regenstrief Institute, Inc. and The UCUM Organization, Indianapolis, IN. All rights reserved. See http://unitsofmeasure.org/trac//wiki/TermsOfUse for details</p><p>This value set includes codes from the following code systems:</p><ul><li>Include these codes as defined in <a href=\"http://unitsofmeasure.org\"><code>http://unitsofmeasure.org</code></a><table class=\"none\"><tr><td><b>Code</b></td><td><b>Display</b></td></tr><tr><td>%</td><td>percent</td><td/></tr><tr><td>cm</td><td>centimeter</td><td/></tr><tr><td>[in_i]</td><td>inch (international)</td><td/></tr><tr><td>kg</td><td>kilogram</td><td/></tr><tr><td>g</td><td>gram</td><td/></tr><tr><td>[lb_av]</td><td>pound (US and British)</td><td/></tr><tr><td>Cel</td><td>degree Celsius</td><td/></tr><tr><td>[degF]</td><td>degree Fahrenheit</td><td/></tr><tr><td>mm[Hg]</td><td>millimeter of mercury</td><td/></tr><tr><td>/min</td><td>per minute</td><td/></tr><tr><td>kg/m2</td><td>kilogram / (meter ^ 2)</td><td/></tr><tr><td>m2</td><td>square meter</td><td/></tr></table></li></ul></div>"
  },
  "extension": [
    {
      "url": "http://hl7.org/fhir/StructureDefinition/structuredefinition-ballot-status",
      "valueString": "Informative"
    },
    {
      "url": "http://hl7.org/fhir/StructureDefinition/structuredefinition-fmm",
      "valueInteger": 0
    }
  ],
  "url": "http://hl7.org/fhir/ValueSet/ucum-vitals-common",
  "identifier": [
    {
      "system": "urn:ietf:rfc:3986",
      "value": "urn:oid:2.16.840.1.113883.4.642.3.870"
    }
  ],
  "version": "3.0.2",
  "name": "Vital Signs Units",
  "status": "draft",
  "experimental": true,
  "date": "2019-10-24T11:53:00+11:00",
  "publisher": "FHIR Project",
  "contact": [
    {
      "telecom": [
        {
          "system": "url",
          "value": "http://hl7.org/fhir"
        },
        {
          "system": "email",
          "value": "fhir@lists.hl7.org"
        }
      ]
    }
  ],
  "description": "Common UCUM units for recording Vital Signs",
  "copyright": "UCUM is Copyright © 1999-2013 Regenstrief Institute, Inc. and The UCUM Organization, Indianapolis, IN. All rights reserved. See http://unitsofmeasure.org/trac//wiki/TermsOfUse for details",
  "extensible": true,
  "compose": {
    "include": [
      {
        "system": "http://unitsofmeasure.org",
        "concept": [
          {
            "code": "%",
            "display": "percent"
          },
          {
            "code": "cm",
            "display": "centimeter"
          },
          {
            "code": "[in_i]",
            "display": "inch (international)"
          },
          {
            "code": "kg",
            "display": "kilogram"
          },
          {
            "code": "g",
            "display": "gram"
          },
          {
            "code": "[lb_av]",
            "display": "pound (US and British)"
          },
          {
            "code": "Cel",
            "display": "degree Celsius"
          },
          {
            "code": "[degF]",
            "display": "degree Fahrenheit"
          },
          {
            "code": "mm[Hg]",
            "display": "millimeter of mercury"
          },
          {
            "code": "/min",
            "display": "per minute"
          },
          {
            "code": "kg/m2",
            "display": "kilogram / (meter ^ 2)"
          },
          {
            "code": "m2",
            "display": "square meter"
          }
        ]
      }
    ]
  }
}