{
  "resourceType": "ValueSet",
  "id": "languages",
  "meta": {
    "lastUpdated": "2017-04-18T21:44:43.294+00:00",
    "profile": [
      "http://hl7.org/fhir/StructureDefinition/shareablevalueset"
    ]
  },
  "text": {
    "status": "generated",
    "div": "<div xmlns=\"http://www.w3.org/1999/xhtml\"><h2>Common Languages</h2><div><p>This value set includes common codes from BCP-47 (http://tools.ietf.org/html/bcp47)</p>\n</div><p>This value set includes codes from the following code systems:</p><ul><li>Include these codes as defined in <code>urn:ietf:bcp:47</code><table class=\"none\"><tr><td><b>Code</b></td><td><b>Display</b></td></tr><tr><td>ar</td><td>Arabic</td><td/></tr><tr><td>bn</td><td>Bengali</td><td/></tr><tr><td>cs</td><td>Czech</td><td/></tr><tr><td>da</td><td>Danish</td><td/></tr><tr><td>de</td><td>German</td><td/></tr><tr><td>de-AT</td><td>German (Austria)</td><td/></tr><tr><td>de-CH</td><td>German (Switzerland)</td><td/></tr><tr><td>de-DE</td><td>German (Germany)</td><td/></tr><tr><td>el</td><td>Greek</td><td/></tr><tr><td>en</td><td>English</td><td/></tr><tr><td>en-AU</td><td>English (Australia)</td><td/></tr><tr><td>en-CA</td><td>English (Canada)</td><td/></tr><tr><td>en-GB</td><td>English (Great Britain)</td><td/></tr><tr><td>en-IN</td><td>English (India)</td><td/></tr><tr><td>en-NZ</td><td>English (New Zeland)</td><td/></tr><tr><td>en-SG</td><td>English (Singapore)</td><td/></tr><tr><td>en-US</td><td>English (United States)</td><td/></tr><tr><td>es</td><td>Spanish</td><td/></tr><tr><td>es-AR</td><td>Spanish (Argentina)</td><td/></tr><tr><td>es-ES</td><td>Spanish (Spain)</td><td/></tr><tr><td>es-UY</td><td>Spanish (Uruguay)</td><td/></tr><tr><td>fi</td><td>Finnish</td><td/></tr><tr><td>fr</td><td>French</td><td/></tr><tr><td>fr-BE</td><td>French (Belgium)</td><td/></tr><tr><td>fr-CH</td><td>French (Switzerland)</td><td/></tr><tr><td>fr-FR</td><td>French (France)</td><td/></tr><tr><td>fy</td><td>Frysian</td><td/></tr><tr><td>fy-NL</td><td>Frysian (Netherlands)</td><td/></tr><tr><td>hi</td><td>Hindi</td><td/></tr><tr><td>hr</td><td>Croatian</td><td/></tr><tr><td>it</td><td>Italian</td><td/></tr><tr><td>it-CH</td><td>Italian (Switzerland)</td><td/></tr><tr><td>it-IT</td><td>Italian (Italy)</td><td/></tr><tr><td>ja</td><td>Japanese</td><td/></tr><tr><td>ko</td><td>Korean</td><td/></tr><tr><td>nl</td><td>Dutch</td><td/></tr><tr><td>nl-BE</td><td>Dutch (Belgium)</td><td/></tr><tr><td>nl-NL</td><td>Dutch (Netherlands)</td><td/></tr><tr><td>no</td><td>Norwegian</td><td/></tr><tr><td>no-NO</td><td>Norwegian (Norway)</td><td/></tr><tr><td>pa</td><td>Punjabi</td><td/></tr><tr><td>pt</td><td>Portuguese</td><td/></tr><tr><td>pt-BR</td><td>Portuguese (Brazil)</td><td/></tr><tr><td>ru</td><td>Russian</td><td/></tr><tr><td>ru-RU</td><td>Russian (Russia)</td><td/></tr><tr><td>sr</td><td>Serbian</td><td/></tr><tr><td>sr-SP</td><td>Serbian (Serbia)</td><td/></tr><tr><td>sv</td><td>Swedish</td><td/></tr><tr><td>sv-SE</td><td>Swedish (Sweden)</td><td/></tr><tr><td>te</td><td>Telegu</td><td/></tr><tr><td>zh</td><td>Chinese</td><td/></tr><tr><td>zh-CN</td><td>Chinese (China)</td><td/></tr><tr><td>zh-HK</td><td>Chinese (Hong Kong)</td><td/></tr><tr><td>zh-SG</td><td>Chinese (Singapore)</td><td/></tr><tr><td>zh-TW</td><td>Chinese (Taiwan)</td><td/></tr></table></li></ul><p><b>Additional Language Displays</b></p><table class=\"codes\"><tr><td><b>Code</b></td><td><b>Dansk (Danish, da)</b></td><td><b>Deutsch (German, de)</b></td><td><b>English (English, en)</b></td><td><b>Nederlands (Dutch, nl)</b></td><td><b>Русский (Russian, ru)</b></td><td><b>中文 (Chinese, zh)</b></td></tr><tr><td>ar</td><td>Arabisk</td><td/><td>Arabic</td><td>Arabisch</td><td/><td/></tr><tr><td>bn</td><td>Bengalsk</td><td>Bengalisch</td><td>Bengali</td><td>Bengaals</td><td>Бенгальский</td><td>孟加拉语</td></tr><tr><td>cs</td><td>Tjekkisk</td><td>Tschechisch</td><td>Czech</td><td>Tsjechisch</td><td>Чешский</td><td>捷克语</td></tr><tr><td>da</td><td>Dansk</td><td>Dänisch</td><td>Danish</td><td>Deens</td><td>Датский</td><td>丹麦语</td></tr><tr><td>de</td><td>Tysk</td><td>Deutsch</td><td>German</td><td>Duits</td><td>Немецкий</td><td>德语</td></tr><tr><td>de-AT</td><td>Tysk (Østrig</td><td>Deutsch (Österreich)</td><td>German (Austria)</td><td>Duits (Oostenrijk)</td><td>Немецкий (Австрия)</td><td>德语 （奥地利）</td></tr><tr><td>de-CH</td><td>Tysk (Schweiz)</td><td>Deutsch (Schweiz)</td><td>German (Switzerland)</td><td>Duits (Zwitserland)</td><td>Немецкий (Швейцария)</td><td>德语 （瑞士）</td></tr><tr><td>de-DE</td><td>Tysk (Tyskland)</td><td>Deutsch (Deutschland)</td><td>German (Germany)</td><td>Duits (Duitsland)</td><td>Немецкий (Германия)</td><td>德语 （德国）</td></tr><tr><td>el</td><td>Græsk</td><td>Griechisch</td><td>Greek</td><td>Grieks</td><td>Греческий</td><td>希腊语</td></tr><tr><td>en</td><td>Engelsk</td><td>Englisch</td><td>English</td><td>Engels</td><td>Английский</td><td>英语</td></tr><tr><td>en-AU</td><td>Engelsk (Australien)</td><td>Englisch (Australien)</td><td>English (Australia)</td><td>Engels (Australië)</td><td>Английский (Австралия)</td><td>英语 （澳大利亚）</td></tr><tr><td>en-CA</td><td>Engelsk (Canada)</td><td>Englisch (Kanada)</td><td>English (Canada)</td><td>Engels (Canada)</td><td>Английский (Канада)</td><td>英语 （加拿大）</td></tr><tr><td>en-GB</td><td>Engelsk (Storbritannien)</td><td>Englisch (Großbritannien)</td><td>English (Great Britain)</td><td>Engels (Groot Brittannië)</td><td>Английский (Великобритания)</td><td>英语 （英国）</td></tr><tr><td>en-IN</td><td>Engelsk (Indien)</td><td>Englisch (Indien)</td><td>English (India)</td><td>Engels (India)</td><td>Английский (Индия)</td><td>英语 （印度）</td></tr><tr><td>en-NZ</td><td>Engelsk (New Zeeland)</td><td>Englisch (Neuseeland)</td><td>English (New Zeland)</td><td>Engels (Nieuw Zeeland)</td><td>Английский (Новая Зеландия)</td><td>英语 （新西兰）</td></tr><tr><td>en-SG</td><td>Engelsk (Singapore)</td><td>Englisch (Singapur)</td><td>English (Singapore)</td><td>Engels (Singapore)</td><td>Английский (Сингапур)</td><td>英语 （新加坡）</td></tr><tr><td>en-US</td><td>Engelsk (Amerikansk)</td><td>Englisch (USA)</td><td>English (United States)</td><td>Engels (Verenigde Staten)</td><td>Английский (США)</td><td>英语 （美国）</td></tr><tr><td>es</td><td>Spansk</td><td>Spanisch</td><td>Spanish</td><td>Spaans</td><td>Испанский</td><td>西班牙语</td></tr><tr><td>es-AR</td><td>Spansk (Argentina)</td><td>Spanisch (Argentinien)</td><td>Spanish (Argentina)</td><td>Spaans (Argentinië)</td><td>Испанский (Аргентина)</td><td>西班牙语 （阿根廷）</td></tr><tr><td>es-ES</td><td>Spansk (Spanien)</td><td>Spanisch (Spanien)</td><td>Spanish (Spain)</td><td>Spaans (Spanje)</td><td>Испанский (Испания)</td><td>西班牙语 （西班牙）</td></tr><tr><td>es-UY</td><td>Spansk (Uruguay)</td><td>Spanisch (Uruguay)</td><td>Spanish (Uruguay)</td><td>Spaans (Uruguay)</td><td>Испанский (Уругвай)</td><td>西班牙语 （乌拉圭）</td></tr><tr><td>fi</td><td>Finsk</td><td>Finnisch</td><td>Finnish</td><td>Fins</td><td>Финский</td><td>芬兰语</td></tr><tr><td>fr</td><td>Fransk</td><td>Französisch</td><td>French</td><td>Frans</td><td>Французский</td><td>法语</td></tr><tr><td>fr-BE</td><td>Finsk (Belgien)</td><td>Französisch (Belgien)</td><td>French (Belgium)</td><td>Frans (België)</td><td/><td/></tr><tr><td>fr-CH</td><td>Fransk (Schweiz)</td><td>Französisch (Schweiz)</td><td>French (Switzerland)</td><td>Frans (Zwitserland)</td><td>Французский (Швейцария)</td><td>法语 （比利时）</td></tr><tr><td>fr-FR</td><td>Fransk (Frankrig)</td><td>Französisch (Frankreich)</td><td>French (France)</td><td>Frans (Frankrijk)</td><td>Французский (Франция)</td><td>法语 （瑞士）</td></tr><tr><td>fy</td><td>Frisisk</td><td>Friesisch</td><td>Frysian</td><td>Fries</td><td/><td>弗里士兰语</td></tr><tr><td>fy-NL</td><td>Frisisk (Holland)</td><td>Friesisch (Niederlande)</td><td>Frysian (Netherlands)</td><td>Fries (Nederland)</td><td/><td>弗里士兰语（荷兰）</td></tr><tr><td>hi</td><td>Hindi</td><td/><td>Hindi</td><td>Hindi</td><td/><td/></tr><tr><td>hr</td><td>Kroatisk</td><td>Kroatisch</td><td>Croatian</td><td>Kroatisch</td><td>Хорватский</td><td>克罗地亚语</td></tr><tr><td>it</td><td>Italiensk</td><td>Italienisch</td><td>Italian</td><td>Italiaans</td><td>Итальянский</td><td>意大利语</td></tr><tr><td>it-CH</td><td>Italiensk (Schweiz)</td><td>Italienisch (Schweiz)</td><td>Italian (Switzerland)</td><td>Italiaans (Zwitserland)</td><td>Итальянский (Швейцария)</td><td>意大利语 （瑞士）</td></tr><tr><td>it-IT</td><td>Italiensk (Italien)</td><td>Italienisch (Italien)</td><td>Italian (Italy)</td><td>Italiaans (Italië)</td><td>Итальянский (Италия)</td><td>意大利语 （意大利）</td></tr><tr><td>ja</td><td>Japansk</td><td>Japanisch</td><td>Japanese</td><td>Japans</td><td>Японский</td><td>日语</td></tr><tr><td>ko</td><td>Koreansk</td><td>Koreanisch</td><td>Korean</td><td>Koreaans</td><td>Корейский</td><td>朝鲜语</td></tr><tr><td>nl</td><td>Hollandsk</td><td>Niederländisch</td><td>Dutch</td><td>Nederlands</td><td>Нидерландский</td><td>荷兰语</td></tr><tr><td>nl-BE</td><td>Hollandsk (Belgien)</td><td>Niederländisch (Belgien)</td><td>Dutch (Belgium)</td><td>Nederlands (België)</td><td/><td>荷兰语 （比利时）</td></tr><tr><td>nl-NL</td><td>Hollandsk (Holland)</td><td>Niederländisch (Niederlande)</td><td>Dutch (Netherlands)</td><td>Nederlands (Nederland)</td><td>Нидерландский (Нидерланды)</td><td>荷兰语 （荷兰）</td></tr><tr><td>no</td><td>Norsk</td><td>Norwegisch</td><td>Norwegian</td><td>Noors</td><td>Норвежский</td><td>挪威语</td></tr><tr><td>no-NO</td><td>Norsk (Norge)</td><td>Norwegisch (Norwegen)</td><td>Norwegian (Norway)</td><td>Noors (Noorwegen)</td><td>Норвежский (Норвегия)</td><td>挪威语 （挪威）</td></tr><tr><td>pa</td><td>Punjabi</td><td/><td>Punjabi</td><td>Punjabi</td><td/><td/></tr><tr><td>pt</td><td>Portugisisk</td><td>Portugiesisch</td><td>Portuguese</td><td>Portugees</td><td>Португальский</td><td>葡萄牙语</td></tr><tr><td>pt-BR</td><td>Portugisisk (Brasilien)</td><td>Portugiesisch (Brasilien)</td><td>Portuguese (Brazil)</td><td>Portugees (Brazilië)</td><td>Португальский (Бразилия)</td><td>葡萄牙语 （巴西）</td></tr><tr><td>ru</td><td>Russisk</td><td>Russisch</td><td>Russian</td><td>Russisch</td><td>Русский</td><td>俄语</td></tr><tr><td>ru-RU</td><td>Russisk (Rusland)</td><td>Russisch (Russland)</td><td>Russian (Russia)</td><td>Russisch (Rusland)</td><td>Русский (Россия)</td><td>俄语 （俄罗斯）</td></tr><tr><td>sr</td><td>Serbisk</td><td>Serbisch</td><td>Serbian</td><td>Servisch</td><td>Сербский</td><td>塞尔维亚语</td></tr><tr><td>sr-SP</td><td>Serbisk (Serbien)</td><td>Serbisch (Serbien)</td><td>Serbian (Serbia)</td><td>Servisch (Servië)</td><td>Сербский (Сербия)</td><td>塞尔维亚语 （塞尔维亚）</td></tr><tr><td>sv</td><td>Svensk</td><td>Schwedisch</td><td>Swedish</td><td>Zweeds</td><td>Шведский</td><td>瑞典语</td></tr><tr><td>sv-SE</td><td>Svensk (Sverige)</td><td>Schwedisch (Schweden)</td><td>Swedish (Sweden)</td><td>Zweeds (Zweden)</td><td>Шведский (Швеция)</td><td>瑞典语 （瑞典）</td></tr><tr><td>te</td><td>Telugu</td><td>Telugu</td><td>Telegu</td><td>Teloegoe</td><td>Телугу</td><td>泰卢固语</td></tr><tr><td>zh</td><td>Kinesisk</td><td>Chinesisch</td><td>Chinese</td><td>Chinees</td><td>Kитайский</td><td>中文</td></tr><tr><td>zh-CN</td><td>Kinesisk (Kina)</td><td>Chinesisch (China)</td><td>Chinese (China)</td><td>Chinees (China)</td><td>Kитайский (Китай)</td><td>中文 （中国）</td></tr><tr><td>zh-HK</td><td>Kinesisk (Hong Kong)</td><td>Chinesisch (Hong Kong)</td><td>Chinese (Hong Kong)</td><td>Chinees (Hong Kong)</td><td>Kитайский (Гонконг)</td><td>中文 （香港特别行政区）</td></tr><tr><td>zh-SG</td><td>Kinesisk (Singapore)</td><td>Chinesisch (Singapur)</td><td>Chinese (Singapore)</td><td>Chinees (Singapore)</td><td>Kитайский (Сингапур)</td><td>中文 （新加坡）</td></tr><tr><td>zh-TW</td><td>Kinesisk (Taiwan)</td><td>Chinesisch (Taiwan)</td><td>Chinese (Taiwan)</td><td>Chinees (Taiwan)</td><td>Kитайский (Тайвань)</td><td>中文 （台湾）</td></tr></table></div>"
  },
  "extension": [
    {
      "url": "http://hl7.org/fhir/StructureDefinition/structuredefinition-ballot-status",
      "valueString": "Informative"
    },
    {
      "url": "http://hl7.org/fhir/StructureDefinition/structuredefinition-fmm",
      "valueInteger": 5
    },
    {
      "url": "http://hl7.org/fhir/StructureDefinition/structuredefinition-wg",
      "valueCode": "fm"
    }
  ],
  "url": "http://hl7.org/fhir/ValueSet/languages",
  "identifier": [
    {
      "system": "urn:ietf:rfc:3986",
      "value": "urn:oid:2.16.840.1.113883.4.642.3.891"
    }
  ],
  "version": "3.0.2",
  "name": "Common Languages",
  "status": "draft",
  "experimental": true,
  "date": "2016-08-22T09:53:05+00:00",
  "publisher": "HL7 International - FHIR-Infrastructure",
  "contact": [
    {
      "telecom": [
        {
          "system": "url",
          "value": "http://hl7.org/fhir"
        }
      ]
    }
  ],
  "description": "This value set includes common codes from BCP-47 (http://tools.ietf.org/html/bcp47)",
  "compose": {
    "include": [
      {
        "system": "urn:ietf:bcp:47",
        "concept": [
          {
            "code": "ar",
            "display": "Arabic",
            "designation": [
              {
                "language": "da",
                "value": "Arabisk"
              },
              {
                "language": "en",
                "value": "Arabic"
              },
              {
                "language": "nl",
                "value": "Arabisch"
              }
            ]
          },
          {
            "code": "bn",
            "display": "Bengali",
            "designation": [
              {
                "language": "en",
                "value": "Bengali"
              },
              {
                "language": "nl",
                "value": "Bengaals"
              },
              {
                "language": "ru",
                "value": "Бенгальский"
              },
              {
                "language": "zh",
                "value": "孟加拉语"
              },
              {
                "language": "de",
                "value": "Bengalisch"
              },
              {
                "language": "da",
                "value": "Bengalsk"
              }
            ]
          },
          {
            "code": "cs",
            "display": "Czech",
            "designation": [
              {
                "language": "en",
                "value": "Czech"
              },
              {
                "language": "nl",
                "value": "Tsjechisch"
              },
              {
                "language": "ru",
                "value": "Чешский"
              },
              {
                "language": "zh",
                "value": "捷克语"
              },
              {
                "language": "de",
                "value": "Tschechisch"
              },
              {
                "language": "da",
                "value": "Tjekkisk"
              }
            ]
          },
          {
            "code": "da",
            "display": "Danish",
            "designation": [
              {
                "language": "en",
                "value": "Danish"
              },
              {
                "language": "nl",
                "value": "Deens"
              },
              {
                "language": "ru",
                "value": "Датский"
              },
              {
                "language": "zh",
                "value": "丹麦语"
              },
              {
                "language": "de",
                "value": "Dänisch"
              },
              {
                "language": "da",
                "value": "Dansk"
              }
            ]
          },
          {
            "code": "de",
            "display": "German",
            "designation": [
              {
                "language": "en",
                "value": "German"
              },
              {
                "language": "nl",
                "value": "Duits"
              },
              {
                "language": "ru",
                "value": "Немецкий"
              },
              {
                "language": "zh",
                "value": "德语"
              },
              {
                "language": "de",
                "value": "Deutsch"
              },
              {
                "language": "da",
                "value": "Tysk"
              }
            ]
          },
          {
            "code": "de-AT",
            "display": "German (Austria)",
            "designation": [
              {
                "language": "en",
                "value": "German (Austria)"
              },
              {
                "language": "nl",
                "value": "Duits (Oostenrijk)"
              },
              {
                "language": "ru",
                "value": "Немецкий (Австрия)"
              },
              {
                "language": "zh",
                "value": "德语 （奥地利）"
              },
              {
                "language": "de",
                "value": "Deutsch (Österreich)"
              },
              {
                "language": "da",
                "value": "Tysk (Østrig"
              }
            ]
          },
          {
            "code": "de-CH",
            "display": "German (Switzerland)",
            "designation": [
              {
                "language": "en",
                "value": "German (Switzerland)"
              },
              {
                "language": "nl",
                "value": "Duits (Zwitserland)"
              },
              {
                "language": "ru",
                "value": "Немецкий (Швейцария)"
              },
              {
                "language": "zh",
                "value": "德语 （瑞士）"
              },
              {
                "language": "de",
                "value": "Deutsch (Schweiz)"
              },
              {
                "language": "da",
                "value": "Tysk (Schweiz)"
              }
            ]
          },
          {
            "code": "de-DE",
            "display": "German (Germany)",
            "designation": [
              {
                "language": "en",
                "value": "German (Germany)"
              },
              {
                "language": "nl",
                "value": "Duits (Duitsland)"
              },
              {
                "language": "ru",
                "value": "Немецкий (Германия)"
              },
              {
                "language": "zh",
                "value": "德语 （德国）"
              },
              {
                "language": "de",
                "value": "Deutsch (Deutschland)"
              },
              {
                "language": "da",
                "value": "Tysk (Tyskland)"
              }
            ]
          },
          {
            "code": "el",
            "display": "Greek",
            "designation": [
              {
                "language": "en",
                "value": "Greek"
              },
              {
                "language": "nl",
                "value": "Grieks"
              },
              {
                "language": "ru",
                "value": "Греческий"
              },
              {
                "language": "zh",
                "value": "希腊语"
              },
              {
                "language": "de",
                "value": "Griechisch"
              },
              {
                "language": "da",
                "value": "Græsk"
              }
            ]
          },
          {
            "code": "en",
            "display": "English",
            "designation": [
              {
                "language": "en",
                "value": "English"
              },
              {
                "language": "nl",
                "value": "Engels"
              },
              {
                "language": "ru",
                "value": "Английский"
              },
              {
                "language": "zh",
                "value": "英语"
              },
              {
                "language": "de",
                "value": "Englisch"
              },
              {
                "language": "da",
                "value": "Engelsk"
              }
            ]
          },
          {
            "code": "en-AU",
            "display": "English (Australia)",
            "designation": [
              {
                "language": "en",
                "value": "English (Australia)"
              },
              {
                "language": "nl",
                "value": "Engels (Australië)"
              },
              {
                "language": "ru",
                "value": "Английский (Австралия)"
              },
              {
                "language": "zh",
                "value": "英语 （澳大利亚）"
              },
              {
                "language": "de",
                "value": "Englisch (Australien)"
              },
              {
                "language": "da",
                "value": "Engelsk (Australien)"
              }
            ]
          },
          {
            "code": "en-CA",
            "display": "English (Canada)",
            "designation": [
              {
                "language": "en",
                "value": "English (Canada)"
              },
              {
                "language": "nl",
                "value": "Engels (Canada)"
              },
              {
                "language": "ru",
                "value": "Английский (Канада)"
              },
              {
                "language": "zh",
                "value": "英语 （加拿大）"
              },
              {
                "language": "de",
                "value": "Englisch (Kanada)"
              },
              {
                "language": "da",
                "value": "Engelsk (Canada)"
              }
            ]
          },
          {
            "code": "en-GB",
            "display": "English (Great Britain)",
            "designation": [
              {
                "language": "en",
                "value": "English (Great Britain)"
              },
              {
                "language": "nl",
                "value": "Engels (Groot Brittannië)"
              },
              {
                "language": "ru",
                "value": "Английский (Великобритания)"
              },
              {
                "language": "zh",
                "value": "英语 （英国）"
              },
              {
                "language": "de",
                "value": "Englisch (Großbritannien)"
              },
              {
                "language": "da",
                "value": "Engelsk (Storbritannien)"
              }
            ]
          },
          {
            "code": "en-IN",
            "display": "English (India)",
            "designation": [
              {
                "language": "en",
                "value": "English (India)"
              },
              {
                "language": "nl",
                "value": "Engels (India)"
              },
              {
                "language": "ru",
                "value": "Английский (Индия)"
              },
              {
                "language": "zh",
                "value": "英语 （印度）"
              },
              {
                "language": "de",
                "value": "Englisch (Indien)"
              },
              {
                "language": "da",
                "value": "Engelsk (Indien)"
              }
            ]
          },
          {
            "code": "en-NZ",
            "display": "English (New Zeland)",
            "designation": [
              {
                "language": "en",
                "value": "English (New Zeland)"
              },
              {
                "language": "nl",
                "value": "Engels (Nieuw Zeeland)"
              },
              {
                "language": "ru",
                "value": "Английский (Новая Зеландия)"
              },
              {
                "language": "zh",
                "value": "英语 （新西兰）"
              },
              {
                "language": "de",
                "value": "Englisch (Neuseeland)"
              },
              {
                "language": "da",
                "value": "Engelsk (New Zeeland)"
              }
            ]
          },
          {
            "code": "en-SG",
            "display": "English (Singapore)",
            "designation": [
              {
                "language": "en",
                "value": "English (Singapore)"
              },
              {
                "language": "nl",
                "value": "Engels (Singapore)"
              },
              {
                "language": "ru",
                "value": "Английский (Сингапур)"
              },
              {
                "language": "zh",
                "value": "英语 （新加坡）"
              },
              {
                "language": "de",
                "value": "Englisch (Singapur)"
              },
              {
                "language": "da",
                "value": "Engelsk (Singapore)"
              }
            ]
          },
          {
            "code": "en-US",
            "display": "English (United States)",
            "designation": [
              {
                "language": "en",
                "value": "English (United States)"
              },
              {
                "language": "nl",
                "value": "Engels (Verenigde Staten)"
              },
              {
                "language": "ru",
                "value": "Английский (США)"
              },
              {
                "language": "zh",
                "value": "英语 （美国）"
              },
              {
                "language": "de",
                "value": "Englisch (USA)"
              },
              {
                "language": "da",
                "value": "Engelsk (Amerikansk)"
              }
            ]
          },
          {
            "code": "es",
            "display": "Spanish",
            "designation": [
              {
                "language": "en",
                "value": "Spanish"
              },
              {
                "language": "nl",
                "value": "Spaans"
              },
              {
                "language": "ru",
                "value": "Испанский"
              },
              {
                "language": "zh",
                "value": "西班牙语"
              },
              {
                "language": "de",
                "value": "Spanisch"
              },
              {
                "language": "da",
                "value": "Spansk"
              }
            ]
          },
          {
            "code": "es-AR",
            "display": "Spanish (Argentina)",
            "designation": [
              {
                "language": "en",
                "value": "Spanish (Argentina)"
              },
              {
                "language": "nl",
                "value": "Spaans (Argentinië)"
              },
              {
                "language": "ru",
                "value": "Испанский (Аргентина)"
              },
              {
                "language": "zh",
                "value": "西班牙语 （阿根廷）"
              },
              {
                "language": "de",
                "value": "Spanisch (Argentinien)"
              },
              {
                "language": "da",
                "value": "Spansk (Argentina)"
              }
            ]
          },
          {
            "code": "es-ES",
            "display": "Spanish (Spain)",
            "designation": [
              {
                "language": "en",
                "value": "Spanish (Spain)"
              },
              {
                "language": "nl",
                "value": "Spaans (Spanje)"
              },
              {
                "language": "ru",
                "value": "Испанский (Испания)"
              },
              {
                "language": "zh",
                "value": "西班牙语 （西班牙）"
              },
              {
                "language": "de",
                "value": "Spanisch (Spanien)"
              },
              {
                "language": "da",
                "value": "Spansk (Spanien)"
              }
            ]
          },
          {
            "code": "es-UY",
            "display": "Spanish (Uruguay)",
            "designation": [
              {
                "language": "en",
                "value": "Spanish (Uruguay)"
              },
              {
                "language": "nl",
                "value": "Spaans (Uruguay)"
              },
              {
                "language": "ru",
                "value": "Испанский (Уругвай)"
              },
              {
                "language": "zh",
                "value": "西班牙语 （乌拉圭）"
              },
              {
                "language": "de",
                "value": "Spanisch (Uruguay)"
              },
              {
                "language": "da",
                "value": "Spansk (Uruguay)"
              }
            ]
          },
          {
            "code": "fi",
            "display": "Finnish",
            "designation": [
              {
                "language": "en",
                "value": "Finnish"
              },
              {
                "language": "nl",
                "value": "Fins"
              },
              {
                "language": "ru",
                "value": "Финский"
              },
              {
                "language": "zh",
                "value": "芬兰语"
              },
              {
                "language": "de",
                "value": "Finnisch"
              },
              {
                "language": "da",
                "value": "Finsk"
              }
            ]
          },
          {
            "code": "fr",
            "display": "French",
            "designation": [
              {
                "language": "en",
                "value": "French"
              },
              {
                "language": "nl",
                "value": "Frans"
              },
              {
                "language": "ru",
                "value": "Французский"
              },
              {
                "language": "zh",
                "value": "法语"
              },
              {
                "language": "de",
                "value": "Französisch"
              },
              {
                "language": "da",
                "value": "Fransk"
              }
            ]
          },
          {
            "code": "fr-BE",
            "display": "French (Belgium)",
            "designation": [
              {
                "language": "en",
                "value": "French (Belgium)"
              },
              {
                "language": "nl",
                "value": "Frans (België)"
              },
              {
                "language": "de",
                "value": "Französisch (Belgien)"
              },
              {
                "language": "da",
                "value": "Finsk (Belgien)"
              }
            ]
          },
          {
            "code": "fr-CH",
            "display": "French (Switzerland)",
            "designation": [
              {
                "language": "en",
                "value": "French (Switzerland)"
              },
              {
                "language": "nl",
                "value": "Frans (Zwitserland)"
              },
              {
                "language": "ru",
                "value": "Французский (Швейцария)"
              },
              {
                "language": "zh",
                "value": "法语 （比利时）"
              },
              {
                "language": "de",
                "value": "Französisch (Schweiz)"
              },
              {
                "language": "da",
                "value": "Fransk (Schweiz)"
              }
            ]
          },
          {
            "code": "fr-FR",
            "display": "French (France)",
            "designation": [
              {
                "language": "en",
                "value": "French (France)"
              },
              {
                "language": "nl",
                "value": "Frans (Frankrijk)"
              },
              {
                "language": "ru",
                "value": "Французский (Франция)"
              },
              {
                "language": "zh",
                "value": "法语 （瑞士）"
              },
              {
                "language": "de",
                "value": "Französisch (Frankreich)"
              },
              {
                "language": "da",
                "value": "Fransk (Frankrig)"
              }
            ]
          },
          {
            "code": "fy",
            "display": "Frysian",
            "designation": [
              {
                "language": "en",
                "value": "Frysian"
              },
              {
                "language": "nl",
                "value": "Fries"
              },
              {
                "language": "zh",
                "value": "弗里士兰语"
              },
              {
                "language": "de",
                "value": "Friesisch"
              },
              {
                "language": "da",
                "value": "Frisisk"
              }
            ]
          },
          {
            "code": "fy-NL",
            "display": "Frysian (Netherlands)",
            "designation": [
              {
                "language": "en",
                "value": "Frysian (Netherlands)"
              },
              {
                "language": "nl",
                "value": "Fries (Nederland)"
              },
              {
                "language": "zh",
                "value": "弗里士兰语（荷兰）"
              },
              {
                "language": "de",
                "value": "Friesisch (Niederlande)"
              },
              {
                "language": "da",
                "value": "Frisisk (Holland)"
              }
            ]
          },
          {
            "code": "hi",
            "display": "Hindi",
            "designation": [
              {
                "language": "da",
                "value": "Hindi"
              },
              {
                "language": "en",
                "value": "Hindi"
              },
              {
                "language": "nl",
                "value": "Hindi"
              }
            ]
          },
          {
            "code": "hr",
            "display": "Croatian",
            "designation": [
              {
                "language": "en",
                "value": "Croatian"
              },
              {
                "language": "nl",
                "value": "Kroatisch"
              },
              {
                "language": "ru",
                "value": "Хорватский"
              },
              {
                "language": "zh",
                "value": "克罗地亚语"
              },
              {
                "language": "de",
                "value": "Kroatisch"
              },
              {
                "language": "da",
                "value": "Kroatisk"
              }
            ]
          },
          {
            "code": "it",
            "display": "Italian",
            "designation": [
              {
                "language": "en",
                "value": "Italian"
              },
              {
                "language": "nl",
                "value": "Italiaans"
              },
              {
                "language": "ru",
                "value": "Итальянский"
              },
              {
                "language": "zh",
                "value": "意大利语"
              },
              {
                "language": "de",
                "value": "Italienisch"
              },
              {
                "language": "da",
                "value": "Italiensk"
              }
            ]
          },
          {
            "code": "it-CH",
            "display": "Italian (Switzerland)",
            "designation": [
              {
                "language": "en",
                "value": "Italian (Switzerland)"
              },
              {
                "language": "nl",
                "value": "Italiaans (Zwitserland)"
              },
              {
                "language": "ru",
                "value": "Итальянский (Швейцария)"
              },
              {
                "language": "zh",
                "value": "意大利语 （瑞士）"
              },
              {
                "language": "de",
                "value": "Italienisch (Schweiz)"
              },
              {
                "language": "da",
                "value": "Italiensk (Schweiz)"
              }
            ]
          },
          {
            "code": "it-IT",
            "display": "Italian (Italy)",
            "designation": [
              {
                "language": "en",
                "value": "Italian (Italy)"
              },
              {
                "language": "nl",
                "value": "Italiaans (Italië)"
              },
              {
                "language": "ru",
                "value": "Итальянский (Италия)"
              },
              {
                "language": "zh",
                "value": "意大利语 （意大利）"
              },
              {
                "language": "de",
                "value": "Italienisch (Italien)"
              },
              {
                "language": "da",
                "value": "Italiensk (Italien)"
              }
            ]
          },
          {
            "code": "ja",
            "display": "Japanese",
            "designation": [
              {
                "language": "en",
                "value": "Japanese"
              },
              {
                "language": "nl",
                "value": "Japans"
              },
              {
                "language": "ru",
                "value": "Японский"
              },
              {
                "language": "zh",
                "value": "日语"
              },
              {
                "language": "de",
                "value": "Japanisch"
              },
              {
                "language": "da",
                "value": "Japansk"
              }
            ]
          },
          {
            "code": "ko",
            "display": "Korean",
            "designation": [
              {
                "language": "en",
                "value": "Korean"
              },
              {
                "language": "nl",
                "value": "Koreaans"
              },
              {
                "language": "ru",
                "value": "Корейский"
              },
              {
                "language": "zh",
                "value": "朝鲜语"
              },
              {
                "language": "de",
                "value": "Koreanisch"
              },
              {
                "language": "da",
                "value": "Koreansk"
              }
            ]
          },
          {
            "code": "nl",
            "display": "Dutch",
            "designation": [
              {
                "language": "en",
                "value": "Dutch"
              },
              {
                "language": "nl",
                "value": "Nederlands"
              },
              {
                "language": "ru",
                "value": "Нидерландский"
              },
              {
                "language": "zh",
                "value": "荷兰语"
              },
              {
                "language": "de",
                "value": "Niederländisch"
              },
              {
                "language": "da",
                "value": "Hollandsk"
              }
            ]
          },
          {
            "code": "nl-BE",
            "display": "Dutch (Belgium)",
            "designation": [
              {
                "language": "en",
                "value": "Dutch (Belgium)"
              },
              {
                "language": "nl",
                "value": "Nederlands (België)"
              },
              {
                "language": "zh",
                "value": "荷兰语 （比利时）"
              },
              {
                "language": "de",
                "value": "Niederländisch (Belgien)"
              },
              {
                "language": "da",
                "value": "Hollandsk (Belgien)"
              }
            ]
          },
          {
            "code": "nl-NL",
            "display": "Dutch (Netherlands)",
            "designation": [
              {
                "language": "en",
                "value": "Dutch (Netherlands)"
              },
              {
                "language": "nl",
                "value": "Nederlands (Nederland)"
              },
              {
                "language": "ru",
                "value": "Нидерландский (Нидерланды)"
              },
              {
                "language": "zh",
                "value": "荷兰语 （荷兰）"
              },
              {
                "language": "de",
                "value": "Niederländisch (Niederlande)"
              },
              {
                "language": "da",
                "value": "Hollandsk (Holland)"
              }
            ]
          },
          {
            "code": "no",
            "display": "Norwegian",
            "designation": [
              {
                "language": "en",
                "value": "Norwegian"
              },
              {
                "language": "nl",
                "value": "Noors"
              },
              {
                "language": "ru",
                "value": "Норвежский"
              },
              {
                "language": "zh",
                "value": "挪威语"
              },
              {
                "language": "de",
                "value": "Norwegisch"
              },
              {
                "language": "da",
                "value": "Norsk"
              }
            ]
          },
          {
            "code": "no-NO",
            "display": "Norwegian (Norway)",
            "designation": [
              {
                "language": "en",
                "value": "Norwegian (Norway)"
              },
              {
                "language": "nl",
                "value": "Noors (Noorwegen)"
              },
              {
                "language": "ru",
                "value": "Норвежский (Норвегия)"
              },
              {
                "language": "zh",
                "value": "挪威语 （挪威）"
              },
              {
                "language": "de",
                "value": "Norwegisch (Norwegen)"
              },
              {
                "language": "da",
                "value": "Norsk (Norge)"
              }
            ]
          },
          {
            "code": "pa",
            "display": "Punjabi",
            "designation": [
              {
                "language": "da",
                "value": "Punjabi"
              },
              {
                "language": "en",
                "value": "Punjabi"
              },
              {
                "language": "nl",
                "value": "Punjabi"
              }
            ]
          },
          {
            "code": "pt",
            "display": "Portuguese",
            "designation": [
              {
                "language": "en",
                "value": "Portuguese"
              },
              {
                "language": "nl",
                "value": "Portugees"
              },
              {
                "language": "ru",
                "value": "Португальский"
              },
              {
                "language": "zh",
                "value": "葡萄牙语"
              },
              {
                "language": "de",
                "value": "Portugiesisch"
              },
              {
                "language": "da",
                "value": "Portugisisk"
              }
            ]
          },
          {
            "code": "pt-BR",
            "display": "Portuguese (Brazil)",
            "designation": [
              {
                "language": "en",
                "value": "Portuguese (Brazil)"
              },
              {
                "language": "nl",
                "value": "Portugees (Brazilië)"
              },
              {
                "language": "ru",
                "value": "Португальский (Бразилия)"
              },
              {
                "language": "zh",
                "value": "葡萄牙语 （巴西）"
              },
              {
                "language": "de",
                "value": "Portugiesisch (Brasilien)"
              },
              {
                "language": "da",
                "value": "Portugisisk (Brasilien)"
              }
            ]
          },
          {
            "code": "ru",
            "display": "Russian",
            "designation": [
              {
                "language": "en",
                "value": "Russian"
              },
              {
                "language": "nl",
                "value": "Russisch"
              },
              {
                "language": "ru",
                "value": "Русский"
              },
              {
                "language": "zh",
                "value": "俄语"
              },
              {
                "language": "de",
                "value": "Russisch"
              },
              {
                "language": "da",
                "value": "Russisk"
              }
            ]
          },
          {
            "code": "ru-RU",
            "display": "Russian (Russia)",
            "designation": [
              {
                "language": "en",
                "value": "Russian (Russia)"
              },
              {
                "language": "nl",
                "value": "Russisch (Rusland)"
              },
              {
                "language": "ru",
                "value": "Русский (Россия)"
              },
              {
                "language": "zh",
                "value": "俄语 （俄罗斯）"
              },
              {
                "language": "de",
                "value": "Russisch (Russland)"
              },
              {
                "language": "da",
                "value": "Russisk (Rusland)"
              }
            ]
          },
          {
            "code": "sr",
            "display": "Serbian",
            "designation": [
              {
                "language": "en",
                "value": "Serbian"
              },
              {
                "language": "nl",
                "value": "Servisch"
              },
              {
                "language": "ru",
                "value": "Сербский"
              },
              {
                "language": "zh",
                "value": "塞尔维亚语"
              },
              {
                "language": "de",
                "value": "Serbisch"
              },
              {
                "language": "da",
                "value": "Serbisk"
              }
            ]
          },
          {
            "code": "sr-SP",
            "display": "Serbian (Serbia)",
            "designation": [
              {
                "language": "en",
                "value": "Serbian (Serbia)"
              },
              {
                "language": "nl",
                "value": "Servisch (Servië)"
              },
              {
                "language": "ru",
                "value": "Сербский (Сербия)"
              },
              {
                "language": "zh",
                "value": "塞尔维亚语 （塞尔维亚）"
              },
              {
                "language": "de",
                "value": "Serbisch (Serbien)"
              },
              {
                "language": "da",
                "value": "Serbisk (Serbien)"
              }
            ]
          },
          {
            "code": "sv",
            "display": "Swedish",
            "designation": [
              {
                "language": "en",
                "value": "Swedish"
              },
              {
                "language": "nl",
                "value": "Zweeds"
              },
              {
                "language": "ru",
                "value": "Шведский"
              },
              {
                "language": "zh",
                "value": "瑞典语"
              },
              {
                "language": "de",
                "value": "Schwedisch"
              },
              {
                "language": "da",
                "value": "Svensk"
              }
            ]
          },
          {
            "code": "sv-SE",
            "display": "Swedish (Sweden)",
            "designation": [
              {
                "language": "en",
                "value": "Swedish (Sweden)"
              },
              {
                "language": "nl",
                "value": "Zweeds (Zweden)"
              },
              {
                "language": "ru",
                "value": "Шведский (Швеция)"
              },
              {
                "language": "zh",
                "value": "瑞典语 （瑞典）"
              },
              {
                "language": "de",
                "value": "Schwedisch (Schweden)"
              },
              {
                "language": "da",
                "value": "Svensk (Sverige)"
              }
            ]
          },
          {
            "code": "te",
            "display": "Telegu",
            "designation": [
              {
                "language": "en",
                "value": "Telegu"
              },
              {
                "language": "nl",
                "value": "Teloegoe"
              },
              {
                "language": "ru",
                "value": "Телугу"
              },
              {
                "language": "zh",
                "value": "泰卢固语"
              },
              {
                "language": "de",
                "value": "Telugu"
              },
              {
                "language": "da",
                "value": "Telugu"
              }
            ]
          },
          {
            "code": "zh",
            "display": "Chinese",
            "designation": [
              {
                "language": "en",
                "value": "Chinese"
              },
              {
                "language": "nl",
                "value": "Chinees"
              },
              {
                "language": "ru",
                "value": "Kитайский"
              },
              {
                "language": "zh",
                "value": "中文"
              },
              {
                "language": "de",
                "value": "Chinesisch"
              },
              {
                "language": "da",
                "value": "Kinesisk"
              }
            ]
          },
          {
            "code": "zh-CN",
            "display": "Chinese (China)",
            "designation": [
              {
                "language": "en",
                "value": "Chinese (China)"
              },
              {
                "language": "nl",
                "value": "Chinees (China)"
              },
              {
                "language": "ru",
                "value": "Kитайский (Китай)"
              },
              {
                "language": "zh",
                "value": "中文 （中国）"
              },
              {
                "language": "de",
                "value": "Chinesisch (China)"
              },
              {
                "language": "da",
                "value": "Kinesisk (Kina)"
              }
            ]
          },
          {
            "code": "zh-HK",
            "display": "Chinese (Hong Kong)",
            "designation": [
              {
                "language": "en",
                "value": "Chinese (Hong Kong)"
              },
              {
                "language": "nl",
                "value": "Chinees (Hong Kong)"
              },
              {
                "language": "ru",
                "value": "Kитайский (Гонконг)"
              },
              {
                "language": "zh",
                "value": "中文 （香港特别行政区）"
              },
              {
                "language": "de",
                "value": "Chinesisch (Hong Kong)"
              },
              {
                "language": "da",
                "value": "Kinesisk (Hong Kong)"
              }
            ]
          },
          {
            "code": "zh-SG",
            "display": "Chinese (Singapore)",
            "designation": [
              {
                "language": "en",
                "value": "Chinese (Singapore)"
              },
              {
                "language": "nl",
                "value": "Chinees (Singapore)"
              },
              {
                "language": "ru",
                "value": "Kитайский (Сингапур)"
              },
              {
                "language": "zh",
                "value": "中文 （新加坡）"
              },
              {
                "language": "de",
                "value": "Chinesisch (Singapur)"
              },
              {
                "language": "da",
                "value": "Kinesisk (Singapore)"
              }
            ]
          },
          {
            "code": "zh-TW",
            "display": "Chinese (Taiwan)",
            "designation": [
              {
                "language": "en",
                "value": "Chinese (Taiwan)"
              },
              {
                "language": "nl",
                "value": "Chinees (Taiwan)"
              },
              {
                "language": "ru",
                "value": "Kитайский (Тайвань)"
              },
              {
                "language": "zh",
                "value": "中文 （台湾）"
              },
              {
                "language": "de",
                "value": "Chinesisch (Taiwan)"
              },
              {
                "language": "da",
                "value": "Kinesisk (Taiwan)"
              }
            ]
          }
        ]
      }
    ]
  }
}