{
  "resourceType": "ValueSet",
  "id": "nutrition-request-status",
  "meta": {
    "lastUpdated": "2019-10-24T11:53:00+11:00",
    "profile": [
      "http://hl7.org/fhir/StructureDefinition/shareablevalueset"
    ]
  },
  "text": {
    "status": "generated",
    "div": "<div xmlns=\"http://www.w3.org/1999/xhtml\"><h2>NutritionOrderStatus</h2><div><p>Codes specifying the state of the request. Describes the lifecycle of the nutrition order.</p>\n</div><p>This value set includes codes from the following code systems:</p><ul><li>Include all codes defined in <a href=\"codesystem-nutrition-request-status.html\"><code>http://hl7.org/fhir/nutrition-request-status</code></a></li></ul></div>"
  },
  "extension": [
    {
      "url": "http://hl7.org/fhir/StructureDefinition/structuredefinition-ballot-status",
      "valueString": "Informative"
    },
    {
      "url": "http://hl7.org/fhir/StructureDefinition/structuredefinition-fmm",
      "valueInteger": 2
    },
    {
      "url": "http://hl7.org/fhir/StructureDefinition/structuredefinition-wg",
      "valueCode": "oo"
    }
  ],
  "url": "http://hl7.org/fhir/ValueSet/nutrition-request-status",
  "identifier": [
    {
      "system": "urn:ietf:rfc:3986",
      "value": "urn:oid:2.16.840.1.113883.4.642.3.369"
    }
  ],
  "version": "3.0.2",
  "name": "NutritionOrderStatus",
  "status": "draft",
  "experimental": false,
  "date": "2019-10-24T11:53:00+11:00",
  "publisher": "HL7 (FHIR Project)",
  "contact": [
    {
      "telecom": [
        {
          "system": "url",
          "value": "http://hl7.org/fhir"
        },
        {
          "system": "email",
          "value": "fhir@lists.hl7.org"
        }
      ]
    }
  ],
  "description": "Codes specifying the state of the request. Describes the lifecycle of the nutrition order.",
  "immutable": true,
  "compose": {
    "include": [
      {
        "system": "http://hl7.org/fhir/nutrition-request-status"
      }
    ]
  }
}