{
  "resourceType": "ValueSet",
  "id": "audit-event-type",
  "meta": {
    "lastUpdated": "2019-10-24T11:53:00+11:00",
    "profile": [
      "http://hl7.org/fhir/StructureDefinition/shareablevalueset"
    ]
  },
  "text": {
    "status": "generated",
    "div": "<div xmlns=\"http://www.w3.org/1999/xhtml\"><h2>Audit Event ID</h2><div><p>Event Types for Audit Events - defined by DICOM with some FHIR specific additions.</p>\n</div><p><b>Copyright Statement:</b> These codes are excerpted from Digital Imaging and Communications in Medicine (DICOM) Standard, Part 16: Content Mapping Resource, Copyright © 2011 by the National Electrical Manufacturers Association.</p><p>This value set includes codes from the following code systems:</p><ul><li>Include these codes as defined in <a href=\"http://dicom.nema.org/resources/ontology/DCM\"><code>http://dicom.nema.org/resources/ontology/DCM</code></a><table class=\"none\"><tr><td><b>Code</b></td><td><b>Display</b></td></tr><tr><td><a href=\"codesystem-dicom-dcim.html#dicom-dcim-110100\">110100</a></td><td>Application Activity</td><td>Audit event: Application Activity has taken place</td></tr><tr><td><a href=\"codesystem-dicom-dcim.html#dicom-dcim-110101\">110101</a></td><td>Audit Log Used</td><td>Audit event: Audit Log has been used</td></tr><tr><td><a href=\"codesystem-dicom-dcim.html#dicom-dcim-110102\">110102</a></td><td>Begin Transferring DICOM Instances</td><td>Audit event: Storage of DICOM Instances has begun</td></tr><tr><td><a href=\"codesystem-dicom-dcim.html#dicom-dcim-110103\">110103</a></td><td>DICOM Instances Accessed</td><td>Audit event: DICOM Instances have been created, read, updated, or deleted</td></tr><tr><td><a href=\"codesystem-dicom-dcim.html#dicom-dcim-110104\">110104</a></td><td>DICOM Instances Transferred</td><td>Audit event: Storage of DICOM Instances has been completed</td></tr><tr><td><a href=\"codesystem-dicom-dcim.html#dicom-dcim-110105\">110105</a></td><td>DICOM Study Deleted</td><td>Audit event: Entire Study has been deleted</td></tr><tr><td><a href=\"codesystem-dicom-dcim.html#dicom-dcim-110106\">110106</a></td><td>Export</td><td>Audit event: Data has been exported out of the system</td></tr><tr><td><a href=\"codesystem-dicom-dcim.html#dicom-dcim-110107\">110107</a></td><td>Import</td><td>Audit event: Data has been imported into the system</td></tr><tr><td><a href=\"codesystem-dicom-dcim.html#dicom-dcim-110108\">110108</a></td><td>Network Entry</td><td>Audit event: System has joined or left network</td></tr><tr><td><a href=\"codesystem-dicom-dcim.html#dicom-dcim-110109\">110109</a></td><td>Order Record</td><td>Audit event: Order has been created, read, updated or deleted</td></tr><tr><td><a href=\"codesystem-dicom-dcim.html#dicom-dcim-110110\">110110</a></td><td>Patient Record</td><td>Audit event: Patient Record has been created, read, updated, or deleted</td></tr><tr><td><a href=\"codesystem-dicom-dcim.html#dicom-dcim-110111\">110111</a></td><td>Procedure Record</td><td>Audit event: Procedure Record has been created, read, updated, or deleted</td></tr><tr><td><a href=\"codesystem-dicom-dcim.html#dicom-dcim-110112\">110112</a></td><td>Query</td><td>Audit event: Query has been made</td></tr><tr><td><a href=\"codesystem-dicom-dcim.html#dicom-dcim-110113\">110113</a></td><td>Security Alert</td><td>Audit event: Security Alert has been raised</td></tr><tr><td><a href=\"codesystem-dicom-dcim.html#dicom-dcim-110114\">110114</a></td><td>User Authentication</td><td>Audit event: User Authentication has been attempted</td></tr></table></li><li>Include all codes defined in <a href=\"codesystem-audit-event-type.html\"><code>http://hl7.org/fhir/audit-event-type</code></a></li></ul></div>"
  },
  "extension": [
    {
      "url": "http://hl7.org/fhir/StructureDefinition/structuredefinition-ballot-status",
      "valueString": "Informative"
    },
    {
      "url": "http://hl7.org/fhir/StructureDefinition/structuredefinition-fmm",
      "valueInteger": 3
    },
    {
      "url": "http://hl7.org/fhir/StructureDefinition/structuredefinition-wg",
      "valueCode": "sec"
    }
  ],
  "url": "http://hl7.org/fhir/ValueSet/audit-event-type",
  "identifier": [
    {
      "system": "urn:ietf:rfc:3986",
      "value": "urn:oid:2.16.840.1.113883.4.642.3.455"
    }
  ],
  "version": "20150326",
  "name": "Audit Event ID",
  "status": "active",
  "experimental": true,
  "date": "2015-03-26",
  "publisher": "NEMA/DICOM",
  "contact": [
    {
      "telecom": [
        {
          "system": "url",
          "value": "http://hl7.org/fhir"
        },
        {
          "system": "email",
          "value": "fhir@lists.hl7.org"
        }
      ]
    }
  ],
  "description": "Event Types for Audit Events - defined by DICOM with some FHIR specific additions.",
  "immutable": true,
  "copyright": "These codes are excerpted from Digital Imaging and Communications in Medicine (DICOM) Standard, Part 16: Content Mapping Resource, Copyright © 2011 by the National Electrical Manufacturers Association.",
  "compose": {
    "include": [
      {
        "system": "http://dicom.nema.org/resources/ontology/DCM",
        "concept": [
          {
            "code": "110100"
          },
          {
            "code": "110101"
          },
          {
            "code": "110102"
          },
          {
            "code": "110103"
          },
          {
            "code": "110104"
          },
          {
            "code": "110105"
          },
          {
            "code": "110106"
          },
          {
            "code": "110107"
          },
          {
            "code": "110108"
          },
          {
            "code": "110109"
          },
          {
            "code": "110110"
          },
          {
            "code": "110111"
          },
          {
            "code": "110112"
          },
          {
            "code": "110113"
          },
          {
            "code": "110114"
          }
        ]
      },
      {
        "system": "http://hl7.org/fhir/audit-event-type"
      }
    ]
  }
}