{
  "resourceType": "ValueSet",
  "id": "entformula-type",
  "meta": {
    "lastUpdated": "2019-10-24T11:53:00+11:00",
    "profile": [
      "http://hl7.org/fhir/StructureDefinition/shareablevalueset"
    ]
  },
  "text": {
    "status": "generated",
    "div": "<div xmlns=\"http://www.w3.org/1999/xhtml\"><h2>Enteral Formula Type Codes</h2><div><p>EnteralFormulaType : Codes for type of enteral formula to be administered to patient.  This value set is is composed of SNOMED CT (US Extension) Concepts from SCTID 470581016 (Enteral+supplement feeds hierarchy (product)) and is provided as a suggestive example.</p>\n</div><p><b>Copyright Statement:</b> This value set includes content from SNOMED CT, which is copyright © 2002+ International Health Terminology Standards Development Organisation (IHTSDO), and distributed by agreement between IHTSDO and HL7. Implementer use of SNOMED CT is not covered by this agreement.</p><p>This value set includes codes from the following code systems:</p><ul><li>Include these codes as defined in <a href=\"http://www.snomed.org/\"><code>http://snomed.info/sct</code></a><table class=\"none\"><tr><td><b>Code</b></td><td><b>Display</b></td></tr><tr><td><a href=\"http://browser.ihtsdotools.org/?perspective=full&amp;conceptId1=443031000124106\">443031000124106</a></td><td>Adult critical care formula</td><td/></tr><tr><td><a href=\"http://browser.ihtsdotools.org/?perspective=full&amp;conceptId1=443051000124104\">443051000124104</a></td><td>Adult diabetes specialty formula</td><td/></tr><tr><td><a href=\"http://browser.ihtsdotools.org/?perspective=full&amp;conceptId1=442911000124109\">442911000124109</a></td><td>Adult elemental formula</td><td/></tr><tr><td><a href=\"http://browser.ihtsdotools.org/?perspective=full&amp;conceptId1=443021000124108\">443021000124108</a></td><td>Adult hepatic specialty formula</td><td/></tr><tr><td><a href=\"http://browser.ihtsdotools.org/?perspective=full&amp;conceptId1=442971000124100\">442971000124100</a></td><td>Adult high energy formula</td><td/></tr><tr><td><a href=\"http://browser.ihtsdotools.org/?perspective=full&amp;conceptId1=442981000124102\">442981000124102</a></td><td>Adult hydrolyzed protein formula</td><td/></tr><tr><td><a href=\"http://browser.ihtsdotools.org/?perspective=full&amp;conceptId1=442991000124104\">442991000124104</a></td><td>Adult high protein formula</td><td/></tr><tr><td><a href=\"http://browser.ihtsdotools.org/?perspective=full&amp;conceptId1=443011000124100\">443011000124100</a></td><td>Adult high protein high fiber formula</td><td/></tr><tr><td><a href=\"http://browser.ihtsdotools.org/?perspective=full&amp;conceptId1=442961000124107\">442961000124107</a></td><td>Adult low carbohydrate formula</td><td/></tr><tr><td><a href=\"http://browser.ihtsdotools.org/?perspective=full&amp;conceptId1=442951000124105\">442951000124105</a></td><td>Adult pulmonary specialty formula</td><td/></tr><tr><td><a href=\"http://browser.ihtsdotools.org/?perspective=full&amp;conceptId1=442941000124108\">442941000124108</a></td><td>Adult renal specialty formula</td><td/></tr><tr><td><a href=\"http://browser.ihtsdotools.org/?perspective=full&amp;conceptId1=442921000124101\">442921000124101</a></td><td>Adult standard formula</td><td/></tr><tr><td><a href=\"http://browser.ihtsdotools.org/?perspective=full&amp;conceptId1=442931000124103\">442931000124103</a></td><td>Adult soy protein isolate formula</td><td/></tr><tr><td><a href=\"http://browser.ihtsdotools.org/?perspective=full&amp;conceptId1=443361000124100\">443361000124100</a></td><td>Pediatric Formula</td><td/></tr><tr><td><a href=\"http://browser.ihtsdotools.org/?perspective=full&amp;conceptId1=443401000124105\">443401000124105</a></td><td>Pediatric elemental formula</td><td/></tr><tr><td><a href=\"http://browser.ihtsdotools.org/?perspective=full&amp;conceptId1=443491000124103\">443491000124103</a></td><td>Pediatric high energy formula</td><td/></tr><tr><td><a href=\"http://browser.ihtsdotools.org/?perspective=full&amp;conceptId1=443501000124106\">443501000124106</a></td><td>Pediatric high energy formula with increased fiber</td><td/></tr><tr><td><a href=\"http://browser.ihtsdotools.org/?perspective=full&amp;conceptId1=443421000124100\">443421000124100</a></td><td>Pediatric hydrolyzed protein formula</td><td/></tr><tr><td><a href=\"http://browser.ihtsdotools.org/?perspective=full&amp;conceptId1=443471000124104\">443471000124104</a></td><td>Pediatric increased fiber formula</td><td/></tr><tr><td><a href=\"http://browser.ihtsdotools.org/?perspective=full&amp;conceptId1=444431000124104\">444431000124104</a></td><td>Pediatric reduced energy formula</td><td/></tr><tr><td><a href=\"http://browser.ihtsdotools.org/?perspective=full&amp;conceptId1=443451000124109\">443451000124109</a></td><td>Pediatric standard formula</td><td/></tr><tr><td><a href=\"http://browser.ihtsdotools.org/?perspective=full&amp;conceptId1=441561000124106\">441561000124106</a></td><td>Standard enteral formula with fiber</td><td/></tr><tr><td><a href=\"http://browser.ihtsdotools.org/?perspective=full&amp;conceptId1=443461000124106\">443461000124106</a></td><td>Standard Formula</td><td/></tr><tr><td><a href=\"http://browser.ihtsdotools.org/?perspective=full&amp;conceptId1=441531000124102\">441531000124102</a></td><td>Standard Enteral Formula</td><td/></tr><tr><td><a href=\"http://browser.ihtsdotools.org/?perspective=full&amp;conceptId1=443561000124107\">443561000124107</a></td><td>Soy based formula</td><td/></tr><tr><td><a href=\"http://browser.ihtsdotools.org/?perspective=full&amp;conceptId1=443481000124101\">443481000124101</a></td><td>Renal Formula</td><td/></tr><tr><td><a href=\"http://browser.ihtsdotools.org/?perspective=full&amp;conceptId1=441571000124104\">441571000124104</a></td><td>High energy enteral formula with fiber</td><td/></tr><tr><td><a href=\"http://browser.ihtsdotools.org/?perspective=full&amp;conceptId1=441591000124103\">441591000124103</a></td><td>Diabetic enteral formula with fiber</td><td/></tr><tr><td><a href=\"http://browser.ihtsdotools.org/?perspective=full&amp;conceptId1=441601000124106\">441601000124106</a></td><td>Diabetic high calorie high protein enteral formula with fiber</td><td/></tr><tr><td><a href=\"http://browser.ihtsdotools.org/?perspective=full&amp;conceptId1=443351000124102\">443351000124102</a></td><td>Increased fiber formula</td><td/></tr><tr><td><a href=\"http://browser.ihtsdotools.org/?perspective=full&amp;conceptId1=443771000124106\">443771000124106</a></td><td>Hydrolyzed protein formula</td><td/></tr><tr><td><a href=\"http://browser.ihtsdotools.org/?perspective=full&amp;conceptId1=441671000124100\">441671000124100</a></td><td>Hydrolyzed peptide-based high protein enteral formula</td><td/></tr><tr><td><a href=\"http://browser.ihtsdotools.org/?perspective=full&amp;conceptId1=443111000124101\">443111000124101</a></td><td>High protein formula</td><td/></tr><tr><td><a href=\"http://browser.ihtsdotools.org/?perspective=full&amp;conceptId1=443431000124102\">443431000124102</a></td><td>High Energy Formula</td><td/></tr><tr><td><a href=\"http://browser.ihtsdotools.org/?perspective=full&amp;conceptId1=443411000124108\">443411000124108</a></td><td>Elemental Formula</td><td/></tr><tr><td><a href=\"http://browser.ihtsdotools.org/?perspective=full&amp;conceptId1=442651000124102\">442651000124102</a></td><td>Adult formula</td><td/></tr></table></li></ul></div>"
  },
  "extension": [
    {
      "url": "http://hl7.org/fhir/StructureDefinition/structuredefinition-ballot-status",
      "valueString": "Informative"
    },
    {
      "url": "http://hl7.org/fhir/StructureDefinition/structuredefinition-fmm",
      "valueInteger": 1
    },
    {
      "url": "http://hl7.org/fhir/StructureDefinition/structuredefinition-wg",
      "valueCode": "oo"
    }
  ],
  "url": "http://hl7.org/fhir/ValueSet/entformula-type",
  "identifier": [
    {
      "system": "urn:ietf:rfc:3986",
      "value": "urn:oid:2.16.840.1.113883.4.642.3.378"
    }
  ],
  "version": "3.0.2",
  "name": "Enteral Formula Type Codes",
  "status": "draft",
  "experimental": true,
  "date": "2019-10-24T11:53:00+11:00",
  "publisher": "FHIR NutritionOrder team",
  "contact": [
    {
      "telecom": [
        {
          "system": "url",
          "value": "http://hl7.org/fhir"
        }
      ]
    }
  ],
  "description": "EnteralFormulaType : Codes for type of enteral formula to be administered to patient.  This value set is is composed of SNOMED CT (US Extension) Concepts from SCTID 470581016 (Enteral+supplement feeds hierarchy (product)) and is provided as a suggestive example.",
  "copyright": "This value set includes content from SNOMED CT, which is copyright © 2002+ International Health Terminology Standards Development Organisation (IHTSDO), and distributed by agreement between IHTSDO and HL7. Implementer use of SNOMED CT is not covered by this agreement.",
  "compose": {
    "include": [
      {
        "system": "http://snomed.info/sct",
        "version": "http://snomed.info/sct/731000124108",
        "concept": [
          {
            "code": "443031000124106",
            "display": "Adult critical care formula"
          },
          {
            "code": "443051000124104",
            "display": "Adult diabetes specialty formula"
          },
          {
            "code": "442911000124109",
            "display": "Adult elemental formula"
          },
          {
            "code": "443021000124108",
            "display": "Adult hepatic specialty formula"
          },
          {
            "code": "442971000124100",
            "display": "Adult high energy formula"
          },
          {
            "code": "442981000124102",
            "display": "Adult hydrolyzed protein formula"
          },
          {
            "code": "442991000124104",
            "display": "Adult high protein formula"
          },
          {
            "code": "443011000124100",
            "display": "Adult high protein high fiber formula"
          },
          {
            "code": "442961000124107",
            "display": "Adult low carbohydrate formula"
          },
          {
            "code": "442951000124105",
            "display": "Adult pulmonary specialty formula"
          },
          {
            "code": "442941000124108",
            "display": "Adult renal specialty formula"
          },
          {
            "code": "442921000124101",
            "display": "Adult standard formula"
          },
          {
            "code": "442931000124103",
            "display": "Adult soy protein isolate formula"
          },
          {
            "code": "443361000124100",
            "display": "Pediatric Formula"
          },
          {
            "code": "443401000124105",
            "display": "Pediatric elemental formula"
          },
          {
            "code": "443491000124103",
            "display": "Pediatric high energy formula"
          },
          {
            "code": "443501000124106",
            "display": "Pediatric high energy formula with increased fiber"
          },
          {
            "code": "443421000124100",
            "display": "Pediatric hydrolyzed protein formula"
          },
          {
            "code": "443471000124104",
            "display": "Pediatric increased fiber formula"
          },
          {
            "code": "444431000124104",
            "display": "Pediatric reduced energy formula"
          },
          {
            "code": "443451000124109",
            "display": "Pediatric standard formula"
          },
          {
            "code": "441561000124106",
            "display": "Standard enteral formula with fiber"
          },
          {
            "code": "443461000124106",
            "display": "Standard Formula"
          },
          {
            "code": "441531000124102",
            "display": "Standard Enteral Formula"
          },
          {
            "code": "443561000124107",
            "display": "Soy based formula"
          },
          {
            "code": "443481000124101",
            "display": "Renal Formula"
          },
          {
            "code": "441571000124104",
            "display": "High energy enteral formula with fiber"
          },
          {
            "code": "441591000124103",
            "display": "Diabetic enteral formula with fiber"
          },
          {
            "code": "441601000124106",
            "display": "Diabetic high calorie high protein enteral formula with fiber"
          },
          {
            "code": "443351000124102",
            "display": "Increased fiber formula"
          },
          {
            "code": "443771000124106",
            "display": "Hydrolyzed protein formula"
          },
          {
            "code": "441671000124100",
            "display": "Hydrolyzed peptide-based high protein enteral formula"
          },
          {
            "code": "443111000124101",
            "display": "High protein formula"
          },
          {
            "code": "443431000124102",
            "display": "High Energy Formula"
          },
          {
            "code": "443411000124108",
            "display": "Elemental Formula"
          },
          {
            "code": "442651000124102",
            "display": "Adult formula"
          }
        ]
      }
    ]
  }
}