{
  "resourceType": "CapabilityStatement",
  "id": "base2",
  "text": {
    "status": "generated",
    "div": "\u003cdiv xmlns\u003d\"http://www.w3.org/1999/xhtml\"\u003e\u003ch2\u003eBase FHIR Capability Statement (Empty)\u003c/h2\u003e\u003cdiv\u003e\u003cp\u003eThis is the base Capability Statement for FHIR. It represents a server that provides the none of the functionality defined by FHIR. It is provided to use as a template for system designers to build their own Capability Statements from. A capability statement has to contain something, so this contains a read of a Capability Statement\u003c/p\u003e\n\u003c/div\u003e\u003ctable\u003e\u003ctr\u003e\u003ctd\u003eMode\u003c/td\u003e\u003ctd\u003eSERVER\u003c/td\u003e\u003c/tr\u003e\u003ctr\u003e\u003ctd\u003eDescription\u003c/td\u003e\u003ctd\u003eAn empty Capability Statement\u003c/td\u003e\u003c/tr\u003e\u003ctr\u003e\u003ctd\u003eTransaction\u003c/td\u003e\u003ctd\u003e\u003c/td\u003e\u003c/tr\u003e\u003ctr\u003e\u003ctd\u003eSystem History\u003c/td\u003e\u003ctd\u003e\u003c/td\u003e\u003c/tr\u003e\u003ctr\u003e\u003ctd\u003eSystem Search\u003c/td\u003e\u003ctd\u003e\u003c/td\u003e\u003c/tr\u003e\u003c/table\u003e\u003ctable\u003e\u003ctr\u003e\u003cth\u003e\u003cb\u003eResource Type\u003c/b\u003e\u003c/th\u003e\u003cth\u003e\u003cb\u003eProfile\u003c/b\u003e\u003c/th\u003e\u003cth\u003e\u003cb\u003eRead\u003c/b\u003e\u003c/th\u003e\u003cth\u003e\u003cb\u003eV-Read\u003c/b\u003e\u003c/th\u003e\u003cth\u003e\u003cb\u003eSearch\u003c/b\u003e\u003c/th\u003e\u003cth\u003e\u003cb\u003eUpdate\u003c/b\u003e\u003c/th\u003e\u003cth\u003e\u003cb\u003eUpdates\u003c/b\u003e\u003c/th\u003e\u003cth\u003e\u003cb\u003eCreate\u003c/b\u003e\u003c/th\u003e\u003cth\u003e\u003cb\u003eDelete\u003c/b\u003e\u003c/th\u003e\u003cth\u003e\u003cb\u003eHistory\u003c/b\u003e\u003c/th\u003e\u003c/tr\u003e\u003ctr\u003e\u003ctd\u003eCapabilityStatement\u003c/td\u003e\u003ctd\u003ey\u003c/td\u003e\u003ctd\u003e\u003c/td\u003e\u003ctd\u003e\u003c/td\u003e\u003ctd\u003e\u003c/td\u003e\u003ctd\u003e\u003c/td\u003e\u003ctd\u003e\u003c/td\u003e\u003ctd\u003e\u003c/td\u003e\u003ctd\u003e\u003c/td\u003e\u003c/tr\u003e\u003c/table\u003e\u003c/div\u003e"
  },
  "url": "http://hl7.org/fhir/CapabilityStatement/base2",
  "version": "4.0.0",
  "name": "Base FHIR Capability Statement (Empty)",
  "status": "draft",
  "experimental": true,
  "date": "2018-12-27T22:37:54+11:00",
  "publisher": "FHIR Project Team",
  "contact": [
    {
      "telecom": [
        {
          "system": "url",
          "value": "http://hl7.org/fhir"
        }
      ]
    }
  ],
  "description": "This is the base Capability Statement for FHIR. It represents a server that provides the none of the functionality defined by FHIR. It is provided to use as a template for system designers to build their own Capability Statements from. A capability statement has to contain something, so this contains a read of a Capability Statement",
  "kind": "capability",
  "software": {
    "name": "Insert your software name here..."
  },
  "fhirVersion": "4.0.0",
  "format": [
    "xml",
    "json"
  ],
  "rest": [
    {
      "mode": "server",
      "documentation": "An empty Capability Statement",
      "security": {
        "cors": true,
        "service": [
          {
            "coding": [
              {
                "system": "http://terminology.hl7.org/CodeSystem/restful-security-service",
                "code": "SMART-on-FHIR",
                "display": "SMART-on-FHIR"
              }
            ],
            "text": "See http://docs.smarthealthit.org/"
          }
        ],
        "description": "This is the Capability Statement to declare that the server supports SMART-on-FHIR. See the SMART-on-FHIR docs for the extension that would go with such a server"
      },
      "resource": [
        {
          "type": "CapabilityStatement",
          "interaction": [
            {
              "code": "read",
              "documentation": "Read CapabilityStatement Resource"
            }
          ]
        }
      ]
    }
  ]
}