{
  "resourceType": "ConceptMap",
  "id": "cm-contact-point-system-v2",
  "text": {
    "status": "generated",
    "div": "\u003cdiv xmlns\u003d\"http://www.w3.org/1999/xhtml\"\u003e\u003ch2\u003ev2.ContactPointSystem (http://hl7.org/fhir/ConceptMap/cm-contact-point-system-v2)\u003c/h2\u003e\u003cp\u003eMapping from \u003ca href\u003d\"valueset-contact-point-system.html\"\u003ehttp://hl7.org/fhir/ValueSet/contact-point-system\u003c/a\u003e to \u003ca href\u003d\"v2/0202/index.html\"\u003ehttp://terminology.hl7.org/ValueSet/v2-0202\u003c/a\u003e\u003c/p\u003e\u003cp\u003eDRAFT. Published on 27/12/2018 10:37:54 PM by HL7 (FHIR Project) (\u003ca href\u003d\"http://hl7.org/fhir\"\u003ehttp://hl7.org/fhir\u003c/a\u003e, \u003ca href\u003d\"mailto:fhir@lists.hl7.org\"\u003efhir@lists.hl7.org\u003c/a\u003e). \u003c/p\u003e\u003cbr/\u003e\u003ctable class\u003d\"grid\"\u003e\u003ctr\u003e\u003ctd\u003e\u003cb\u003eSource Code\u003c/b\u003e\u003c/td\u003e\u003ctd\u003e\u003cb\u003eEquivalence\u003c/b\u003e\u003c/td\u003e\u003ctd\u003e\u003cb\u003eDestination Code\u003c/b\u003e\u003c/td\u003e\u003ctd\u003e\u003cb\u003eComment\u003c/b\u003e\u003c/td\u003e\u003c/tr\u003e\u003ctr\u003e\u003ctd\u003ephone\u003c/td\u003e\u003ctd\u003eequivalent\u003c/td\u003e\u003ctd\u003ePH (Telephone)\u003c/td\u003e\u003ctd/\u003e\u003c/tr\u003e\u003ctr\u003e\u003ctd\u003efax\u003c/td\u003e\u003ctd\u003eequivalent\u003c/td\u003e\u003ctd\u003eFX (Fax)\u003c/td\u003e\u003ctd/\u003e\u003c/tr\u003e\u003ctr\u003e\u003ctd\u003eemail\u003c/td\u003e\u003ctd\u003enarrower\u003c/td\u003e\u003ctd\u003eInternet (Internet Address)\u003c/td\u003e\u003ctd\u003efor email addresses\u003c/td\u003e\u003c/tr\u003e\u003ctr\u003e\u003ctd\u003epager\u003c/td\u003e\u003ctd\u003eequivalent\u003c/td\u003e\u003ctd\u003eBP (Beeper)\u003c/td\u003e\u003ctd/\u003e\u003c/tr\u003e\u003ctr\u003e\u003ctd\u003eurl\u003c/td\u003e\u003ctd\u003enarrower\u003c/td\u003e\u003ctd\u003eInternet (Internet Address)\u003c/td\u003e\u003ctd\u003efor non-email kinds of addresses\u003c/td\u003e\u003c/tr\u003e\u003c/table\u003e\u003c/div\u003e"
  },
  "url": "http://hl7.org/fhir/ConceptMap/cm-contact-point-system-v2",
  "version": "4.0.0",
  "name": "v2.ContactPointSystem",
  "title": "v2 map for ContactPointSystem",
  "status": "draft",
  "date": "2018-12-27T22:37:54+11:00",
  "publisher": "HL7 (FHIR Project)",
  "contact": [
    {
      "telecom": [
        {
          "system": "url",
          "value": "http://hl7.org/fhir"
        },
        {
          "system": "email",
          "value": "fhir@lists.hl7.org"
        }
      ]
    }
  ],
  "sourceCanonical": "http://hl7.org/fhir/ValueSet/contact-point-system",
  "targetCanonical": "http://terminology.hl7.org/ValueSet/v2-0202",
  "group": [
    {
      "source": "http://hl7.org/fhir/contact-point-system",
      "target": "http://terminology.hl7.org/CodeSystem/v2-0202",
      "element": [
        {
          "code": "phone",
          "target": [
            {
              "code": "PH",
              "equivalence": "equivalent"
            }
          ]
        },
        {
          "code": "fax",
          "target": [
            {
              "code": "FX",
              "equivalence": "equivalent"
            }
          ]
        },
        {
          "code": "email",
          "target": [
            {
              "code": "Internet",
              "equivalence": "narrower",
              "comment": "for email addresses"
            }
          ]
        },
        {
          "code": "pager",
          "target": [
            {
              "code": "BP",
              "equivalence": "equivalent"
            }
          ]
        },
        {
          "code": "url",
          "target": [
            {
              "code": "Internet",
              "equivalence": "narrower",
              "comment": "for non-email kinds of addresses"
            }
          ]
        }
      ]
    }
  ]
}