{
  "resourceType": "ConceptMap",
  "id": "cm-data-absent-reason-v3",
  "text": {
    "status": "generated",
    "div": "\u003cdiv xmlns\u003d\"http://www.w3.org/1999/xhtml\"\u003e\u003ch2\u003ev3.DataAbsentReason (http://hl7.org/fhir/ConceptMap/cm-data-absent-reason-v3)\u003c/h2\u003e\u003cp\u003eMapping from \u003ca href\u003d\"valueset-data-absent-reason.html\"\u003ehttp://hl7.org/fhir/ValueSet/data-absent-reason\u003c/a\u003e to \u003ca href\u003d\"v3/NullFlavor/vs.html\"\u003ehttp://terminology.hl7.org/ValueSet/v3-NullFlavor\u003c/a\u003e\u003c/p\u003e\u003cp\u003eDRAFT. Published on 27/12/2018 10:37:54 PM by HL7 (FHIR Project). \u003c/p\u003e\u003cbr/\u003e\u003ctable class\u003d\"grid\"\u003e\u003ctr\u003e\u003ctd\u003e\u003cb\u003eSource Code\u003c/b\u003e\u003c/td\u003e\u003ctd\u003e\u003cb\u003eEquivalence\u003c/b\u003e\u003c/td\u003e\u003ctd\u003e\u003cb\u003eDestination Code\u003c/b\u003e\u003c/td\u003e\u003c/tr\u003e\u003ctr\u003e\u003ctd\u003eunknown\u003c/td\u003e\u003ctd\u003eequal\u003c/td\u003e\u003ctd\u003eUNK (unknown)\u003c/td\u003e\u003c/tr\u003e\u003ctr\u003e\u003ctd\u003easked-unknown (Asked But Unknown)\u003c/td\u003e\u003ctd\u003eequal\u003c/td\u003e\u003ctd\u003eASKU (asked but unknown)\u003c/td\u003e\u003c/tr\u003e\u003ctr\u003e\u003ctd\u003etemp-unknown (Temporarily Unknown)\u003c/td\u003e\u003ctd\u003eequal\u003c/td\u003e\u003ctd\u003eNAV (temporarily unavailable)\u003c/td\u003e\u003c/tr\u003e\u003ctr\u003e\u003ctd\u003enot-asked\u003c/td\u003e\u003ctd\u003eequal\u003c/td\u003e\u003ctd\u003eNASK (not asked)\u003c/td\u003e\u003c/tr\u003e\u003ctr\u003e\u003ctd\u003emasked\u003c/td\u003e\u003ctd\u003eequal\u003c/td\u003e\u003ctd\u003eMSK (masked)\u003c/td\u003e\u003c/tr\u003e\u003ctr\u003e\u003ctd\u003enot-applicable\u003c/td\u003e\u003ctd\u003eequal\u003c/td\u003e\u003ctd\u003eNA (not applicable)\u003c/td\u003e\u003c/tr\u003e\u003ctr\u003e\u003ctd\u003enegative-infinity (Negative Infinity (NINF))\u003c/td\u003e\u003ctd\u003eequal\u003c/td\u003e\u003ctd\u003eNINF (negative infinity)\u003c/td\u003e\u003c/tr\u003e\u003ctr\u003e\u003ctd\u003epositive-infinity (Positive Infinity (PINF))\u003c/td\u003e\u003ctd\u003eequal\u003c/td\u003e\u003ctd\u003ePINF (positive infinity)\u003c/td\u003e\u003c/tr\u003e\u003ctr\u003e\u003ctd\u003enot-permitted\u003c/td\u003e\u003ctd\u003eequal\u003c/td\u003e\u003ctd\u003eOTH (other)\u003c/td\u003e\u003c/tr\u003e\u003c/table\u003e\u003c/div\u003e"
  },
  "url": "http://hl7.org/fhir/ConceptMap/cm-data-absent-reason-v3",
  "version": "4.0.0",
  "name": "v3.DataAbsentReason",
  "title": "v3 map for DataAbsentReason",
  "status": "draft",
  "date": "2018-12-27T22:37:54+11:00",
  "publisher": "HL7 (FHIR Project)",
  "sourceCanonical": "http://hl7.org/fhir/ValueSet/data-absent-reason",
  "targetCanonical": "http://terminology.hl7.org/ValueSet/v3-NullFlavor",
  "group": [
    {
      "source": "http://terminology.hl7.org/CodeSystem/data-absent-reason",
      "target": "http://terminology.hl7.org/CodeSystem/v3-NullFlavor",
      "element": [
        {
          "code": "unknown",
          "target": [
            {
              "code": "UNK",
              "equivalence": "equal"
            }
          ]
        },
        {
          "code": "asked-unknown",
          "target": [
            {
              "code": "ASKU",
              "equivalence": "equal"
            }
          ]
        },
        {
          "code": "temp-unknown",
          "target": [
            {
              "code": "NAV",
              "equivalence": "equal"
            }
          ]
        },
        {
          "code": "not-asked",
          "target": [
            {
              "code": "NASK",
              "equivalence": "equal"
            }
          ]
        },
        {
          "code": "masked",
          "target": [
            {
              "code": "MSK",
              "equivalence": "equal"
            }
          ]
        },
        {
          "code": "not-applicable",
          "target": [
            {
              "code": "NA",
              "equivalence": "equal"
            }
          ]
        },
        {
          "code": "negative-infinity",
          "target": [
            {
              "code": "NINF",
              "equivalence": "equal"
            }
          ]
        },
        {
          "code": "positive-infinity",
          "target": [
            {
              "code": "PINF",
              "equivalence": "equal"
            }
          ]
        },
        {
          "code": "not-permitted",
          "target": [
            {
              "code": "OTH",
              "equivalence": "equal"
            }
          ]
        }
      ]
    }
  ]
}