{
  "resourceType": "CodeSystem",
  "id": "map-context-type",
  "meta": {
    "lastUpdated": "2018-12-27T22:37:54.724+11:00"
  },
  "text": {
    "status": "generated",
    "div": "\u003cdiv xmlns\u003d\"http://www.w3.org/1999/xhtml\"\u003e\u003ch2\u003eStructureMapContextType\u003c/h2\u003e\u003cdiv\u003e\u003cp\u003eHow to interpret the context.\u003c/p\u003e\n\u003c/div\u003e\u003cp\u003eThis code system http://hl7.org/fhir/map-context-type defines the following codes:\u003c/p\u003e\u003ctable class\u003d\"codes\"\u003e\u003ctr\u003e\u003ctd style\u003d\"white-space:nowrap\"\u003e\u003cb\u003eCode\u003c/b\u003e\u003c/td\u003e\u003ctd\u003e\u003cb\u003eDisplay\u003c/b\u003e\u003c/td\u003e\u003ctd\u003e\u003cb\u003eDefinition\u003c/b\u003e\u003c/td\u003e\u003c/tr\u003e\u003ctr\u003e\u003ctd style\u003d\"white-space:nowrap\"\u003etype\u003ca name\u003d\"map-context-type-type\"\u003e \u003c/a\u003e\u003c/td\u003e\u003ctd\u003eType\u003c/td\u003e\u003ctd\u003eThe context specifies a type.\u003c/td\u003e\u003c/tr\u003e\u003ctr\u003e\u003ctd style\u003d\"white-space:nowrap\"\u003evariable\u003ca name\u003d\"map-context-type-variable\"\u003e \u003c/a\u003e\u003c/td\u003e\u003ctd\u003eVariable\u003c/td\u003e\u003ctd\u003eThe context specifies a variable.\u003c/td\u003e\u003c/tr\u003e\u003c/table\u003e\u003c/div\u003e"
  },
  "extension": [
    {
      "url": "http://hl7.org/fhir/StructureDefinition/structuredefinition-wg",
      "valueCode": "fhir"
    },
    {
      "url": "http://hl7.org/fhir/StructureDefinition/structuredefinition-standards-status",
      "valueCode": "trial-use"
    },
    {
      "url": "http://hl7.org/fhir/StructureDefinition/structuredefinition-fmm",
      "valueInteger": 2
    }
  ],
  "url": "http://hl7.org/fhir/map-context-type",
  "identifier": [
    {
      "system": "urn:ietf:rfc:3986",
      "value": "urn:oid:2.16.840.1.113883.4.642.1.680"
    }
  ],
  "version": "4.0.0",
  "name": "StructureMapContextType",
  "title": "StructureMapContextType",
  "status": "draft",
  "experimental": false,
  "date": "2018-12-27T22:37:54+11:00",
  "publisher": "HL7 (FHIR Project)",
  "contact": [
    {
      "telecom": [
        {
          "system": "url",
          "value": "http://hl7.org/fhir"
        },
        {
          "system": "email",
          "value": "fhir@lists.hl7.org"
        }
      ]
    }
  ],
  "description": "How to interpret the context.",
  "caseSensitive": true,
  "valueSet": "http://hl7.org/fhir/ValueSet/map-context-type",
  "content": "complete",
  "concept": [
    {
      "code": "type",
      "display": "Type",
      "definition": "The context specifies a type."
    },
    {
      "code": "variable",
      "display": "Variable",
      "definition": "The context specifies a variable."
    }
  ]
}