{
  "resourceType": "CodeSystem",
  "id": "contract-term-type",
  "meta": {
    "lastUpdated": "2018-12-27T22:37:54.724+11:00",
    "profile": [
      "http://hl7.org/fhir/StructureDefinition/shareablecodesystem"
    ]
  },
  "text": {
    "status": "generated",
    "div": "\u003cdiv xmlns\u003d\"http://www.w3.org/1999/xhtml\"\u003e\u003ch2\u003eContract Term Type Codes\u003c/h2\u003e\u003cdiv\u003e\u003cp\u003eThis value set includes sample Contract Term Type codes.\u003c/p\u003e\n\u003c/div\u003e\u003cp\u003e\u003cb\u003eCopyright Statement:\u003c/b\u003e This is an example set.\u003c/p\u003e\u003cp\u003eThis code system http://terminology.hl7.org/CodeSystem/contracttermtypecodes defines the following codes:\u003c/p\u003e\u003ctable class\u003d\"codes\"\u003e\u003ctr\u003e\u003ctd style\u003d\"white-space:nowrap\"\u003e\u003cb\u003eCode\u003c/b\u003e\u003c/td\u003e\u003ctd\u003e\u003cb\u003eDisplay\u003c/b\u003e\u003c/td\u003e\u003ctd\u003e\u003cb\u003eDefinition\u003c/b\u003e\u003c/td\u003e\u003c/tr\u003e\u003ctr\u003e\u003ctd style\u003d\"white-space:nowrap\"\u003estatutory\u003ca name\u003d\"contract-term-type-statutory\"\u003e \u003c/a\u003e\u003c/td\u003e\u003ctd\u003eStatutory\u003c/td\u003e\u003ctd\u003eBased on specialized statutes that deal with particular subjects.\u003c/td\u003e\u003c/tr\u003e\u003ctr\u003e\u003ctd style\u003d\"white-space:nowrap\"\u003esubject-to\u003ca name\u003d\"contract-term-type-subject-to\"\u003e \u003c/a\u003e\u003c/td\u003e\u003ctd\u003eSubject To\u003c/td\u003e\u003ctd\u003eExecution of the term in the contract is conditional on the execution of other actions.\u003c/td\u003e\u003c/tr\u003e\u003c/table\u003e\u003c/div\u003e"
  },
  "extension": [
    {
      "url": "http://hl7.org/fhir/StructureDefinition/structuredefinition-wg",
      "valueCode": "fm"
    },
    {
      "url": "http://hl7.org/fhir/StructureDefinition/structuredefinition-standards-status",
      "valueCode": "draft"
    },
    {
      "url": "http://hl7.org/fhir/StructureDefinition/structuredefinition-fmm",
      "valueInteger": 1
    }
  ],
  "url": "http://terminology.hl7.org/CodeSystem/contracttermtypecodes",
  "identifier": [
    {
      "system": "urn:ietf:rfc:3986",
      "value": "urn:oid:2.16.840.1.113883.4.642.1.1199"
    }
  ],
  "version": "4.0.0",
  "name": "ContractTermTypeCodes",
  "title": "Contract Term Type Codes",
  "status": "draft",
  "experimental": false,
  "publisher": "Financial Management",
  "contact": [
    {
      "telecom": [
        {
          "system": "url",
          "value": "http://hl7.org/fhir"
        }
      ]
    }
  ],
  "description": "This value set includes sample Contract Term Type codes.",
  "copyright": "This is an example set.",
  "caseSensitive": true,
  "valueSet": "http://hl7.org/fhir/ValueSet/contract-term-type",
  "content": "complete",
  "concept": [
    {
      "code": "statutory",
      "display": "Statutory",
      "definition": "Based on specialized statutes that deal with particular subjects."
    },
    {
      "code": "subject-to",
      "display": "Subject To",
      "definition": "Execution of the term in the contract is conditional on the execution of other actions."
    }
  ]
}