{
  "resourceType": "CodeSystem",
  "id": "graph-compartment-use",
  "meta": {
    "lastUpdated": "2018-12-27T22:37:54.724+11:00"
  },
  "text": {
    "status": "generated",
    "div": "\u003cdiv xmlns\u003d\"http://www.w3.org/1999/xhtml\"\u003e\u003ch2\u003eGraphCompartmentUse\u003c/h2\u003e\u003cdiv\u003e\u003cp\u003eDefines how a compartment rule is used.\u003c/p\u003e\n\u003c/div\u003e\u003cp\u003eThis code system http://hl7.org/fhir/graph-compartment-use defines the following codes:\u003c/p\u003e\u003ctable class\u003d\"codes\"\u003e\u003ctr\u003e\u003ctd style\u003d\"white-space:nowrap\"\u003e\u003cb\u003eCode\u003c/b\u003e\u003c/td\u003e\u003ctd\u003e\u003cb\u003eDisplay\u003c/b\u003e\u003c/td\u003e\u003ctd\u003e\u003cb\u003eDefinition\u003c/b\u003e\u003c/td\u003e\u003c/tr\u003e\u003ctr\u003e\u003ctd style\u003d\"white-space:nowrap\"\u003econdition\u003ca name\u003d\"graph-compartment-use-condition\"\u003e \u003c/a\u003e\u003c/td\u003e\u003ctd\u003eCondition\u003c/td\u003e\u003ctd\u003eThis compartment rule is a condition for whether the rule applies.\u003c/td\u003e\u003c/tr\u003e\u003ctr\u003e\u003ctd style\u003d\"white-space:nowrap\"\u003erequirement\u003ca name\u003d\"graph-compartment-use-requirement\"\u003e \u003c/a\u003e\u003c/td\u003e\u003ctd\u003eRequirement\u003c/td\u003e\u003ctd\u003eThis compartment rule is enforced on any relationships that meet the conditions.\u003c/td\u003e\u003c/tr\u003e\u003c/table\u003e\u003c/div\u003e"
  },
  "extension": [
    {
      "url": "http://hl7.org/fhir/StructureDefinition/structuredefinition-wg",
      "valueCode": "fhir"
    },
    {
      "url": "http://hl7.org/fhir/StructureDefinition/structuredefinition-standards-status",
      "valueCode": "trial-use"
    },
    {
      "url": "http://hl7.org/fhir/StructureDefinition/structuredefinition-fmm",
      "valueInteger": 1
    }
  ],
  "url": "http://hl7.org/fhir/graph-compartment-use",
  "identifier": [
    {
      "system": "urn:ietf:rfc:3986",
      "value": "urn:oid:2.16.840.1.113883.4.642.1.283"
    }
  ],
  "version": "4.0.0",
  "name": "GraphCompartmentUse",
  "title": "GraphCompartmentUse",
  "status": "draft",
  "experimental": false,
  "date": "2018-12-27T22:37:54+11:00",
  "publisher": "HL7 (FHIR Project)",
  "contact": [
    {
      "telecom": [
        {
          "system": "url",
          "value": "http://hl7.org/fhir"
        },
        {
          "system": "email",
          "value": "fhir@lists.hl7.org"
        }
      ]
    }
  ],
  "description": "Defines how a compartment rule is used.",
  "caseSensitive": true,
  "valueSet": "http://hl7.org/fhir/ValueSet/graph-compartment-use",
  "content": "complete",
  "concept": [
    {
      "code": "condition",
      "display": "Condition",
      "definition": "This compartment rule is a condition for whether the rule applies."
    },
    {
      "code": "requirement",
      "display": "Requirement",
      "definition": "This compartment rule is enforced on any relationships that meet the conditions."
    }
  ]
}