{
  "resourceType": "CodeSystem",
  "id": "action-selection-behavior",
  "meta": {
    "lastUpdated": "2018-12-27T22:37:54.724+11:00"
  },
  "text": {
    "status": "generated",
    "div": "\u003cdiv xmlns\u003d\"http://www.w3.org/1999/xhtml\"\u003e\u003ch2\u003eActionSelectionBehavior\u003c/h2\u003e\u003cdiv\u003e\u003cp\u003eDefines selection behavior of a group.\u003c/p\u003e\n\u003c/div\u003e\u003cp\u003eThis code system http://hl7.org/fhir/action-selection-behavior defines the following codes:\u003c/p\u003e\u003ctable class\u003d\"codes\"\u003e\u003ctr\u003e\u003ctd style\u003d\"white-space:nowrap\"\u003e\u003cb\u003eCode\u003c/b\u003e\u003c/td\u003e\u003ctd\u003e\u003cb\u003eDisplay\u003c/b\u003e\u003c/td\u003e\u003ctd\u003e\u003cb\u003eDefinition\u003c/b\u003e\u003c/td\u003e\u003c/tr\u003e\u003ctr\u003e\u003ctd style\u003d\"white-space:nowrap\"\u003eany\u003ca name\u003d\"action-selection-behavior-any\"\u003e \u003c/a\u003e\u003c/td\u003e\u003ctd\u003eAny\u003c/td\u003e\u003ctd\u003eAny number of the actions in the group may be chosen, from zero to all.\u003c/td\u003e\u003c/tr\u003e\u003ctr\u003e\u003ctd style\u003d\"white-space:nowrap\"\u003eall\u003ca name\u003d\"action-selection-behavior-all\"\u003e \u003c/a\u003e\u003c/td\u003e\u003ctd\u003eAll\u003c/td\u003e\u003ctd\u003eAll the actions in the group must be selected as a single unit.\u003c/td\u003e\u003c/tr\u003e\u003ctr\u003e\u003ctd style\u003d\"white-space:nowrap\"\u003eall-or-none\u003ca name\u003d\"action-selection-behavior-all-or-none\"\u003e \u003c/a\u003e\u003c/td\u003e\u003ctd\u003eAll Or None\u003c/td\u003e\u003ctd\u003eAll the actions in the group are meant to be chosen as a single unit: either all must be selected by the end user, or none may be selected.\u003c/td\u003e\u003c/tr\u003e\u003ctr\u003e\u003ctd style\u003d\"white-space:nowrap\"\u003eexactly-one\u003ca name\u003d\"action-selection-behavior-exactly-one\"\u003e \u003c/a\u003e\u003c/td\u003e\u003ctd\u003eExactly One\u003c/td\u003e\u003ctd\u003eThe end user must choose one and only one of the selectable actions in the group. The user SHALL NOT choose none of the actions in the group.\u003c/td\u003e\u003c/tr\u003e\u003ctr\u003e\u003ctd style\u003d\"white-space:nowrap\"\u003eat-most-one\u003ca name\u003d\"action-selection-behavior-at-most-one\"\u003e \u003c/a\u003e\u003c/td\u003e\u003ctd\u003eAt Most One\u003c/td\u003e\u003ctd\u003eThe end user may choose zero or at most one of the actions in the group.\u003c/td\u003e\u003c/tr\u003e\u003ctr\u003e\u003ctd style\u003d\"white-space:nowrap\"\u003eone-or-more\u003ca name\u003d\"action-selection-behavior-one-or-more\"\u003e \u003c/a\u003e\u003c/td\u003e\u003ctd\u003eOne Or More\u003c/td\u003e\u003ctd\u003eThe end user must choose a minimum of one, and as many additional as desired.\u003c/td\u003e\u003c/tr\u003e\u003c/table\u003e\u003c/div\u003e"
  },
  "extension": [
    {
      "url": "http://hl7.org/fhir/StructureDefinition/structuredefinition-wg",
      "valueCode": "cds"
    },
    {
      "url": "http://hl7.org/fhir/StructureDefinition/structuredefinition-standards-status",
      "valueCode": "trial-use"
    },
    {
      "url": "http://hl7.org/fhir/StructureDefinition/structuredefinition-fmm",
      "valueInteger": 2
    }
  ],
  "url": "http://hl7.org/fhir/action-selection-behavior",
  "identifier": [
    {
      "system": "urn:ietf:rfc:3986",
      "value": "urn:oid:2.16.840.1.113883.4.642.1.802"
    }
  ],
  "version": "4.0.0",
  "name": "ActionSelectionBehavior",
  "title": "ActionSelectionBehavior",
  "status": "draft",
  "experimental": false,
  "date": "2018-12-27T22:37:54+11:00",
  "publisher": "HL7 (FHIR Project)",
  "contact": [
    {
      "telecom": [
        {
          "system": "url",
          "value": "http://hl7.org/fhir"
        },
        {
          "system": "email",
          "value": "fhir@lists.hl7.org"
        }
      ]
    }
  ],
  "description": "Defines selection behavior of a group.",
  "caseSensitive": true,
  "valueSet": "http://hl7.org/fhir/ValueSet/action-selection-behavior",
  "content": "complete",
  "concept": [
    {
      "code": "any",
      "display": "Any",
      "definition": "Any number of the actions in the group may be chosen, from zero to all."
    },
    {
      "code": "all",
      "display": "All",
      "definition": "All the actions in the group must be selected as a single unit."
    },
    {
      "code": "all-or-none",
      "display": "All Or None",
      "definition": "All the actions in the group are meant to be chosen as a single unit: either all must be selected by the end user, or none may be selected."
    },
    {
      "code": "exactly-one",
      "display": "Exactly One",
      "definition": "The end user must choose one and only one of the selectable actions in the group. The user SHALL NOT choose none of the actions in the group."
    },
    {
      "code": "at-most-one",
      "display": "At Most One",
      "definition": "The end user may choose zero or at most one of the actions in the group."
    },
    {
      "code": "one-or-more",
      "display": "One Or More",
      "definition": "The end user must choose a minimum of one, and as many additional as desired."
    }
  ]
}