{
  "resourceType": "CodeSystem",
  "id": "allergyintolerance-clinical",
  "meta": {
    "lastUpdated": "2018-12-27T22:37:54.724+11:00",
    "profile": [
      "http://hl7.org/fhir/StructureDefinition/shareablecodesystem"
    ]
  },
  "text": {
    "status": "generated",
    "div": "\u003cdiv xmlns\u003d\"http://www.w3.org/1999/xhtml\"\u003e\u003ch2\u003eAllergyIntolerance Clinical Status Codes\u003c/h2\u003e\u003cdiv\u003e\u003cp\u003ePreferred value set for AllergyIntolerance Clinical Status.\u003c/p\u003e\n\u003c/div\u003e\u003cp\u003eThis code system http://terminology.hl7.org/CodeSystem/allergyintolerance-clinical defines the following codes:\u003c/p\u003e\u003ctable class\u003d\"codes\"\u003e\u003ctr\u003e\u003ctd\u003e\u003cb\u003eLvl\u003c/b\u003e\u003c/td\u003e\u003ctd style\u003d\"white-space:nowrap\"\u003e\u003cb\u003eCode\u003c/b\u003e\u003c/td\u003e\u003ctd\u003e\u003cb\u003eDisplay\u003c/b\u003e\u003c/td\u003e\u003ctd\u003e\u003cb\u003eDefinition\u003c/b\u003e\u003c/td\u003e\u003c/tr\u003e\u003ctr\u003e\u003ctd\u003e1\u003c/td\u003e\u003ctd style\u003d\"white-space:nowrap\"\u003eactive\u003ca name\u003d\"allergyintolerance-clinical-active\"\u003e \u003c/a\u003e\u003c/td\u003e\u003ctd\u003eActive\u003c/td\u003e\u003ctd\u003eThe subject is currently experiencing, or is at risk of, a reaction to the identified substance.\u003c/td\u003e\u003c/tr\u003e\u003ctr\u003e\u003ctd\u003e1\u003c/td\u003e\u003ctd style\u003d\"white-space:nowrap\"\u003einactive\u003ca name\u003d\"allergyintolerance-clinical-inactive\"\u003e \u003c/a\u003e\u003c/td\u003e\u003ctd\u003eInactive\u003c/td\u003e\u003ctd\u003eThe subject is no longer at risk of a reaction to the identified substance.\u003c/td\u003e\u003c/tr\u003e\u003ctr\u003e\u003ctd\u003e2\u003c/td\u003e\u003ctd style\u003d\"white-space:nowrap\"\u003e  resolved\u003ca name\u003d\"allergyintolerance-clinical-resolved\"\u003e \u003c/a\u003e\u003c/td\u003e\u003ctd\u003eResolved\u003c/td\u003e\u003ctd\u003eA reaction to the identified substance has been clinically reassessed by testing or re-exposure and is considered no longer to be present. Re-exposure could be accidental, unplanned, or outside of any clinical setting.\u003c/td\u003e\u003c/tr\u003e\u003c/table\u003e\u003c/div\u003e"
  },
  "extension": [
    {
      "url": "http://hl7.org/fhir/StructureDefinition/structuredefinition-wg",
      "valueCode": "pc"
    },
    {
      "url": "http://hl7.org/fhir/StructureDefinition/structuredefinition-standards-status",
      "valueCode": "trial-use"
    },
    {
      "url": "http://hl7.org/fhir/StructureDefinition/structuredefinition-fmm",
      "valueInteger": 3
    }
  ],
  "url": "http://terminology.hl7.org/CodeSystem/allergyintolerance-clinical",
  "identifier": [
    {
      "system": "urn:ietf:rfc:3986",
      "value": "urn:oid:2.16.840.1.113883.4.642.1.1373"
    }
  ],
  "version": "4.0.0",
  "name": "AllergyIntoleranceClinicalStatusCodes",
  "title": "AllergyIntolerance Clinical Status Codes",
  "status": "draft",
  "experimental": false,
  "publisher": "FHIR Project team",
  "contact": [
    {
      "telecom": [
        {
          "system": "url",
          "value": "http://hl7.org/fhir"
        }
      ]
    }
  ],
  "description": "Preferred value set for AllergyIntolerance Clinical Status.",
  "caseSensitive": true,
  "valueSet": "http://hl7.org/fhir/ValueSet/allergyintolerance-clinical",
  "content": "complete",
  "concept": [
    {
      "code": "active",
      "display": "Active",
      "definition": "The subject is currently experiencing, or is at risk of, a reaction to the identified substance."
    },
    {
      "code": "inactive",
      "display": "Inactive",
      "definition": "The subject is no longer at risk of a reaction to the identified substance.",
      "concept": [
        {
          "code": "resolved",
          "display": "Resolved",
          "definition": "A reaction to the identified substance has been clinically reassessed by testing or re-exposure and is considered no longer to be present. Re-exposure could be accidental, unplanned, or outside of any clinical setting."
        }
      ]
    }
  ]
}