{
  "resourceType": "CodeSystem",
  "id": "implantStatus",
  "meta": {
    "lastUpdated": "2018-12-27T22:37:54.724+11:00"
  },
  "text": {
    "status": "generated",
    "div": "\u003cdiv xmlns\u003d\"http://www.w3.org/1999/xhtml\"\u003e\u003ch2\u003eImplant Status\u003c/h2\u003e\u003cdiv\u003e\u003cp\u003eA set codes that define the functional status of an implanted device.\u003c/p\u003e\n\u003c/div\u003e\u003cp\u003eThis code system http://terminology.hl7.org/CodeSystem/implantStatus defines the following codes:\u003c/p\u003e\u003ctable class\u003d\"codes\"\u003e\u003ctr\u003e\u003ctd style\u003d\"white-space:nowrap\"\u003e\u003cb\u003eCode\u003c/b\u003e\u003c/td\u003e\u003ctd\u003e\u003cb\u003eDisplay\u003c/b\u003e\u003c/td\u003e\u003ctd\u003e\u003cb\u003eDefinition\u003c/b\u003e\u003c/td\u003e\u003c/tr\u003e\u003ctr\u003e\u003ctd style\u003d\"white-space:nowrap\"\u003efunctional\u003ca name\u003d\"implantStatus-functional\"\u003e \u003c/a\u003e\u003c/td\u003e\u003ctd\u003eFunctional\u003c/td\u003e\u003ctd\u003eThe implanted device is working normally.\u003c/td\u003e\u003c/tr\u003e\u003ctr\u003e\u003ctd style\u003d\"white-space:nowrap\"\u003enon-functional\u003ca name\u003d\"implantStatus-non-functional\"\u003e \u003c/a\u003e\u003c/td\u003e\u003ctd\u003eNon-Functional\u003c/td\u003e\u003ctd\u003eThe implanted device is not working.\u003c/td\u003e\u003c/tr\u003e\u003ctr\u003e\u003ctd style\u003d\"white-space:nowrap\"\u003edisabled\u003ca name\u003d\"implantStatus-disabled\"\u003e \u003c/a\u003e\u003c/td\u003e\u003ctd\u003eDisabled\u003c/td\u003e\u003ctd\u003eThe implanted device has been turned off.\u003c/td\u003e\u003c/tr\u003e\u003ctr\u003e\u003ctd style\u003d\"white-space:nowrap\"\u003eunknown\u003ca name\u003d\"implantStatus-unknown\"\u003e \u003c/a\u003e\u003c/td\u003e\u003ctd\u003eUnknown\u003c/td\u003e\u003ctd\u003ethe functional status of the implant has not been determined.\u003c/td\u003e\u003c/tr\u003e\u003c/table\u003e\u003c/div\u003e"
  },
  "url": "http://terminology.hl7.org/CodeSystem/implantStatus",
  "identifier": [
    {
      "system": "urn:ietf:rfc:3986",
      "value": "urn:oid:2.16.840.1.113883.4.642.1.1283"
    }
  ],
  "version": "4.0.0",
  "name": "Implant Status",
  "title": "Implant Status",
  "status": "draft",
  "experimental": false,
  "date": "2018-12-27T22:37:54+11:00",
  "publisher": "HL7 (FHIR Project)",
  "contact": [
    {
      "telecom": [
        {
          "system": "url",
          "value": "http://hl7.org/fhir"
        },
        {
          "system": "email",
          "value": "fhir@lists.hl7.org"
        }
      ]
    }
  ],
  "description": "A set codes that define the functional status of an implanted device.",
  "caseSensitive": true,
  "valueSet": "http://hl7.org/fhir/ValueSet/implantStatus",
  "content": "complete",
  "concept": [
    {
      "code": "functional",
      "display": "Functional",
      "definition": "The implanted device is working normally."
    },
    {
      "code": "non-functional",
      "display": "Non-Functional",
      "definition": "The implanted device is not working."
    },
    {
      "code": "disabled",
      "display": "Disabled",
      "definition": "The implanted device has been turned off."
    },
    {
      "code": "unknown",
      "display": "Unknown",
      "definition": "the functional status of the implant has not been determined."
    }
  ]
}