{
  "resourceType": "CodeSystem",
  "id": "action-condition-kind",
  "meta": {
    "lastUpdated": "2018-12-27T22:37:54.724+11:00"
  },
  "text": {
    "status": "generated",
    "div": "\u003cdiv xmlns\u003d\"http://www.w3.org/1999/xhtml\"\u003e\u003ch2\u003eActionConditionKind\u003c/h2\u003e\u003cdiv\u003e\u003cp\u003eDefines the kinds of conditions that can appear on actions.\u003c/p\u003e\n\u003c/div\u003e\u003cp\u003eThis code system http://hl7.org/fhir/action-condition-kind defines the following codes:\u003c/p\u003e\u003ctable class\u003d\"codes\"\u003e\u003ctr\u003e\u003ctd style\u003d\"white-space:nowrap\"\u003e\u003cb\u003eCode\u003c/b\u003e\u003c/td\u003e\u003ctd\u003e\u003cb\u003eDisplay\u003c/b\u003e\u003c/td\u003e\u003ctd\u003e\u003cb\u003eDefinition\u003c/b\u003e\u003c/td\u003e\u003c/tr\u003e\u003ctr\u003e\u003ctd style\u003d\"white-space:nowrap\"\u003eapplicability\u003ca name\u003d\"action-condition-kind-applicability\"\u003e \u003c/a\u003e\u003c/td\u003e\u003ctd\u003eApplicability\u003c/td\u003e\u003ctd\u003eThe condition describes whether or not a given action is applicable.\u003c/td\u003e\u003c/tr\u003e\u003ctr\u003e\u003ctd style\u003d\"white-space:nowrap\"\u003estart\u003ca name\u003d\"action-condition-kind-start\"\u003e \u003c/a\u003e\u003c/td\u003e\u003ctd\u003eStart\u003c/td\u003e\u003ctd\u003eThe condition is a starting condition for the action.\u003c/td\u003e\u003c/tr\u003e\u003ctr\u003e\u003ctd style\u003d\"white-space:nowrap\"\u003estop\u003ca name\u003d\"action-condition-kind-stop\"\u003e \u003c/a\u003e\u003c/td\u003e\u003ctd\u003eStop\u003c/td\u003e\u003ctd\u003eThe condition is a stop, or exit condition for the action.\u003c/td\u003e\u003c/tr\u003e\u003c/table\u003e\u003c/div\u003e"
  },
  "extension": [
    {
      "url": "http://hl7.org/fhir/StructureDefinition/structuredefinition-wg",
      "valueCode": "cds"
    },
    {
      "url": "http://hl7.org/fhir/StructureDefinition/structuredefinition-standards-status",
      "valueCode": "trial-use"
    },
    {
      "url": "http://hl7.org/fhir/StructureDefinition/structuredefinition-fmm",
      "valueInteger": 2
    }
  ],
  "url": "http://hl7.org/fhir/action-condition-kind",
  "identifier": [
    {
      "system": "urn:ietf:rfc:3986",
      "value": "urn:oid:2.16.840.1.113883.4.642.1.816"
    }
  ],
  "version": "4.0.0",
  "name": "ActionConditionKind",
  "title": "ActionConditionKind",
  "status": "draft",
  "experimental": false,
  "date": "2018-12-27T22:37:54+11:00",
  "publisher": "HL7 (FHIR Project)",
  "contact": [
    {
      "telecom": [
        {
          "system": "url",
          "value": "http://hl7.org/fhir"
        },
        {
          "system": "email",
          "value": "fhir@lists.hl7.org"
        }
      ]
    }
  ],
  "description": "Defines the kinds of conditions that can appear on actions.",
  "caseSensitive": true,
  "valueSet": "http://hl7.org/fhir/ValueSet/action-condition-kind",
  "content": "complete",
  "concept": [
    {
      "code": "applicability",
      "display": "Applicability",
      "definition": "The condition describes whether or not a given action is applicable."
    },
    {
      "code": "start",
      "display": "Start",
      "definition": "The condition is a starting condition for the action."
    },
    {
      "code": "stop",
      "display": "Stop",
      "definition": "The condition is a stop, or exit condition for the action."
    }
  ]
}