{
  "resourceType": "CodeSystem",
  "id": "action-required-behavior",
  "meta": {
    "lastUpdated": "2018-12-27T22:37:54.724+11:00"
  },
  "text": {
    "status": "generated",
    "div": "\u003cdiv xmlns\u003d\"http://www.w3.org/1999/xhtml\"\u003e\u003ch2\u003eActionRequiredBehavior\u003c/h2\u003e\u003cdiv\u003e\u003cp\u003eDefines expectations around whether an action or action group is required.\u003c/p\u003e\n\u003c/div\u003e\u003cp\u003eThis code system http://hl7.org/fhir/action-required-behavior defines the following codes:\u003c/p\u003e\u003ctable class\u003d\"codes\"\u003e\u003ctr\u003e\u003ctd style\u003d\"white-space:nowrap\"\u003e\u003cb\u003eCode\u003c/b\u003e\u003c/td\u003e\u003ctd\u003e\u003cb\u003eDisplay\u003c/b\u003e\u003c/td\u003e\u003ctd\u003e\u003cb\u003eDefinition\u003c/b\u003e\u003c/td\u003e\u003c/tr\u003e\u003ctr\u003e\u003ctd style\u003d\"white-space:nowrap\"\u003emust\u003ca name\u003d\"action-required-behavior-must\"\u003e \u003c/a\u003e\u003c/td\u003e\u003ctd\u003eMust\u003c/td\u003e\u003ctd\u003eAn action with this behavior must be included in the actions processed by the end user; the end user SHALL NOT choose not to include this action.\u003c/td\u003e\u003c/tr\u003e\u003ctr\u003e\u003ctd style\u003d\"white-space:nowrap\"\u003ecould\u003ca name\u003d\"action-required-behavior-could\"\u003e \u003c/a\u003e\u003c/td\u003e\u003ctd\u003eCould\u003c/td\u003e\u003ctd\u003eAn action with this behavior may be included in the set of actions processed by the end user.\u003c/td\u003e\u003c/tr\u003e\u003ctr\u003e\u003ctd style\u003d\"white-space:nowrap\"\u003emust-unless-documented\u003ca name\u003d\"action-required-behavior-must-unless-documented\"\u003e \u003c/a\u003e\u003c/td\u003e\u003ctd\u003eMust Unless Documented\u003c/td\u003e\u003ctd\u003eAn action with this behavior must be included in the set of actions processed by the end user, unless the end user provides documentation as to why the action was not included.\u003c/td\u003e\u003c/tr\u003e\u003c/table\u003e\u003c/div\u003e"
  },
  "extension": [
    {
      "url": "http://hl7.org/fhir/StructureDefinition/structuredefinition-wg",
      "valueCode": "cds"
    },
    {
      "url": "http://hl7.org/fhir/StructureDefinition/structuredefinition-standards-status",
      "valueCode": "trial-use"
    },
    {
      "url": "http://hl7.org/fhir/StructureDefinition/structuredefinition-fmm",
      "valueInteger": 2
    }
  ],
  "url": "http://hl7.org/fhir/action-required-behavior",
  "identifier": [
    {
      "system": "urn:ietf:rfc:3986",
      "value": "urn:oid:2.16.840.1.113883.4.642.1.804"
    }
  ],
  "version": "4.0.0",
  "name": "ActionRequiredBehavior",
  "title": "ActionRequiredBehavior",
  "status": "draft",
  "experimental": false,
  "date": "2018-12-27T22:37:54+11:00",
  "publisher": "HL7 (FHIR Project)",
  "contact": [
    {
      "telecom": [
        {
          "system": "url",
          "value": "http://hl7.org/fhir"
        },
        {
          "system": "email",
          "value": "fhir@lists.hl7.org"
        }
      ]
    }
  ],
  "description": "Defines expectations around whether an action or action group is required.",
  "caseSensitive": true,
  "valueSet": "http://hl7.org/fhir/ValueSet/action-required-behavior",
  "content": "complete",
  "concept": [
    {
      "code": "must",
      "display": "Must",
      "definition": "An action with this behavior must be included in the actions processed by the end user; the end user SHALL NOT choose not to include this action."
    },
    {
      "code": "could",
      "display": "Could",
      "definition": "An action with this behavior may be included in the set of actions processed by the end user."
    },
    {
      "code": "must-unless-documented",
      "display": "Must Unless Documented",
      "definition": "An action with this behavior must be included in the set of actions processed by the end user, unless the end user provides documentation as to why the action was not included."
    }
  ]
}