{
  "resourceType": "CodeSystem",
  "id": "graph-compartment-rule",
  "meta": {
    "lastUpdated": "2018-12-27T22:37:54.724+11:00"
  },
  "text": {
    "status": "generated",
    "div": "\u003cdiv xmlns\u003d\"http://www.w3.org/1999/xhtml\"\u003e\u003ch2\u003eGraphCompartmentRule\u003c/h2\u003e\u003cdiv\u003e\u003cp\u003eHow a compartment must be linked.\u003c/p\u003e\n\u003c/div\u003e\u003cp\u003eThis code system http://hl7.org/fhir/graph-compartment-rule defines the following codes:\u003c/p\u003e\u003ctable class\u003d\"codes\"\u003e\u003ctr\u003e\u003ctd style\u003d\"white-space:nowrap\"\u003e\u003cb\u003eCode\u003c/b\u003e\u003c/td\u003e\u003ctd\u003e\u003cb\u003eDisplay\u003c/b\u003e\u003c/td\u003e\u003ctd\u003e\u003cb\u003eDefinition\u003c/b\u003e\u003c/td\u003e\u003c/tr\u003e\u003ctr\u003e\u003ctd style\u003d\"white-space:nowrap\"\u003eidentical\u003ca name\u003d\"graph-compartment-rule-identical\"\u003e \u003c/a\u003e\u003c/td\u003e\u003ctd\u003eIdentical\u003c/td\u003e\u003ctd\u003eThe compartment must be identical (the same literal reference).\u003c/td\u003e\u003c/tr\u003e\u003ctr\u003e\u003ctd style\u003d\"white-space:nowrap\"\u003ematching\u003ca name\u003d\"graph-compartment-rule-matching\"\u003e \u003c/a\u003e\u003c/td\u003e\u003ctd\u003eMatching\u003c/td\u003e\u003ctd\u003eThe compartment must be the same - the record must be about the same patient, but the reference may be different.\u003c/td\u003e\u003c/tr\u003e\u003ctr\u003e\u003ctd style\u003d\"white-space:nowrap\"\u003edifferent\u003ca name\u003d\"graph-compartment-rule-different\"\u003e \u003c/a\u003e\u003c/td\u003e\u003ctd\u003eDifferent\u003c/td\u003e\u003ctd\u003eThe compartment must be different.\u003c/td\u003e\u003c/tr\u003e\u003ctr\u003e\u003ctd style\u003d\"white-space:nowrap\"\u003ecustom\u003ca name\u003d\"graph-compartment-rule-custom\"\u003e \u003c/a\u003e\u003c/td\u003e\u003ctd\u003eCustom\u003c/td\u003e\u003ctd\u003eThe compartment rule is defined in the accompanying FHIRPath expression.\u003c/td\u003e\u003c/tr\u003e\u003c/table\u003e\u003c/div\u003e"
  },
  "extension": [
    {
      "url": "http://hl7.org/fhir/StructureDefinition/structuredefinition-wg",
      "valueCode": "fhir"
    },
    {
      "url": "http://hl7.org/fhir/StructureDefinition/structuredefinition-standards-status",
      "valueCode": "trial-use"
    },
    {
      "url": "http://hl7.org/fhir/StructureDefinition/structuredefinition-fmm",
      "valueInteger": 1
    }
  ],
  "url": "http://hl7.org/fhir/graph-compartment-rule",
  "identifier": [
    {
      "system": "urn:ietf:rfc:3986",
      "value": "urn:oid:2.16.840.1.113883.4.642.1.281"
    }
  ],
  "version": "4.0.0",
  "name": "GraphCompartmentRule",
  "title": "GraphCompartmentRule",
  "status": "draft",
  "experimental": false,
  "date": "2018-12-27T22:37:54+11:00",
  "publisher": "HL7 (FHIR Project)",
  "contact": [
    {
      "telecom": [
        {
          "system": "url",
          "value": "http://hl7.org/fhir"
        },
        {
          "system": "email",
          "value": "fhir@lists.hl7.org"
        }
      ]
    }
  ],
  "description": "How a compartment must be linked.",
  "caseSensitive": true,
  "valueSet": "http://hl7.org/fhir/ValueSet/graph-compartment-rule",
  "content": "complete",
  "concept": [
    {
      "code": "identical",
      "display": "Identical",
      "definition": "The compartment must be identical (the same literal reference)."
    },
    {
      "code": "matching",
      "display": "Matching",
      "definition": "The compartment must be the same - the record must be about the same patient, but the reference may be different."
    },
    {
      "code": "different",
      "display": "Different",
      "definition": "The compartment must be different."
    },
    {
      "code": "custom",
      "display": "Custom",
      "definition": "The compartment rule is defined in the accompanying FHIRPath expression."
    }
  ]
}