{
  "resourceType": "CodeSystem",
  "id": "days-of-week",
  "meta": {
    "lastUpdated": "2018-12-27T22:37:54.724+11:00"
  },
  "text": {
    "status": "generated",
    "div": "\u003cdiv xmlns\u003d\"http://www.w3.org/1999/xhtml\"\u003e\u003ch2\u003eDaysOfWeek\u003c/h2\u003e\u003cdiv\u003e\u003cp\u003eThe days of the week.\u003c/p\u003e\n\u003c/div\u003e\u003cp\u003eThis code system http://hl7.org/fhir/days-of-week defines the following codes:\u003c/p\u003e\u003ctable class\u003d\"codes\"\u003e\u003ctr\u003e\u003ctd style\u003d\"white-space:nowrap\"\u003e\u003cb\u003eCode\u003c/b\u003e\u003c/td\u003e\u003ctd\u003e\u003cb\u003eDisplay\u003c/b\u003e\u003c/td\u003e\u003ctd\u003e\u003cb\u003eDefinition\u003c/b\u003e\u003c/td\u003e\u003c/tr\u003e\u003ctr\u003e\u003ctd style\u003d\"white-space:nowrap\"\u003emon\u003ca name\u003d\"days-of-week-mon\"\u003e \u003c/a\u003e\u003c/td\u003e\u003ctd\u003eMonday\u003c/td\u003e\u003ctd\u003eMonday.\u003c/td\u003e\u003c/tr\u003e\u003ctr\u003e\u003ctd style\u003d\"white-space:nowrap\"\u003etue\u003ca name\u003d\"days-of-week-tue\"\u003e \u003c/a\u003e\u003c/td\u003e\u003ctd\u003eTuesday\u003c/td\u003e\u003ctd\u003eTuesday.\u003c/td\u003e\u003c/tr\u003e\u003ctr\u003e\u003ctd style\u003d\"white-space:nowrap\"\u003ewed\u003ca name\u003d\"days-of-week-wed\"\u003e \u003c/a\u003e\u003c/td\u003e\u003ctd\u003eWednesday\u003c/td\u003e\u003ctd\u003eWednesday.\u003c/td\u003e\u003c/tr\u003e\u003ctr\u003e\u003ctd style\u003d\"white-space:nowrap\"\u003ethu\u003ca name\u003d\"days-of-week-thu\"\u003e \u003c/a\u003e\u003c/td\u003e\u003ctd\u003eThursday\u003c/td\u003e\u003ctd\u003eThursday.\u003c/td\u003e\u003c/tr\u003e\u003ctr\u003e\u003ctd style\u003d\"white-space:nowrap\"\u003efri\u003ca name\u003d\"days-of-week-fri\"\u003e \u003c/a\u003e\u003c/td\u003e\u003ctd\u003eFriday\u003c/td\u003e\u003ctd\u003eFriday.\u003c/td\u003e\u003c/tr\u003e\u003ctr\u003e\u003ctd style\u003d\"white-space:nowrap\"\u003esat\u003ca name\u003d\"days-of-week-sat\"\u003e \u003c/a\u003e\u003c/td\u003e\u003ctd\u003eSaturday\u003c/td\u003e\u003ctd\u003eSaturday.\u003c/td\u003e\u003c/tr\u003e\u003ctr\u003e\u003ctd style\u003d\"white-space:nowrap\"\u003esun\u003ca name\u003d\"days-of-week-sun\"\u003e \u003c/a\u003e\u003c/td\u003e\u003ctd\u003eSunday\u003c/td\u003e\u003ctd\u003eSunday.\u003c/td\u003e\u003c/tr\u003e\u003c/table\u003e\u003c/div\u003e"
  },
  "extension": [
    {
      "url": "http://hl7.org/fhir/StructureDefinition/structuredefinition-wg",
      "valueCode": "pa"
    },
    {
      "url": "http://hl7.org/fhir/StructureDefinition/structuredefinition-standards-status",
      "valueCode": "normative"
    },
    {
      "url": "http://hl7.org/fhir/StructureDefinition/structuredefinition-normative-version",
      "valueCode": "4.0.0"
    },
    {
      "url": "http://hl7.org/fhir/StructureDefinition/structuredefinition-fmm",
      "valueInteger": 5
    }
  ],
  "url": "http://hl7.org/fhir/days-of-week",
  "identifier": [
    {
      "system": "urn:ietf:rfc:3986",
      "value": "urn:oid:2.16.840.1.113883.4.642.1.513"
    }
  ],
  "version": "4.0.0",
  "name": "DaysOfWeek",
  "title": "DaysOfWeek",
  "status": "active",
  "experimental": false,
  "date": "2018-12-27T22:37:54+11:00",
  "publisher": "HL7 (FHIR Project)",
  "contact": [
    {
      "telecom": [
        {
          "system": "url",
          "value": "http://hl7.org/fhir"
        },
        {
          "system": "email",
          "value": "fhir@lists.hl7.org"
        }
      ]
    }
  ],
  "description": "The days of the week.",
  "caseSensitive": true,
  "valueSet": "http://hl7.org/fhir/ValueSet/days-of-week",
  "content": "complete",
  "concept": [
    {
      "code": "mon",
      "display": "Monday",
      "definition": "Monday."
    },
    {
      "code": "tue",
      "display": "Tuesday",
      "definition": "Tuesday."
    },
    {
      "code": "wed",
      "display": "Wednesday",
      "definition": "Wednesday."
    },
    {
      "code": "thu",
      "display": "Thursday",
      "definition": "Thursday."
    },
    {
      "code": "fri",
      "display": "Friday",
      "definition": "Friday."
    },
    {
      "code": "sat",
      "display": "Saturday",
      "definition": "Saturday."
    },
    {
      "code": "sun",
      "display": "Sunday",
      "definition": "Sunday."
    }
  ]
}