{
  "resourceType": "CodeSystem",
  "id": "adverse-event-seriousness",
  "meta": {
    "lastUpdated": "2018-12-27T22:37:54.724+11:00"
  },
  "text": {
    "status": "generated",
    "div": "\u003cdiv xmlns\u003d\"http://www.w3.org/1999/xhtml\"\u003e\u003ch2\u003eAdverseEventSeriousness\u003c/h2\u003e\u003cdiv\u003e\u003cp\u003eOverall seriousness of this event for the patient.\u003c/p\u003e\n\u003c/div\u003e\u003cp\u003eThis code system http://terminology.hl7.org/CodeSystem/adverse-event-seriousness defines the following codes:\u003c/p\u003e\u003ctable class\u003d\"codes\"\u003e\u003ctr\u003e\u003ctd\u003e\u003cb\u003eLvl\u003c/b\u003e\u003c/td\u003e\u003ctd style\u003d\"white-space:nowrap\"\u003e\u003cb\u003eCode\u003c/b\u003e\u003c/td\u003e\u003ctd\u003e\u003cb\u003eDisplay\u003c/b\u003e\u003c/td\u003e\u003ctd\u003e\u003cb\u003eDefinition\u003c/b\u003e\u003c/td\u003e\u003c/tr\u003e\u003ctr\u003e\u003ctd\u003e1\u003c/td\u003e\u003ctd style\u003d\"white-space:nowrap\"\u003eNon-serious\u003ca name\u003d\"adverse-event-seriousness-Non-serious\"\u003e \u003c/a\u003e\u003c/td\u003e\u003ctd\u003eNon-serious\u003c/td\u003e\u003ctd\u003eNon-serious.\u003c/td\u003e\u003c/tr\u003e\u003ctr\u003e\u003ctd\u003e1\u003c/td\u003e\u003ctd style\u003d\"white-space:nowrap\"\u003eSerious\u003ca name\u003d\"adverse-event-seriousness-Serious\"\u003e \u003c/a\u003e\u003c/td\u003e\u003ctd\u003eSerious\u003c/td\u003e\u003ctd\u003eSerious.\u003c/td\u003e\u003c/tr\u003e\u003ctr\u003e\u003ctd\u003e2\u003c/td\u003e\u003ctd style\u003d\"white-space:nowrap\"\u003e  SeriousResultsInDeath\u003ca name\u003d\"adverse-event-seriousness-SeriousResultsInDeath\"\u003e \u003c/a\u003e\u003c/td\u003e\u003ctd\u003eResults in death\u003c/td\u003e\u003ctd\u003eResults in death.\u003c/td\u003e\u003c/tr\u003e\u003ctr\u003e\u003ctd\u003e2\u003c/td\u003e\u003ctd style\u003d\"white-space:nowrap\"\u003e  SeriousIsLifeThreatening\u003ca name\u003d\"adverse-event-seriousness-SeriousIsLifeThreatening\"\u003e \u003c/a\u003e\u003c/td\u003e\u003ctd\u003eIs Life-threatening\u003c/td\u003e\u003ctd\u003eIs Life-threatening.\u003c/td\u003e\u003c/tr\u003e\u003ctr\u003e\u003ctd\u003e2\u003c/td\u003e\u003ctd style\u003d\"white-space:nowrap\"\u003e  SeriousResultsInHospitalization\u003ca name\u003d\"adverse-event-seriousness-SeriousResultsInHospitalization\"\u003e \u003c/a\u003e\u003c/td\u003e\u003ctd\u003eRequires or prolongs inpatient hospitalization\u003c/td\u003e\u003ctd\u003eRequires inpatient hospitalization or causes prolongation of existing hospitalization.\u003c/td\u003e\u003c/tr\u003e\u003ctr\u003e\u003ctd\u003e2\u003c/td\u003e\u003ctd style\u003d\"white-space:nowrap\"\u003e  SeriousResultsInDisability\u003ca name\u003d\"adverse-event-seriousness-SeriousResultsInDisability\"\u003e \u003c/a\u003e\u003c/td\u003e\u003ctd\u003eResults in persistent or significant disability/incapacity\u003c/td\u003e\u003ctd\u003eResults in persistent or significant disability/incapacity.\u003c/td\u003e\u003c/tr\u003e\u003ctr\u003e\u003ctd\u003e2\u003c/td\u003e\u003ctd style\u003d\"white-space:nowrap\"\u003e  SeriousIsBirthDefect\u003ca name\u003d\"adverse-event-seriousness-SeriousIsBirthDefect\"\u003e \u003c/a\u003e\u003c/td\u003e\u003ctd\u003eIs a congenital anomaly/birth defect\u003c/td\u003e\u003ctd\u003eIs a congenital anomaly/birth defect.\u003c/td\u003e\u003c/tr\u003e\u003ctr\u003e\u003ctd\u003e2\u003c/td\u003e\u003ctd style\u003d\"white-space:nowrap\"\u003e  SeriousRequiresPreventImpairment\u003ca name\u003d\"adverse-event-seriousness-SeriousRequiresPreventImpairment\"\u003e \u003c/a\u003e\u003c/td\u003e\u003ctd\u003eRequires intervention to prevent permanent impairment\u003c/td\u003e\u003ctd\u003eRequires intervention to prevent permanent impairment or damage (i.e., an important medical event that requires medical judgement).\u003c/td\u003e\u003c/tr\u003e\u003c/table\u003e\u003c/div\u003e"
  },
  "extension": [
    {
      "url": "http://hl7.org/fhir/StructureDefinition/structuredefinition-wg",
      "valueCode": "pc"
    },
    {
      "url": "http://hl7.org/fhir/StructureDefinition/structuredefinition-standards-status",
      "valueCode": "draft"
    },
    {
      "url": "http://hl7.org/fhir/StructureDefinition/structuredefinition-fmm",
      "valueInteger": 1
    }
  ],
  "url": "http://terminology.hl7.org/CodeSystem/adverse-event-seriousness",
  "identifier": [
    {
      "system": "urn:ietf:rfc:3986",
      "value": "urn:oid:2.16.840.1.113883.4.642.1.1253"
    }
  ],
  "version": "4.0.0",
  "name": "AdverseEventSeriousness",
  "title": "AdverseEventSeriousness",
  "status": "draft",
  "experimental": false,
  "date": "2018-12-27T22:37:54+11:00",
  "publisher": "HL7 (FHIR Project)",
  "contact": [
    {
      "telecom": [
        {
          "system": "url",
          "value": "http://hl7.org/fhir"
        },
        {
          "system": "email",
          "value": "fhir@lists.hl7.org"
        }
      ]
    }
  ],
  "description": "Overall seriousness of this event for the patient.",
  "caseSensitive": true,
  "valueSet": "http://hl7.org/fhir/ValueSet/adverse-event-seriousness",
  "content": "complete",
  "concept": [
    {
      "code": "Non-serious",
      "display": "Non-serious",
      "definition": "Non-serious."
    },
    {
      "code": "Serious",
      "display": "Serious",
      "definition": "Serious.",
      "concept": [
        {
          "code": "SeriousResultsInDeath",
          "display": "Results in death",
          "definition": "Results in death."
        },
        {
          "code": "SeriousIsLifeThreatening",
          "display": "Is Life-threatening",
          "definition": "Is Life-threatening."
        },
        {
          "code": "SeriousResultsInHospitalization",
          "display": "Requires or prolongs inpatient hospitalization",
          "definition": "Requires inpatient hospitalization or causes prolongation of existing hospitalization."
        },
        {
          "code": "SeriousResultsInDisability",
          "display": "Results in persistent or significant disability/incapacity",
          "definition": "Results in persistent or significant disability/incapacity."
        },
        {
          "code": "SeriousIsBirthDefect",
          "display": "Is a congenital anomaly/birth defect",
          "definition": "Is a congenital anomaly/birth defect."
        },
        {
          "code": "SeriousRequiresPreventImpairment",
          "display": "Requires intervention to prevent permanent impairment",
          "definition": "Requires intervention to prevent permanent impairment or damage (i.e., an important medical event that requires medical judgement)."
        }
      ]
    }
  ]
}