{
  "resourceType": "CodeSystem",
  "id": "contract-type",
  "meta": {
    "lastUpdated": "2018-12-27T22:37:54.724+11:00",
    "profile": [
      "http://hl7.org/fhir/StructureDefinition/shareablecodesystem"
    ]
  },
  "text": {
    "status": "generated",
    "div": "\u003cdiv xmlns\u003d\"http://www.w3.org/1999/xhtml\"\u003e\u003ch2\u003eContract Type Codes\u003c/h2\u003e\u003cdiv\u003e\u003cp\u003eThis value set includes sample Contract Type codes.\u003c/p\u003e\n\u003c/div\u003e\u003cp\u003e\u003cb\u003eCopyright Statement:\u003c/b\u003e This is an example set.\u003c/p\u003e\u003cp\u003eThis code system http://terminology.hl7.org/CodeSystem/contract-type defines the following codes:\u003c/p\u003e\u003ctable class\u003d\"codes\"\u003e\u003ctr\u003e\u003ctd style\u003d\"white-space:nowrap\"\u003e\u003cb\u003eCode\u003c/b\u003e\u003c/td\u003e\u003ctd\u003e\u003cb\u003eDisplay\u003c/b\u003e\u003c/td\u003e\u003ctd\u003e\u003cb\u003eDefinition\u003c/b\u003e\u003c/td\u003e\u003c/tr\u003e\u003ctr\u003e\u003ctd style\u003d\"white-space:nowrap\"\u003eprivacy\u003ca name\u003d\"contract-type-privacy\"\u003e \u003c/a\u003e\u003c/td\u003e\u003ctd\u003ePrivacy\u003c/td\u003e\u003ctd\u003ePrivacy policy.\u003c/td\u003e\u003c/tr\u003e\u003ctr\u003e\u003ctd style\u003d\"white-space:nowrap\"\u003edisclosure\u003ca name\u003d\"contract-type-disclosure\"\u003e \u003c/a\u003e\u003c/td\u003e\u003ctd\u003eDisclosure\u003c/td\u003e\u003ctd\u003eInformation disclosure policy.\u003c/td\u003e\u003c/tr\u003e\u003ctr\u003e\u003ctd style\u003d\"white-space:nowrap\"\u003ehealthinsurance\u003ca name\u003d\"contract-type-healthinsurance\"\u003e \u003c/a\u003e\u003c/td\u003e\u003ctd\u003eHealth Insurance\u003c/td\u003e\u003ctd\u003eHealth Insurance policy.\u003c/td\u003e\u003c/tr\u003e\u003ctr\u003e\u003ctd style\u003d\"white-space:nowrap\"\u003esupply\u003ca name\u003d\"contract-type-supply\"\u003e \u003c/a\u003e\u003c/td\u003e\u003ctd\u003eSupply Contract\u003c/td\u003e\u003ctd\u003eContract to supply goods or services.\u003c/td\u003e\u003c/tr\u003e\u003ctr\u003e\u003ctd style\u003d\"white-space:nowrap\"\u003econsent\u003ca name\u003d\"contract-type-consent\"\u003e \u003c/a\u003e\u003c/td\u003e\u003ctd\u003eConsent\u003c/td\u003e\u003ctd\u003eConsent Directive.\u003c/td\u003e\u003c/tr\u003e\u003c/table\u003e\u003c/div\u003e"
  },
  "extension": [
    {
      "url": "http://hl7.org/fhir/StructureDefinition/structuredefinition-wg",
      "valueCode": "fm"
    },
    {
      "url": "http://hl7.org/fhir/StructureDefinition/structuredefinition-standards-status",
      "valueCode": "draft"
    },
    {
      "url": "http://hl7.org/fhir/StructureDefinition/structuredefinition-fmm",
      "valueInteger": 1
    }
  ],
  "url": "http://terminology.hl7.org/CodeSystem/contract-type",
  "identifier": [
    {
      "system": "urn:ietf:rfc:3986",
      "value": "urn:oid:2.16.840.1.113883.4.642.1.1330"
    }
  ],
  "version": "4.0.0",
  "name": "ContractTypeCodes",
  "title": "Contract Type Codes",
  "status": "draft",
  "experimental": false,
  "publisher": "Financial Management",
  "contact": [
    {
      "telecom": [
        {
          "system": "url",
          "value": "http://hl7.org/fhir"
        }
      ]
    }
  ],
  "description": "This value set includes sample Contract Type codes.",
  "copyright": "This is an example set.",
  "caseSensitive": true,
  "valueSet": "http://hl7.org/fhir/ValueSet/contract-type",
  "content": "complete",
  "concept": [
    {
      "code": "privacy",
      "display": "Privacy",
      "definition": "Privacy policy."
    },
    {
      "code": "disclosure",
      "display": "Disclosure",
      "definition": "Information disclosure policy."
    },
    {
      "code": "healthinsurance",
      "display": "Health Insurance",
      "definition": "Health Insurance policy."
    },
    {
      "code": "supply",
      "display": "Supply Contract",
      "definition": "Contract to supply goods or services."
    },
    {
      "code": "consent",
      "display": "Consent",
      "definition": "Consent Directive."
    }
  ]
}