{
  "resourceType": "CodeSystem",
  "id": "concept-property-type",
  "meta": {
    "lastUpdated": "2018-12-27T22:37:54.724+11:00"
  },
  "text": {
    "status": "generated",
    "div": "\u003cdiv xmlns\u003d\"http://www.w3.org/1999/xhtml\"\u003e\u003ch2\u003ePropertyType\u003c/h2\u003e\u003cdiv\u003e\u003cp\u003eThe type of a property value.\u003c/p\u003e\n\u003c/div\u003e\u003cp\u003eThis code system http://hl7.org/fhir/concept-property-type defines the following codes:\u003c/p\u003e\u003ctable class\u003d\"codes\"\u003e\u003ctr\u003e\u003ctd style\u003d\"white-space:nowrap\"\u003e\u003cb\u003eCode\u003c/b\u003e\u003c/td\u003e\u003ctd\u003e\u003cb\u003eDisplay\u003c/b\u003e\u003c/td\u003e\u003ctd\u003e\u003cb\u003eDefinition\u003c/b\u003e\u003c/td\u003e\u003c/tr\u003e\u003ctr\u003e\u003ctd style\u003d\"white-space:nowrap\"\u003ecode\u003ca name\u003d\"concept-property-type-code\"\u003e \u003c/a\u003e\u003c/td\u003e\u003ctd\u003ecode (internal reference)\u003c/td\u003e\u003ctd\u003eThe property value is a code that identifies a concept defined in the code system.\u003c/td\u003e\u003c/tr\u003e\u003ctr\u003e\u003ctd style\u003d\"white-space:nowrap\"\u003eCoding\u003ca name\u003d\"concept-property-type-Coding\"\u003e \u003c/a\u003e\u003c/td\u003e\u003ctd\u003eCoding (external reference)\u003c/td\u003e\u003ctd\u003eThe property  value is a code defined in an external code system. This may be used for translations, but is not the intent.\u003c/td\u003e\u003c/tr\u003e\u003ctr\u003e\u003ctd style\u003d\"white-space:nowrap\"\u003estring\u003ca name\u003d\"concept-property-type-string\"\u003e \u003c/a\u003e\u003c/td\u003e\u003ctd\u003estring\u003c/td\u003e\u003ctd\u003eThe property value is a string.\u003c/td\u003e\u003c/tr\u003e\u003ctr\u003e\u003ctd style\u003d\"white-space:nowrap\"\u003einteger\u003ca name\u003d\"concept-property-type-integer\"\u003e \u003c/a\u003e\u003c/td\u003e\u003ctd\u003einteger\u003c/td\u003e\u003ctd\u003eThe property value is a string (often used to assign ranking values to concepts for supporting score assessments).\u003c/td\u003e\u003c/tr\u003e\u003ctr\u003e\u003ctd style\u003d\"white-space:nowrap\"\u003eboolean\u003ca name\u003d\"concept-property-type-boolean\"\u003e \u003c/a\u003e\u003c/td\u003e\u003ctd\u003eboolean\u003c/td\u003e\u003ctd\u003eThe property value is a boolean true | false.\u003c/td\u003e\u003c/tr\u003e\u003ctr\u003e\u003ctd style\u003d\"white-space:nowrap\"\u003edateTime\u003ca name\u003d\"concept-property-type-dateTime\"\u003e \u003c/a\u003e\u003c/td\u003e\u003ctd\u003edateTime\u003c/td\u003e\u003ctd\u003eThe property is a date or a date + time.\u003c/td\u003e\u003c/tr\u003e\u003ctr\u003e\u003ctd style\u003d\"white-space:nowrap\"\u003edecimal\u003ca name\u003d\"concept-property-type-decimal\"\u003e \u003c/a\u003e\u003c/td\u003e\u003ctd\u003edecimal\u003c/td\u003e\u003ctd\u003eThe property value is a decimal number.\u003c/td\u003e\u003c/tr\u003e\u003c/table\u003e\u003c/div\u003e"
  },
  "extension": [
    {
      "url": "http://hl7.org/fhir/StructureDefinition/structuredefinition-wg",
      "valueCode": "vocab"
    },
    {
      "url": "http://hl7.org/fhir/StructureDefinition/structuredefinition-standards-status",
      "valueCode": "normative"
    },
    {
      "url": "http://hl7.org/fhir/StructureDefinition/structuredefinition-normative-version",
      "valueCode": "4.0.0"
    },
    {
      "url": "http://hl7.org/fhir/StructureDefinition/structuredefinition-fmm",
      "valueInteger": 5
    }
  ],
  "url": "http://hl7.org/fhir/concept-property-type",
  "identifier": [
    {
      "system": "urn:ietf:rfc:3986",
      "value": "urn:oid:2.16.840.1.113883.4.642.1.781"
    }
  ],
  "version": "4.0.0",
  "name": "PropertyType",
  "title": "PropertyType",
  "status": "active",
  "experimental": false,
  "date": "2018-12-27T22:37:54+11:00",
  "publisher": "HL7 (FHIR Project)",
  "contact": [
    {
      "telecom": [
        {
          "system": "url",
          "value": "http://hl7.org/fhir"
        },
        {
          "system": "email",
          "value": "fhir@lists.hl7.org"
        }
      ]
    }
  ],
  "description": "The type of a property value.",
  "caseSensitive": true,
  "valueSet": "http://hl7.org/fhir/ValueSet/concept-property-type",
  "content": "complete",
  "concept": [
    {
      "code": "code",
      "display": "code (internal reference)",
      "definition": "The property value is a code that identifies a concept defined in the code system."
    },
    {
      "code": "Coding",
      "display": "Coding (external reference)",
      "definition": "The property  value is a code defined in an external code system. This may be used for translations, but is not the intent."
    },
    {
      "code": "string",
      "display": "string",
      "definition": "The property value is a string."
    },
    {
      "code": "integer",
      "display": "integer",
      "definition": "The property value is a string (often used to assign ranking values to concepts for supporting score assessments)."
    },
    {
      "code": "boolean",
      "display": "boolean",
      "definition": "The property value is a boolean true | false."
    },
    {
      "code": "dateTime",
      "display": "dateTime",
      "definition": "The property is a date or a date + time."
    },
    {
      "code": "decimal",
      "display": "decimal",
      "definition": "The property value is a decimal number."
    }
  ]
}