{
  "resourceType": "CodeSystem",
  "id": "medication-statement-status",
  "meta": {
    "lastUpdated": "2018-12-27T22:37:54.724+11:00",
    "profile": [
      "http://hl7.org/fhir/StructureDefinition/shareablecodesystem"
    ]
  },
  "text": {
    "status": "generated",
    "div": "\u003cdiv xmlns\u003d\"http://www.w3.org/1999/xhtml\"\u003e\u003ch2\u003eMedication  status  codes\u003c/h2\u003e\u003cdiv\u003e\u003cp\u003eMedication Status Codes\u003c/p\u003e\n\u003c/div\u003e\u003cp\u003eThis code system http://hl7.org/fhir/CodeSystem/medication-statement-status defines the following codes:\u003c/p\u003e\u003ctable class\u003d\"codes\"\u003e\u003ctr\u003e\u003ctd style\u003d\"white-space:nowrap\"\u003e\u003cb\u003eCode\u003c/b\u003e\u003c/td\u003e\u003ctd\u003e\u003cb\u003eDisplay\u003c/b\u003e\u003c/td\u003e\u003ctd\u003e\u003cb\u003eDefinition\u003c/b\u003e\u003c/td\u003e\u003c/tr\u003e\u003ctr\u003e\u003ctd style\u003d\"white-space:nowrap\"\u003eactive\u003ca name\u003d\"medication-statement-status-active\"\u003e \u003c/a\u003e\u003c/td\u003e\u003ctd\u003eActive\u003c/td\u003e\u003ctd\u003eThe medication is still being taken.\u003c/td\u003e\u003c/tr\u003e\u003ctr\u003e\u003ctd style\u003d\"white-space:nowrap\"\u003ecompleted\u003ca name\u003d\"medication-statement-status-completed\"\u003e \u003c/a\u003e\u003c/td\u003e\u003ctd\u003eCompleted\u003c/td\u003e\u003ctd\u003eThe medication is no longer being taken.\u003c/td\u003e\u003c/tr\u003e\u003ctr\u003e\u003ctd style\u003d\"white-space:nowrap\"\u003eentered-in-error\u003ca name\u003d\"medication-statement-status-entered-in-error\"\u003e \u003c/a\u003e\u003c/td\u003e\u003ctd\u003eEntered in Error\u003c/td\u003e\u003ctd\u003eSome of the actions that are implied by the medication statement may have occurred.  For example, the patient may have taken some of the medication.  Clinical decision support systems should take this status into account.\u003c/td\u003e\u003c/tr\u003e\u003ctr\u003e\u003ctd style\u003d\"white-space:nowrap\"\u003eintended\u003ca name\u003d\"medication-statement-status-intended\"\u003e \u003c/a\u003e\u003c/td\u003e\u003ctd\u003eIntended\u003c/td\u003e\u003ctd\u003eThe medication may be taken at some time in the future.\u003c/td\u003e\u003c/tr\u003e\u003ctr\u003e\u003ctd style\u003d\"white-space:nowrap\"\u003estopped\u003ca name\u003d\"medication-statement-status-stopped\"\u003e \u003c/a\u003e\u003c/td\u003e\u003ctd\u003eStopped\u003c/td\u003e\u003ctd\u003eActions implied by the statement have been permanently halted, before all of them occurred. This should not be used if the statement was entered in error.\u003c/td\u003e\u003c/tr\u003e\u003ctr\u003e\u003ctd style\u003d\"white-space:nowrap\"\u003eon-hold\u003ca name\u003d\"medication-statement-status-on-hold\"\u003e \u003c/a\u003e\u003c/td\u003e\u003ctd\u003eOn Hold\u003c/td\u003e\u003ctd\u003eActions implied by the statement have been temporarily halted, but are expected to continue later. May also be called \u0027suspended\u0027.\u003c/td\u003e\u003c/tr\u003e\u003ctr\u003e\u003ctd style\u003d\"white-space:nowrap\"\u003eunknown\u003ca name\u003d\"medication-statement-status-unknown\"\u003e \u003c/a\u003e\u003c/td\u003e\u003ctd\u003eUnknown\u003c/td\u003e\u003ctd\u003eThe state of the medication use is not currently known.\u003c/td\u003e\u003c/tr\u003e\u003ctr\u003e\u003ctd style\u003d\"white-space:nowrap\"\u003enot-taken\u003ca name\u003d\"medication-statement-status-not-taken\"\u003e \u003c/a\u003e\u003c/td\u003e\u003ctd\u003eNot Taken\u003c/td\u003e\u003ctd\u003eThe medication was not consumed by the patient\u003c/td\u003e\u003c/tr\u003e\u003c/table\u003e\u003c/div\u003e"
  },
  "extension": [
    {
      "url": "http://hl7.org/fhir/StructureDefinition/structuredefinition-wg",
      "valueCode": "phx"
    },
    {
      "url": "http://hl7.org/fhir/StructureDefinition/structuredefinition-standards-status",
      "valueCode": "trial-use"
    },
    {
      "url": "http://hl7.org/fhir/StructureDefinition/structuredefinition-fmm",
      "valueInteger": 3
    }
  ],
  "url": "http://hl7.org/fhir/CodeSystem/medication-statement-status",
  "identifier": [
    {
      "system": "urn:ietf:rfc:3986",
      "value": "urn:oid:2.16.840.1.113883.4.642.1.1379"
    }
  ],
  "version": "4.0.0",
  "name": "Medication Status Codes",
  "title": "Medication  status  codes",
  "status": "draft",
  "experimental": false,
  "publisher": "FHIR Project team",
  "contact": [
    {
      "telecom": [
        {
          "system": "url",
          "value": "http://hl7.org/fhir"
        }
      ]
    }
  ],
  "description": "Medication Status Codes",
  "caseSensitive": true,
  "valueSet": "http://hl7.org/fhir/ValueSet/medication-statement-status",
  "content": "complete",
  "concept": [
    {
      "code": "active",
      "display": "Active",
      "definition": "The medication is still being taken."
    },
    {
      "code": "completed",
      "display": "Completed",
      "definition": "The medication is no longer being taken."
    },
    {
      "code": "entered-in-error",
      "display": "Entered in Error",
      "definition": "Some of the actions that are implied by the medication statement may have occurred.  For example, the patient may have taken some of the medication.  Clinical decision support systems should take this status into account."
    },
    {
      "code": "intended",
      "display": "Intended",
      "definition": "The medication may be taken at some time in the future."
    },
    {
      "code": "stopped",
      "display": "Stopped",
      "definition": "Actions implied by the statement have been permanently halted, before all of them occurred. This should not be used if the statement was entered in error."
    },
    {
      "code": "on-hold",
      "display": "On Hold",
      "definition": "Actions implied by the statement have been temporarily halted, but are expected to continue later. May also be called \u0027suspended\u0027."
    },
    {
      "code": "unknown",
      "display": "Unknown",
      "definition": "The state of the medication use is not currently known."
    },
    {
      "code": "not-taken",
      "display": "Not Taken",
      "definition": "The medication was not consumed by the patient"
    }
  ]
}