{
  "resourceType": "CodeSystem",
  "id": "goal-acceptance-status",
  "meta": {
    "lastUpdated": "2018-12-27T22:37:54.724+11:00"
  },
  "text": {
    "status": "generated",
    "div": "\u003cdiv xmlns\u003d\"http://www.w3.org/1999/xhtml\"\u003e\u003ch2\u003eGoalAcceptanceStatus\u003c/h2\u003e\u003cdiv\u003e\u003cp\u003eCodes indicating whether the goal has been accepted by a stakeholder.\u003c/p\u003e\n\u003c/div\u003e\u003cp\u003eThis code system http://terminology.hl7.org/CodeSystem/goal-acceptance-status defines the following codes:\u003c/p\u003e\u003ctable class\u003d\"codes\"\u003e\u003ctr\u003e\u003ctd style\u003d\"white-space:nowrap\"\u003e\u003cb\u003eCode\u003c/b\u003e\u003c/td\u003e\u003ctd\u003e\u003cb\u003eDisplay\u003c/b\u003e\u003c/td\u003e\u003ctd\u003e\u003cb\u003eDefinition\u003c/b\u003e\u003c/td\u003e\u003c/tr\u003e\u003ctr\u003e\u003ctd style\u003d\"white-space:nowrap\"\u003eagree\u003ca name\u003d\"goal-acceptance-status-agree\"\u003e \u003c/a\u003e\u003c/td\u003e\u003ctd\u003eAgree\u003c/td\u003e\u003ctd\u003eStakeholder supports pursuit of the goal.\u003c/td\u003e\u003c/tr\u003e\u003ctr\u003e\u003ctd style\u003d\"white-space:nowrap\"\u003edisagree\u003ca name\u003d\"goal-acceptance-status-disagree\"\u003e \u003c/a\u003e\u003c/td\u003e\u003ctd\u003eDisagree\u003c/td\u003e\u003ctd\u003eStakeholder is not in support of the pursuit of the goal.\u003c/td\u003e\u003c/tr\u003e\u003ctr\u003e\u003ctd style\u003d\"white-space:nowrap\"\u003epending\u003ca name\u003d\"goal-acceptance-status-pending\"\u003e \u003c/a\u003e\u003c/td\u003e\u003ctd\u003ePending\u003c/td\u003e\u003ctd\u003eStakeholder has not yet made a decision on whether they support the goal.\u003c/td\u003e\u003c/tr\u003e\u003c/table\u003e\u003c/div\u003e"
  },
  "url": "http://terminology.hl7.org/CodeSystem/goal-acceptance-status",
  "identifier": [
    {
      "system": "urn:ietf:rfc:3986",
      "value": "urn:oid:2.16.840.1.113883.4.642.1.1270"
    }
  ],
  "version": "4.0.0",
  "name": "GoalAcceptanceStatus",
  "title": "GoalAcceptanceStatus",
  "status": "draft",
  "experimental": false,
  "date": "2018-12-27T22:37:54+11:00",
  "publisher": "HL7 (FHIR Project)",
  "contact": [
    {
      "telecom": [
        {
          "system": "url",
          "value": "http://hl7.org/fhir"
        },
        {
          "system": "email",
          "value": "fhir@lists.hl7.org"
        }
      ]
    }
  ],
  "description": "Codes indicating whether the goal has been accepted by a stakeholder.",
  "caseSensitive": true,
  "valueSet": "http://hl7.org/fhir/ValueSet/goal-acceptance-status",
  "content": "complete",
  "concept": [
    {
      "code": "agree",
      "display": "Agree",
      "definition": "Stakeholder supports pursuit of the goal."
    },
    {
      "code": "disagree",
      "display": "Disagree",
      "definition": "Stakeholder is not in support of the pursuit of the goal."
    },
    {
      "code": "pending",
      "display": "Pending",
      "definition": "Stakeholder has not yet made a decision on whether they support the goal."
    }
  ]
}