{
  "resourceType": "CodeSystem",
  "id": "choice-list-orientation",
  "meta": {
    "lastUpdated": "2018-12-27T22:37:54.724+11:00"
  },
  "text": {
    "status": "generated",
    "div": "\u003cdiv xmlns\u003d\"http://www.w3.org/1999/xhtml\"\u003e\u003ch2\u003eChoiceListOrientation\u003c/h2\u003e\u003cdiv\u003e\u003cp\u003eDirection in which lists of possible answers should be displayed.\u003c/p\u003e\n\u003c/div\u003e\u003cp\u003eThis code system http://terminology.hl7.org/CodeSystem/choice-list-orientation defines the following codes:\u003c/p\u003e\u003ctable class\u003d\"codes\"\u003e\u003ctr\u003e\u003ctd style\u003d\"white-space:nowrap\"\u003e\u003cb\u003eCode\u003c/b\u003e\u003c/td\u003e\u003ctd\u003e\u003cb\u003eDisplay\u003c/b\u003e\u003c/td\u003e\u003ctd\u003e\u003cb\u003eDefinition\u003c/b\u003e\u003c/td\u003e\u003c/tr\u003e\u003ctr\u003e\u003ctd style\u003d\"white-space:nowrap\"\u003ehorizontal\u003ca name\u003d\"choice-list-orientation-horizontal\"\u003e \u003c/a\u003e\u003c/td\u003e\u003ctd\u003eHorizontal\u003c/td\u003e\u003ctd\u003eList choices along the horizontal axis.\u003c/td\u003e\u003c/tr\u003e\u003ctr\u003e\u003ctd style\u003d\"white-space:nowrap\"\u003evertical\u003ca name\u003d\"choice-list-orientation-vertical\"\u003e \u003c/a\u003e\u003c/td\u003e\u003ctd\u003eVertical\u003c/td\u003e\u003ctd\u003eList choices down the vertical axis.\u003c/td\u003e\u003c/tr\u003e\u003c/table\u003e\u003c/div\u003e"
  },
  "url": "http://terminology.hl7.org/CodeSystem/choice-list-orientation",
  "identifier": [
    {
      "system": "urn:ietf:rfc:3986",
      "value": "urn:oid:2.16.840.1.113883.4.642.1.1273"
    }
  ],
  "version": "4.0.0",
  "name": "ChoiceListOrientation",
  "title": "ChoiceListOrientation",
  "status": "draft",
  "experimental": false,
  "date": "2018-12-27T22:37:54+11:00",
  "publisher": "HL7 (FHIR Project)",
  "contact": [
    {
      "telecom": [
        {
          "system": "url",
          "value": "http://hl7.org/fhir"
        },
        {
          "system": "email",
          "value": "fhir@lists.hl7.org"
        }
      ]
    }
  ],
  "description": "Direction in which lists of possible answers should be displayed.",
  "caseSensitive": true,
  "valueSet": "http://hl7.org/fhir/ValueSet/choice-list-orientation",
  "content": "complete",
  "concept": [
    {
      "code": "horizontal",
      "display": "Horizontal",
      "definition": "List choices along the horizontal axis."
    },
    {
      "code": "vertical",
      "display": "Vertical",
      "definition": "List choices down the vertical axis."
    }
  ]
}