{
  "resourceType": "CodeSystem",
  "id": "claim-type",
  "meta": {
    "lastUpdated": "2018-12-27T22:37:54.724+11:00",
    "profile": [
      "http://hl7.org/fhir/StructureDefinition/shareablecodesystem"
    ]
  },
  "text": {
    "status": "generated",
    "div": "\u003cdiv xmlns\u003d\"http://www.w3.org/1999/xhtml\"\u003e\u003ch2\u003eClaim Type Codes\u003c/h2\u003e\u003cdiv\u003e\u003cp\u003eThis value set includes Claim Type codes.\u003c/p\u003e\n\u003c/div\u003e\u003cp\u003e\u003cb\u003eCopyright Statement:\u003c/b\u003e HL7 Inc.\u003c/p\u003e\u003cp\u003eThis code system http://terminology.hl7.org/CodeSystem/claim-type defines the following codes:\u003c/p\u003e\u003ctable class\u003d\"codes\"\u003e\u003ctr\u003e\u003ctd style\u003d\"white-space:nowrap\"\u003e\u003cb\u003eCode\u003c/b\u003e\u003c/td\u003e\u003ctd\u003e\u003cb\u003eDisplay\u003c/b\u003e\u003c/td\u003e\u003ctd\u003e\u003cb\u003eDefinition\u003c/b\u003e\u003c/td\u003e\u003c/tr\u003e\u003ctr\u003e\u003ctd style\u003d\"white-space:nowrap\"\u003einstitutional\u003ca name\u003d\"claim-type-institutional\"\u003e \u003c/a\u003e\u003c/td\u003e\u003ctd\u003eInstitutional\u003c/td\u003e\u003ctd\u003eHospital, clinic and typically inpatient claims.\u003c/td\u003e\u003c/tr\u003e\u003ctr\u003e\u003ctd style\u003d\"white-space:nowrap\"\u003eoral\u003ca name\u003d\"claim-type-oral\"\u003e \u003c/a\u003e\u003c/td\u003e\u003ctd\u003eOral\u003c/td\u003e\u003ctd\u003eDental, Denture and Hygiene claims.\u003c/td\u003e\u003c/tr\u003e\u003ctr\u003e\u003ctd style\u003d\"white-space:nowrap\"\u003epharmacy\u003ca name\u003d\"claim-type-pharmacy\"\u003e \u003c/a\u003e\u003c/td\u003e\u003ctd\u003ePharmacy\u003c/td\u003e\u003ctd\u003ePharmacy claims for goods and services.\u003c/td\u003e\u003c/tr\u003e\u003ctr\u003e\u003ctd style\u003d\"white-space:nowrap\"\u003eprofessional\u003ca name\u003d\"claim-type-professional\"\u003e \u003c/a\u003e\u003c/td\u003e\u003ctd\u003eProfessional\u003c/td\u003e\u003ctd\u003eTypically, outpatient claims from Physician, Psychological, Chiropractor, Physiotherapy, Speech Pathology, rehabilitative, consulting.\u003c/td\u003e\u003c/tr\u003e\u003ctr\u003e\u003ctd style\u003d\"white-space:nowrap\"\u003evision\u003ca name\u003d\"claim-type-vision\"\u003e \u003c/a\u003e\u003c/td\u003e\u003ctd\u003eVision\u003c/td\u003e\u003ctd\u003eVision claims for professional services and products such as glasses and contact lenses.\u003c/td\u003e\u003c/tr\u003e\u003c/table\u003e\u003c/div\u003e"
  },
  "extension": [
    {
      "url": "http://hl7.org/fhir/StructureDefinition/structuredefinition-wg",
      "valueCode": "fm"
    },
    {
      "url": "http://hl7.org/fhir/StructureDefinition/structuredefinition-standards-status",
      "valueCode": "trial-use"
    },
    {
      "url": "http://hl7.org/fhir/StructureDefinition/structuredefinition-fmm",
      "valueInteger": 2
    }
  ],
  "url": "http://terminology.hl7.org/CodeSystem/claim-type",
  "identifier": [
    {
      "system": "urn:ietf:rfc:3986",
      "value": "urn:oid:2.16.840.1.113883.4.642.1.1156"
    }
  ],
  "version": "4.0.0",
  "name": "ClaimTypeCodes",
  "title": "Claim Type Codes",
  "status": "draft",
  "experimental": false,
  "publisher": "Financial Management",
  "contact": [
    {
      "telecom": [
        {
          "system": "url",
          "value": "http://hl7.org/fhir"
        }
      ]
    }
  ],
  "description": "This value set includes Claim Type codes.",
  "copyright": "HL7 Inc.",
  "caseSensitive": true,
  "valueSet": "http://hl7.org/fhir/ValueSet/claim-type",
  "content": "complete",
  "concept": [
    {
      "code": "institutional",
      "display": "Institutional",
      "definition": "Hospital, clinic and typically inpatient claims."
    },
    {
      "code": "oral",
      "display": "Oral",
      "definition": "Dental, Denture and Hygiene claims."
    },
    {
      "code": "pharmacy",
      "display": "Pharmacy",
      "definition": "Pharmacy claims for goods and services."
    },
    {
      "code": "professional",
      "display": "Professional",
      "definition": "Typically, outpatient claims from Physician, Psychological, Chiropractor, Physiotherapy, Speech Pathology, rehabilitative, consulting."
    },
    {
      "code": "vision",
      "display": "Vision",
      "definition": "Vision claims for professional services and products such as glasses and contact lenses."
    }
  ]
}