{
  "resourceType": "CodeSystem",
  "id": "copy-number-event",
  "meta": {
    "lastUpdated": "2018-12-27T22:37:54.724+11:00"
  },
  "text": {
    "status": "generated",
    "div": "\u003cdiv xmlns\u003d\"http://www.w3.org/1999/xhtml\"\u003e\u003ch2\u003eCopyNumberEvent\u003c/h2\u003e\u003cdiv\u003e\u003cp\u003eCopy Number Event.\u003c/p\u003e\n\u003c/div\u003e\u003cp\u003eThis code system http://terminology.hl7.org/CodeSystem/copy-number-event defines the following codes:\u003c/p\u003e\u003ctable class\u003d\"codes\"\u003e\u003ctr\u003e\u003ctd style\u003d\"white-space:nowrap\"\u003e\u003cb\u003eCode\u003c/b\u003e\u003c/td\u003e\u003ctd\u003e\u003cb\u003eDisplay\u003c/b\u003e\u003c/td\u003e\u003ctd\u003e\u003cb\u003eDefinition\u003c/b\u003e\u003c/td\u003e\u003c/tr\u003e\u003ctr\u003e\u003ctd style\u003d\"white-space:nowrap\"\u003eamp\u003ca name\u003d\"copy-number-event-amp\"\u003e \u003c/a\u003e\u003c/td\u003e\u003ctd\u003eamplification\u003c/td\u003e\u003ctd\u003eamplification.\u003c/td\u003e\u003c/tr\u003e\u003ctr\u003e\u003ctd style\u003d\"white-space:nowrap\"\u003edel\u003ca name\u003d\"copy-number-event-del\"\u003e \u003c/a\u003e\u003c/td\u003e\u003ctd\u003edeletion\u003c/td\u003e\u003ctd\u003edeletion.\u003c/td\u003e\u003c/tr\u003e\u003ctr\u003e\u003ctd style\u003d\"white-space:nowrap\"\u003elof\u003ca name\u003d\"copy-number-event-lof\"\u003e \u003c/a\u003e\u003c/td\u003e\u003ctd\u003eloss of function\u003c/td\u003e\u003ctd\u003eloss of function.\u003c/td\u003e\u003c/tr\u003e\u003c/table\u003e\u003c/div\u003e"
  },
  "url": "http://terminology.hl7.org/CodeSystem/copy-number-event",
  "identifier": [
    {
      "system": "urn:ietf:rfc:3986",
      "value": "urn:oid:2.16.840.1.113883.4.642.1.1087"
    }
  ],
  "version": "4.0.0",
  "name": "CopyNumberEvent",
  "title": "CopyNumberEvent",
  "status": "draft",
  "experimental": false,
  "date": "2018-12-27T22:37:54+11:00",
  "publisher": "HL7 (FHIR Project)",
  "contact": [
    {
      "telecom": [
        {
          "system": "url",
          "value": "http://hl7.org/fhir"
        },
        {
          "system": "email",
          "value": "fhir@lists.hl7.org"
        }
      ]
    }
  ],
  "description": "Copy Number Event.",
  "caseSensitive": true,
  "valueSet": "http://hl7.org/fhir/ValueSet/copy-number-event",
  "content": "complete",
  "concept": [
    {
      "code": "amp",
      "display": "amplification",
      "definition": "amplification."
    },
    {
      "code": "del",
      "display": "deletion",
      "definition": "deletion."
    },
    {
      "code": "lof",
      "display": "loss of function",
      "definition": "loss of function."
    }
  ]
}