{
  "resourceType": "CodeSystem",
  "id": "medicationdispense-status",
  "meta": {
    "lastUpdated": "2018-12-27T22:37:54.724+11:00",
    "profile": [
      "http://hl7.org/fhir/StructureDefinition/shareablecodesystem"
    ]
  },
  "text": {
    "status": "generated",
    "div": "\u003cdiv xmlns\u003d\"http://www.w3.org/1999/xhtml\"\u003e\u003ch2\u003eMedication dispense  status  codes\u003c/h2\u003e\u003cdiv\u003e\u003cp\u003eMedicationDispense Status Codes\u003c/p\u003e\n\u003c/div\u003e\u003cp\u003eThis code system http://terminology.hl7.org/CodeSystem/medicationdispense-status defines the following codes:\u003c/p\u003e\u003ctable class\u003d\"codes\"\u003e\u003ctr\u003e\u003ctd style\u003d\"white-space:nowrap\"\u003e\u003cb\u003eCode\u003c/b\u003e\u003c/td\u003e\u003ctd\u003e\u003cb\u003eDisplay\u003c/b\u003e\u003c/td\u003e\u003ctd\u003e\u003cb\u003eDefinition\u003c/b\u003e\u003c/td\u003e\u003c/tr\u003e\u003ctr\u003e\u003ctd style\u003d\"white-space:nowrap\"\u003epreparation\u003ca name\u003d\"medicationdispense-status-preparation\"\u003e \u003c/a\u003e\u003c/td\u003e\u003ctd\u003ePreparation\u003c/td\u003e\u003ctd\u003eThe core event has not started yet, but some staging activities have begun (e.g. initial compounding or packaging of medication). Preparation stages may be tracked for billing purposes.\u003c/td\u003e\u003c/tr\u003e\u003ctr\u003e\u003ctd style\u003d\"white-space:nowrap\"\u003ein-progress\u003ca name\u003d\"medicationdispense-status-in-progress\"\u003e \u003c/a\u003e\u003c/td\u003e\u003ctd\u003eIn Progress\u003c/td\u003e\u003ctd\u003eThe dispensed product is ready for pickup.\u003c/td\u003e\u003c/tr\u003e\u003ctr\u003e\u003ctd style\u003d\"white-space:nowrap\"\u003ecancelled\u003ca name\u003d\"medicationdispense-status-cancelled\"\u003e \u003c/a\u003e\u003c/td\u003e\u003ctd\u003eCancelled\u003c/td\u003e\u003ctd\u003eThe dispensed product was not and will never be picked up by the patient.\u003c/td\u003e\u003c/tr\u003e\u003ctr\u003e\u003ctd style\u003d\"white-space:nowrap\"\u003eon-hold\u003ca name\u003d\"medicationdispense-status-on-hold\"\u003e \u003c/a\u003e\u003c/td\u003e\u003ctd\u003eOn Hold\u003c/td\u003e\u003ctd\u003eThe dispense process is paused while waiting for an external event to reactivate the dispense.  For example, new stock has arrived or the prescriber has called.\u003c/td\u003e\u003c/tr\u003e\u003ctr\u003e\u003ctd style\u003d\"white-space:nowrap\"\u003ecompleted\u003ca name\u003d\"medicationdispense-status-completed\"\u003e \u003c/a\u003e\u003c/td\u003e\u003ctd\u003eCompleted\u003c/td\u003e\u003ctd\u003eThe dispensed product has been picked up.\u003c/td\u003e\u003c/tr\u003e\u003ctr\u003e\u003ctd style\u003d\"white-space:nowrap\"\u003eentered-in-error\u003ca name\u003d\"medicationdispense-status-entered-in-error\"\u003e \u003c/a\u003e\u003c/td\u003e\u003ctd\u003eEntered in Error\u003c/td\u003e\u003ctd\u003eThe dispense was entered in error and therefore nullified.\u003c/td\u003e\u003c/tr\u003e\u003ctr\u003e\u003ctd style\u003d\"white-space:nowrap\"\u003estopped\u003ca name\u003d\"medicationdispense-status-stopped\"\u003e \u003c/a\u003e\u003c/td\u003e\u003ctd\u003eStopped\u003c/td\u003e\u003ctd\u003eActions implied by the dispense have been permanently halted, before all of them occurred.\u003c/td\u003e\u003c/tr\u003e\u003ctr\u003e\u003ctd style\u003d\"white-space:nowrap\"\u003edeclined\u003ca name\u003d\"medicationdispense-status-declined\"\u003e \u003c/a\u003e\u003c/td\u003e\u003ctd\u003eDeclined\u003c/td\u003e\u003ctd\u003eThe dispense was declined and not performed.\u003c/td\u003e\u003c/tr\u003e\u003ctr\u003e\u003ctd style\u003d\"white-space:nowrap\"\u003eunknown\u003ca name\u003d\"medicationdispense-status-unknown\"\u003e \u003c/a\u003e\u003c/td\u003e\u003ctd\u003eUnknown\u003c/td\u003e\u003ctd\u003eThe authoring system does not know which of the status values applies for this medication dispense.  Note: this concept is not to be used for other - one of the listed statuses is presumed to apply, it\u0027s just now known which one.\u003c/td\u003e\u003c/tr\u003e\u003c/table\u003e\u003c/div\u003e"
  },
  "extension": [
    {
      "url": "http://hl7.org/fhir/StructureDefinition/structuredefinition-wg",
      "valueCode": "phx"
    },
    {
      "url": "http://hl7.org/fhir/StructureDefinition/structuredefinition-standards-status",
      "valueCode": "trial-use"
    },
    {
      "url": "http://hl7.org/fhir/StructureDefinition/structuredefinition-fmm",
      "valueInteger": 2
    }
  ],
  "url": "http://terminology.hl7.org/CodeSystem/medicationdispense-status",
  "identifier": [
    {
      "system": "urn:ietf:rfc:3986",
      "value": "urn:oid:2.16.840.1.113883.4.642.1.1313"
    }
  ],
  "version": "4.0.0",
  "name": "MedicationDispense Status Codes",
  "title": "Medication dispense  status  codes",
  "status": "draft",
  "experimental": false,
  "publisher": "FHIR Project team",
  "contact": [
    {
      "telecom": [
        {
          "system": "url",
          "value": "http://hl7.org/fhir"
        }
      ]
    }
  ],
  "description": "MedicationDispense Status Codes",
  "caseSensitive": true,
  "valueSet": "http://hl7.org/fhir/ValueSet/medicationdispense-status",
  "content": "complete",
  "concept": [
    {
      "code": "preparation",
      "display": "Preparation",
      "definition": "The core event has not started yet, but some staging activities have begun (e.g. initial compounding or packaging of medication). Preparation stages may be tracked for billing purposes."
    },
    {
      "code": "in-progress",
      "display": "In Progress",
      "definition": "The dispensed product is ready for pickup."
    },
    {
      "code": "cancelled",
      "display": "Cancelled",
      "definition": "The dispensed product was not and will never be picked up by the patient."
    },
    {
      "code": "on-hold",
      "display": "On Hold",
      "definition": "The dispense process is paused while waiting for an external event to reactivate the dispense.  For example, new stock has arrived or the prescriber has called."
    },
    {
      "code": "completed",
      "display": "Completed",
      "definition": "The dispensed product has been picked up."
    },
    {
      "code": "entered-in-error",
      "display": "Entered in Error",
      "definition": "The dispense was entered in error and therefore nullified."
    },
    {
      "code": "stopped",
      "display": "Stopped",
      "definition": "Actions implied by the dispense have been permanently halted, before all of them occurred."
    },
    {
      "code": "declined",
      "display": "Declined",
      "definition": "The dispense was declined and not performed."
    },
    {
      "code": "unknown",
      "display": "Unknown",
      "definition": "The authoring system does not know which of the status values applies for this medication dispense.  Note: this concept is not to be used for other - one of the listed statuses is presumed to apply, it\u0027s just now known which one."
    }
  ]
}