{
  "resourceType": "CodeSystem",
  "id": "expansion-processing-rule",
  "meta": {
    "lastUpdated": "2018-12-27T22:37:54.724+11:00"
  },
  "text": {
    "status": "generated",
    "div": "\u003cdiv xmlns\u003d\"http://www.w3.org/1999/xhtml\"\u003e\u003ch2\u003eExpansionProcessingRule\u003c/h2\u003e\u003cdiv\u003e\u003cp\u003eDefines how concepts are processed into the expansion when it\u0027s for UI presentation.\u003c/p\u003e\n\u003c/div\u003e\u003cp\u003eThis code system http://terminology.hl7.org/CodeSystem/expansion-processing-rule defines the following codes:\u003c/p\u003e\u003ctable class\u003d\"codes\"\u003e\u003ctr\u003e\u003ctd style\u003d\"white-space:nowrap\"\u003e\u003cb\u003eCode\u003c/b\u003e\u003c/td\u003e\u003ctd\u003e\u003cb\u003eDisplay\u003c/b\u003e\u003c/td\u003e\u003ctd\u003e\u003cb\u003eDefinition\u003c/b\u003e\u003c/td\u003e\u003c/tr\u003e\u003ctr\u003e\u003ctd style\u003d\"white-space:nowrap\"\u003eall-codes\u003ca name\u003d\"expansion-processing-rule-all-codes\"\u003e \u003c/a\u003e\u003c/td\u003e\u003ctd\u003eAll Codes\u003c/td\u003e\u003ctd\u003eThe expansion (when in UI mode) includes all codes *and* any defined groups (in extensions).\u003c/td\u003e\u003c/tr\u003e\u003ctr\u003e\u003ctd style\u003d\"white-space:nowrap\"\u003eungrouped\u003ca name\u003d\"expansion-processing-rule-ungrouped\"\u003e \u003c/a\u003e\u003c/td\u003e\u003ctd\u003eGroups + Ungrouped codes\u003c/td\u003e\u003ctd\u003eThe expanion (when in UI mode) lists the groups, and then any codes that have not been included in a group.\u003c/td\u003e\u003c/tr\u003e\u003ctr\u003e\u003ctd style\u003d\"white-space:nowrap\"\u003egroups-only\u003ca name\u003d\"expansion-processing-rule-groups-only\"\u003e \u003c/a\u003e\u003c/td\u003e\u003ctd\u003eGroups Only\u003c/td\u003e\u003ctd\u003eThe expansion (when in UI mode) only includes the defined groups.\u003c/td\u003e\u003c/tr\u003e\u003c/table\u003e\u003c/div\u003e"
  },
  "url": "http://terminology.hl7.org/CodeSystem/expansion-processing-rule",
  "identifier": [
    {
      "system": "urn:ietf:rfc:3986",
      "value": "urn:oid:2.16.840.1.113883.4.642.1.1281"
    }
  ],
  "version": "4.0.0",
  "name": "ExpansionProcessingRule",
  "title": "ExpansionProcessingRule",
  "status": "draft",
  "experimental": false,
  "date": "2018-12-27T22:37:54+11:00",
  "publisher": "HL7 (FHIR Project)",
  "contact": [
    {
      "telecom": [
        {
          "system": "url",
          "value": "http://hl7.org/fhir"
        },
        {
          "system": "email",
          "value": "fhir@lists.hl7.org"
        }
      ]
    }
  ],
  "description": "Defines how concepts are processed into the expansion when it\u0027s for UI presentation.",
  "caseSensitive": true,
  "valueSet": "http://hl7.org/fhir/ValueSet/expansion-processing-rule",
  "content": "complete",
  "concept": [
    {
      "code": "all-codes",
      "display": "All Codes",
      "definition": "The expansion (when in UI mode) includes all codes *and* any defined groups (in extensions)."
    },
    {
      "code": "ungrouped",
      "display": "Groups + Ungrouped codes",
      "definition": "The expanion (when in UI mode) lists the groups, and then any codes that have not been included in a group."
    },
    {
      "code": "groups-only",
      "display": "Groups Only",
      "definition": "The expansion (when in UI mode) only includes the defined groups."
    }
  ]
}