{
  "resourceType": "CodeSystem",
  "id": "composition-attestation-mode",
  "meta": {
    "lastUpdated": "2018-12-27T22:37:54.724+11:00"
  },
  "text": {
    "status": "generated",
    "div": "\u003cdiv xmlns\u003d\"http://www.w3.org/1999/xhtml\"\u003e\u003ch2\u003eCompositionAttestationMode\u003c/h2\u003e\u003cdiv\u003e\u003cp\u003eThe way in which a person authenticated a composition.\u003c/p\u003e\n\u003c/div\u003e\u003cp\u003eThis code system http://hl7.org/fhir/composition-attestation-mode defines the following codes:\u003c/p\u003e\u003ctable class\u003d\"codes\"\u003e\u003ctr\u003e\u003ctd style\u003d\"white-space:nowrap\"\u003e\u003cb\u003eCode\u003c/b\u003e\u003c/td\u003e\u003ctd\u003e\u003cb\u003eDisplay\u003c/b\u003e\u003c/td\u003e\u003ctd\u003e\u003cb\u003eDefinition\u003c/b\u003e\u003c/td\u003e\u003c/tr\u003e\u003ctr\u003e\u003ctd style\u003d\"white-space:nowrap\"\u003epersonal\u003ca name\u003d\"composition-attestation-mode-personal\"\u003e \u003c/a\u003e\u003c/td\u003e\u003ctd\u003ePersonal\u003c/td\u003e\u003ctd\u003eThe person authenticated the content in their personal capacity.\u003c/td\u003e\u003c/tr\u003e\u003ctr\u003e\u003ctd style\u003d\"white-space:nowrap\"\u003eprofessional\u003ca name\u003d\"composition-attestation-mode-professional\"\u003e \u003c/a\u003e\u003c/td\u003e\u003ctd\u003eProfessional\u003c/td\u003e\u003ctd\u003eThe person authenticated the content in their professional capacity.\u003c/td\u003e\u003c/tr\u003e\u003ctr\u003e\u003ctd style\u003d\"white-space:nowrap\"\u003elegal\u003ca name\u003d\"composition-attestation-mode-legal\"\u003e \u003c/a\u003e\u003c/td\u003e\u003ctd\u003eLegal\u003c/td\u003e\u003ctd\u003eThe person authenticated the content and accepted legal responsibility for its content.\u003c/td\u003e\u003c/tr\u003e\u003ctr\u003e\u003ctd style\u003d\"white-space:nowrap\"\u003eofficial\u003ca name\u003d\"composition-attestation-mode-official\"\u003e \u003c/a\u003e\u003c/td\u003e\u003ctd\u003eOfficial\u003c/td\u003e\u003ctd\u003eThe organization authenticated the content as consistent with their policies and procedures.\u003c/td\u003e\u003c/tr\u003e\u003c/table\u003e\u003c/div\u003e"
  },
  "extension": [
    {
      "url": "http://hl7.org/fhir/StructureDefinition/structuredefinition-wg",
      "valueCode": "sd"
    },
    {
      "url": "http://hl7.org/fhir/StructureDefinition/structuredefinition-standards-status",
      "valueCode": "trial-use"
    },
    {
      "url": "http://hl7.org/fhir/StructureDefinition/structuredefinition-fmm",
      "valueInteger": 2
    }
  ],
  "url": "http://hl7.org/fhir/composition-attestation-mode",
  "identifier": [
    {
      "system": "urn:ietf:rfc:3986",
      "value": "urn:oid:2.16.840.1.113883.4.642.1.239"
    }
  ],
  "version": "4.0.0",
  "name": "CompositionAttestationMode",
  "title": "CompositionAttestationMode",
  "status": "draft",
  "experimental": false,
  "date": "2018-12-27T22:37:54+11:00",
  "publisher": "HL7 (FHIR Project)",
  "contact": [
    {
      "telecom": [
        {
          "system": "url",
          "value": "http://hl7.org/fhir"
        },
        {
          "system": "email",
          "value": "fhir@lists.hl7.org"
        }
      ]
    }
  ],
  "description": "The way in which a person authenticated a composition.",
  "caseSensitive": true,
  "valueSet": "http://hl7.org/fhir/ValueSet/composition-attestation-mode",
  "content": "complete",
  "concept": [
    {
      "code": "personal",
      "display": "Personal",
      "definition": "The person authenticated the content in their personal capacity."
    },
    {
      "code": "professional",
      "display": "Professional",
      "definition": "The person authenticated the content in their professional capacity."
    },
    {
      "code": "legal",
      "display": "Legal",
      "definition": "The person authenticated the content and accepted legal responsibility for its content."
    },
    {
      "code": "official",
      "display": "Official",
      "definition": "The organization authenticated the content as consistent with their policies and procedures."
    }
  ]
}