{
  "resourceType": "CodeSystem",
  "id": "encounter-participant-type",
  "meta": {
    "lastUpdated": "2018-12-27T22:37:54.724+11:00",
    "profile": [
      "http://hl7.org/fhir/StructureDefinition/shareablecodesystem"
    ]
  },
  "text": {
    "status": "generated",
    "div": "\u003cdiv xmlns\u003d\"http://www.w3.org/1999/xhtml\"\u003e\u003ch2\u003eParticipant type\u003c/h2\u003e\u003cdiv\u003e\u003cp\u003eThis value set defines a set of codes that can be used to indicate how an individual participates in an encounter.\u003c/p\u003e\n\u003c/div\u003e\u003cp\u003eThis code system http://terminology.hl7.org/CodeSystem/participant-type defines the following codes:\u003c/p\u003e\u003ctable class\u003d\"codes\"\u003e\u003ctr\u003e\u003ctd style\u003d\"white-space:nowrap\"\u003e\u003cb\u003eCode\u003c/b\u003e\u003c/td\u003e\u003ctd\u003e\u003cb\u003eDisplay\u003c/b\u003e\u003c/td\u003e\u003ctd\u003e\u003cb\u003eDefinition\u003c/b\u003e\u003c/td\u003e\u003c/tr\u003e\u003ctr\u003e\u003ctd style\u003d\"white-space:nowrap\"\u003etranslator\u003ca name\u003d\"encounter-participant-type-translator\"\u003e \u003c/a\u003e\u003c/td\u003e\u003ctd\u003eTranslator\u003c/td\u003e\u003ctd\u003eA translator who is facilitating communication with the patient during the encounter.\u003c/td\u003e\u003c/tr\u003e\u003ctr\u003e\u003ctd style\u003d\"white-space:nowrap\"\u003eemergency\u003ca name\u003d\"encounter-participant-type-emergency\"\u003e \u003c/a\u003e\u003c/td\u003e\u003ctd\u003eEmergency\u003c/td\u003e\u003ctd\u003eA person to be contacted in case of an emergency during the encounter.\u003c/td\u003e\u003c/tr\u003e\u003c/table\u003e\u003c/div\u003e"
  },
  "extension": [
    {
      "url": "http://hl7.org/fhir/StructureDefinition/structuredefinition-wg",
      "valueCode": "pa"
    },
    {
      "url": "http://hl7.org/fhir/StructureDefinition/structuredefinition-standards-status",
      "valueCode": "trial-use"
    },
    {
      "url": "http://hl7.org/fhir/StructureDefinition/structuredefinition-fmm",
      "valueInteger": 3
    }
  ],
  "url": "http://terminology.hl7.org/CodeSystem/participant-type",
  "identifier": [
    {
      "system": "urn:ietf:rfc:3986",
      "value": "urn:oid:2.16.840.1.113883.4.642.1.1089"
    }
  ],
  "version": "4.0.0",
  "name": "ParticipantType",
  "title": "Participant type",
  "status": "draft",
  "experimental": false,
  "publisher": "FHIR Project team",
  "contact": [
    {
      "telecom": [
        {
          "system": "url",
          "value": "http://hl7.org/fhir"
        }
      ]
    }
  ],
  "description": "This value set defines a set of codes that can be used to indicate how an individual participates in an encounter.",
  "caseSensitive": true,
  "content": "complete",
  "concept": [
    {
      "code": "translator",
      "display": "Translator",
      "definition": "A translator who is facilitating communication with the patient during the encounter."
    },
    {
      "code": "emergency",
      "display": "Emergency",
      "definition": "A person to be contacted in case of an emergency during the encounter."
    }
  ]
}