{
  "resourceType": "CodeSystem",
  "id": "measure-population",
  "meta": {
    "lastUpdated": "2018-12-27T22:37:54.724+11:00"
  },
  "text": {
    "status": "generated",
    "div": "\u003cdiv xmlns\u003d\"http://www.w3.org/1999/xhtml\"\u003e\u003ch2\u003eMeasurePopulationType\u003c/h2\u003e\u003cdiv\u003e\u003cp\u003eThe type of population.\u003c/p\u003e\n\u003c/div\u003e\u003cp\u003eThis code system http://terminology.hl7.org/CodeSystem/measure-population defines the following codes:\u003c/p\u003e\u003ctable class\u003d\"codes\"\u003e\u003ctr\u003e\u003ctd style\u003d\"white-space:nowrap\"\u003e\u003cb\u003eCode\u003c/b\u003e\u003c/td\u003e\u003ctd\u003e\u003cb\u003eDisplay\u003c/b\u003e\u003c/td\u003e\u003ctd\u003e\u003cb\u003eDefinition\u003c/b\u003e\u003c/td\u003e\u003c/tr\u003e\u003ctr\u003e\u003ctd style\u003d\"white-space:nowrap\"\u003einitial-population\u003ca name\u003d\"measure-population-initial-population\"\u003e \u003c/a\u003e\u003c/td\u003e\u003ctd\u003eInitial Population\u003c/td\u003e\u003ctd\u003eThe initial population refers to all patients or events to be evaluated by a quality measure involving patients who share a common set of specified characterstics. All patients or events counted (for example, as numerator, as denominator) are drawn from the initial population.\u003c/td\u003e\u003c/tr\u003e\u003ctr\u003e\u003ctd style\u003d\"white-space:nowrap\"\u003enumerator\u003ca name\u003d\"measure-population-numerator\"\u003e \u003c/a\u003e\u003c/td\u003e\u003ctd\u003eNumerator\u003c/td\u003e\u003ctd\u003eThe upper portion of a fraction used to calculate a rate, proportion, or ratio. Also called the measure focus, it is the target process, condition, event, or outcome. Numerator criteria are the processes or outcomes expected for each patient, or event defined in the denominator. A numerator statement describes the clinical action that satisfies the conditions of the measure.\u003c/td\u003e\u003c/tr\u003e\u003ctr\u003e\u003ctd style\u003d\"white-space:nowrap\"\u003enumerator-exclusion\u003ca name\u003d\"measure-population-numerator-exclusion\"\u003e \u003c/a\u003e\u003c/td\u003e\u003ctd\u003eNumerator Exclusion\u003c/td\u003e\u003ctd\u003eNumerator exclusion criteria define patients or events to be removed from the numerator. Numerator exclusions are used in proportion and ratio measures to help narrow the numerator (for inverted measures).\u003c/td\u003e\u003c/tr\u003e\u003ctr\u003e\u003ctd style\u003d\"white-space:nowrap\"\u003edenominator\u003ca name\u003d\"measure-population-denominator\"\u003e \u003c/a\u003e\u003c/td\u003e\u003ctd\u003eDenominator\u003c/td\u003e\u003ctd\u003eThe lower portion of a fraction used to calculate a rate, proportion, or ratio. The denominator can be the same as the initial population, or a subset of the initial population to further constrain the population for the purpose of the measure.\u003c/td\u003e\u003c/tr\u003e\u003ctr\u003e\u003ctd style\u003d\"white-space:nowrap\"\u003edenominator-exclusion\u003ca name\u003d\"measure-population-denominator-exclusion\"\u003e \u003c/a\u003e\u003c/td\u003e\u003ctd\u003eDenominator Exclusion\u003c/td\u003e\u003ctd\u003eDenominator exclusion criteria define patients or events that should be removed from the denominator before determining if numerator criteria are met. Denominator exclusions are used in proportion and ratio measures to help narrow the denominator. For example, patients with bilateral lower extremity amputations would be listed as a denominator exclusion for a measure requiring foot exams.\u003c/td\u003e\u003c/tr\u003e\u003ctr\u003e\u003ctd style\u003d\"white-space:nowrap\"\u003edenominator-exception\u003ca name\u003d\"measure-population-denominator-exception\"\u003e \u003c/a\u003e\u003c/td\u003e\u003ctd\u003eDenominator Exception\u003c/td\u003e\u003ctd\u003eDenominator exceptions are conditions that should remove a patient or event from the denominator of a measure only if the numerator criteria are not met. Denominator exception allows for adjustment of the calculated score for those providers with higher risk populations. Denominator exception criteria are only used in proportion measures.\u003c/td\u003e\u003c/tr\u003e\u003ctr\u003e\u003ctd style\u003d\"white-space:nowrap\"\u003emeasure-population\u003ca name\u003d\"measure-population-measure-population\"\u003e \u003c/a\u003e\u003c/td\u003e\u003ctd\u003eMeasure Population\u003c/td\u003e\u003ctd\u003eMeasure population criteria define the patients or events for which the individual observation for the measure should be taken. Measure populations are used for continuous variable measures rather than numerator and denominator criteria.\u003c/td\u003e\u003c/tr\u003e\u003ctr\u003e\u003ctd style\u003d\"white-space:nowrap\"\u003emeasure-population-exclusion\u003ca name\u003d\"measure-population-measure-population-exclusion\"\u003e \u003c/a\u003e\u003c/td\u003e\u003ctd\u003eMeasure Population Exclusion\u003c/td\u003e\u003ctd\u003eMeasure population criteria define the patients or events that should be removed from the measure population before determining the outcome of one or more continuous variables defined for the measure observation. Measure population exclusion criteria are used within continuous variable measures to help narrow the measure population.\u003c/td\u003e\u003c/tr\u003e\u003ctr\u003e\u003ctd style\u003d\"white-space:nowrap\"\u003emeasure-observation\u003ca name\u003d\"measure-population-measure-observation\"\u003e \u003c/a\u003e\u003c/td\u003e\u003ctd\u003eMeasure Observation\u003c/td\u003e\u003ctd\u003eDefines the individual observation to be performed for each patient or event in the measure population. Measure observations for each case in the population are aggregated to determine the overall measure score for the population.\u003c/td\u003e\u003c/tr\u003e\u003c/table\u003e\u003c/div\u003e"
  },
  "extension": [
    {
      "url": "http://hl7.org/fhir/StructureDefinition/structuredefinition-wg",
      "valueCode": "cqi"
    },
    {
      "url": "http://hl7.org/fhir/StructureDefinition/structuredefinition-standards-status",
      "valueCode": "trial-use"
    },
    {
      "url": "http://hl7.org/fhir/StructureDefinition/structuredefinition-fmm",
      "valueInteger": 2
    }
  ],
  "url": "http://terminology.hl7.org/CodeSystem/measure-population",
  "identifier": [
    {
      "system": "urn:ietf:rfc:3986",
      "value": "urn:oid:2.16.840.1.113883.4.642.1.1231"
    }
  ],
  "version": "4.0.0",
  "name": "MeasurePopulationType",
  "title": "MeasurePopulationType",
  "status": "draft",
  "experimental": false,
  "date": "2018-12-27T22:37:54+11:00",
  "publisher": "HL7 (FHIR Project)",
  "contact": [
    {
      "telecom": [
        {
          "system": "url",
          "value": "http://hl7.org/fhir"
        },
        {
          "system": "email",
          "value": "fhir@lists.hl7.org"
        }
      ]
    }
  ],
  "description": "The type of population.",
  "caseSensitive": true,
  "valueSet": "http://hl7.org/fhir/ValueSet/measure-population",
  "content": "complete",
  "concept": [
    {
      "code": "initial-population",
      "display": "Initial Population",
      "definition": "The initial population refers to all patients or events to be evaluated by a quality measure involving patients who share a common set of specified characterstics. All patients or events counted (for example, as numerator, as denominator) are drawn from the initial population."
    },
    {
      "code": "numerator",
      "display": "Numerator",
      "definition": "The upper portion of a fraction used to calculate a rate, proportion, or ratio. Also called the measure focus, it is the target process, condition, event, or outcome. Numerator criteria are the processes or outcomes expected for each patient, or event defined in the denominator. A numerator statement describes the clinical action that satisfies the conditions of the measure."
    },
    {
      "code": "numerator-exclusion",
      "display": "Numerator Exclusion",
      "definition": "Numerator exclusion criteria define patients or events to be removed from the numerator. Numerator exclusions are used in proportion and ratio measures to help narrow the numerator (for inverted measures)."
    },
    {
      "code": "denominator",
      "display": "Denominator",
      "definition": "The lower portion of a fraction used to calculate a rate, proportion, or ratio. The denominator can be the same as the initial population, or a subset of the initial population to further constrain the population for the purpose of the measure."
    },
    {
      "code": "denominator-exclusion",
      "display": "Denominator Exclusion",
      "definition": "Denominator exclusion criteria define patients or events that should be removed from the denominator before determining if numerator criteria are met. Denominator exclusions are used in proportion and ratio measures to help narrow the denominator. For example, patients with bilateral lower extremity amputations would be listed as a denominator exclusion for a measure requiring foot exams."
    },
    {
      "code": "denominator-exception",
      "display": "Denominator Exception",
      "definition": "Denominator exceptions are conditions that should remove a patient or event from the denominator of a measure only if the numerator criteria are not met. Denominator exception allows for adjustment of the calculated score for those providers with higher risk populations. Denominator exception criteria are only used in proportion measures."
    },
    {
      "code": "measure-population",
      "display": "Measure Population",
      "definition": "Measure population criteria define the patients or events for which the individual observation for the measure should be taken. Measure populations are used for continuous variable measures rather than numerator and denominator criteria."
    },
    {
      "code": "measure-population-exclusion",
      "display": "Measure Population Exclusion",
      "definition": "Measure population criteria define the patients or events that should be removed from the measure population before determining the outcome of one or more continuous variables defined for the measure observation. Measure population exclusion criteria are used within continuous variable measures to help narrow the measure population."
    },
    {
      "code": "measure-observation",
      "display": "Measure Observation",
      "definition": "Defines the individual observation to be performed for each patient or event in the measure population. Measure observations for each case in the population are aggregated to determine the overall measure score for the population."
    }
  ]
}