{
  "resourceType": "CodeSystem",
  "id": "animal-species",
  "meta": {
    "lastUpdated": "2018-12-27T22:37:54.724+11:00",
    "profile": [
      "http://hl7.org/fhir/StructureDefinition/shareablecodesystem"
    ]
  },
  "text": {
    "status": "generated",
    "div": "\u003cdiv xmlns\u003d\"http://www.w3.org/1999/xhtml\"\u003e\u003ch2\u003eAnimal species\u003c/h2\u003e\u003cdiv\u003e\u003cp\u003eThis example value set defines a set of codes that can be used to indicate species of animal patients.\u003c/p\u003e\n\u003c/div\u003e\u003cp\u003e\u003cb\u003eCopyright Statement:\u003c/b\u003e This resource includes content from SNOMED Clinical Terms® (SNOMED CT®) which is copyright of the International Health Terminology Standards Development Organisation (IHTSDO). Implementers of these specifications must have the appropriate SNOMED CT Affiliate license - for more information contact http://www.snomed.org/snomed-ct/get-snomed-ct or info@snomed.org\u003c/p\u003e\u003cp\u003eThis code system http://hl7.org/fhir/animal-species defines the following codes:\u003c/p\u003e\u003ctable class\u003d\"codes\"\u003e\u003ctr\u003e\u003ctd style\u003d\"white-space:nowrap\"\u003e\u003cb\u003eCode\u003c/b\u003e\u003c/td\u003e\u003ctd\u003e\u003cb\u003eDisplay\u003c/b\u003e\u003c/td\u003e\u003ctd\u003e\u003cb\u003eDefinition\u003c/b\u003e\u003c/td\u003e\u003c/tr\u003e\u003ctr\u003e\u003ctd style\u003d\"white-space:nowrap\"\u003ecanislf\u003ca name\u003d\"animal-species-canislf\"\u003e \u003c/a\u003e\u003c/td\u003e\u003ctd\u003eDog\u003c/td\u003e\u003ctd\u003eCanis lupus familiaris\u003c/td\u003e\u003c/tr\u003e\u003ctr\u003e\u003ctd style\u003d\"white-space:nowrap\"\u003eovisa\u003ca name\u003d\"animal-species-ovisa\"\u003e \u003c/a\u003e\u003c/td\u003e\u003ctd\u003eSheep\u003c/td\u003e\u003ctd\u003eOvis aries\u003c/td\u003e\u003c/tr\u003e\u003ctr\u003e\u003ctd style\u003d\"white-space:nowrap\"\u003eserinuscd\u003ca name\u003d\"animal-species-serinuscd\"\u003e \u003c/a\u003e\u003c/td\u003e\u003ctd\u003eDomestic Canary\u003c/td\u003e\u003ctd\u003eSerinus canaria domestica\u003c/td\u003e\u003c/tr\u003e\u003c/table\u003e\u003c/div\u003e"
  },
  "url": "http://hl7.org/fhir/animal-species",
  "identifier": [
    {
      "system": "urn:ietf:rfc:3986",
      "value": "urn:oid:2.16.840.1.113883.4.642.1.421"
    }
  ],
  "version": "4.0.0",
  "name": "AnimalSpecies",
  "title": "Animal species",
  "status": "draft",
  "experimental": false,
  "publisher": "FHIR Project team",
  "contact": [
    {
      "telecom": [
        {
          "system": "url",
          "value": "http://hl7.org/fhir"
        }
      ]
    }
  ],
  "description": "This example value set defines a set of codes that can be used to indicate species of animal patients.",
  "copyright": "This resource includes content from SNOMED Clinical Terms® (SNOMED CT®) which is copyright of the International Health Terminology Standards Development Organisation (IHTSDO). Implementers of these specifications must have the appropriate SNOMED CT Affiliate license - for more information contact http://www.snomed.org/snomed-ct/get-snomed-ct or info@snomed.org",
  "caseSensitive": true,
  "content": "complete",
  "concept": [
    {
      "code": "canislf",
      "display": "Dog",
      "definition": "Canis lupus familiaris"
    },
    {
      "code": "ovisa",
      "display": "Sheep",
      "definition": "Ovis aries"
    },
    {
      "code": "serinuscd",
      "display": "Domestic Canary",
      "definition": "Serinus canaria domestica"
    }
  ]
}