{
  "resourceType": "CodeSystem",
  "id": "allergy-intolerance-type",
  "meta": {
    "lastUpdated": "2018-12-27T22:37:54.724+11:00"
  },
  "text": {
    "status": "generated",
    "div": "\u003cdiv xmlns\u003d\"http://www.w3.org/1999/xhtml\"\u003e\u003ch2\u003eAllergyIntoleranceType\u003c/h2\u003e\u003cdiv\u003e\u003cp\u003eIdentification of the underlying physiological mechanism for a Reaction Risk.\u003c/p\u003e\n\u003c/div\u003e\u003cp\u003eThis code system http://hl7.org/fhir/allergy-intolerance-type defines the following codes:\u003c/p\u003e\u003ctable class\u003d\"codes\"\u003e\u003ctr\u003e\u003ctd style\u003d\"white-space:nowrap\"\u003e\u003cb\u003eCode\u003c/b\u003e\u003c/td\u003e\u003ctd\u003e\u003cb\u003eDisplay\u003c/b\u003e\u003c/td\u003e\u003ctd\u003e\u003cb\u003eDefinition\u003c/b\u003e\u003c/td\u003e\u003c/tr\u003e\u003ctr\u003e\u003ctd style\u003d\"white-space:nowrap\"\u003eallergy\u003ca name\u003d\"allergy-intolerance-type-allergy\"\u003e \u003c/a\u003e\u003c/td\u003e\u003ctd\u003eAllergy\u003c/td\u003e\u003ctd\u003eA propensity for hypersensitive reaction(s) to a substance.  These reactions are most typically type I hypersensitivity, plus other \u0026quot;allergy-like\u0026quot; reactions, including pseudoallergy.\u003c/td\u003e\u003c/tr\u003e\u003ctr\u003e\u003ctd style\u003d\"white-space:nowrap\"\u003eintolerance\u003ca name\u003d\"allergy-intolerance-type-intolerance\"\u003e \u003c/a\u003e\u003c/td\u003e\u003ctd\u003eIntolerance\u003c/td\u003e\u003ctd\u003eA propensity for adverse reactions to a substance that is not judged to be allergic or \u0026quot;allergy-like\u0026quot;.  These reactions are typically (but not necessarily) non-immune.  They are to some degree idiosyncratic and/or patient-specific (i.e. are not a reaction that is expected to occur with most or all patients given similar circumstances).\u003c/td\u003e\u003c/tr\u003e\u003c/table\u003e\u003c/div\u003e"
  },
  "extension": [
    {
      "url": "http://hl7.org/fhir/StructureDefinition/structuredefinition-wg",
      "valueCode": "pc"
    },
    {
      "url": "http://hl7.org/fhir/StructureDefinition/structuredefinition-standards-status",
      "valueCode": "trial-use"
    },
    {
      "url": "http://hl7.org/fhir/StructureDefinition/structuredefinition-fmm",
      "valueInteger": 3
    }
  ],
  "url": "http://hl7.org/fhir/allergy-intolerance-type",
  "identifier": [
    {
      "system": "urn:ietf:rfc:3986",
      "value": "urn:oid:2.16.840.1.113883.4.642.1.132"
    }
  ],
  "version": "4.0.0",
  "name": "AllergyIntoleranceType",
  "title": "AllergyIntoleranceType",
  "status": "draft",
  "experimental": false,
  "date": "2018-12-27T22:37:54+11:00",
  "publisher": "HL7 (FHIR Project)",
  "contact": [
    {
      "telecom": [
        {
          "system": "url",
          "value": "http://hl7.org/fhir"
        },
        {
          "system": "email",
          "value": "fhir@lists.hl7.org"
        }
      ]
    }
  ],
  "description": "Identification of the underlying physiological mechanism for a Reaction Risk.",
  "caseSensitive": true,
  "valueSet": "http://hl7.org/fhir/ValueSet/allergy-intolerance-type",
  "content": "complete",
  "concept": [
    {
      "code": "allergy",
      "display": "Allergy",
      "definition": "A propensity for hypersensitive reaction(s) to a substance.  These reactions are most typically type I hypersensitivity, plus other \"allergy-like\" reactions, including pseudoallergy."
    },
    {
      "code": "intolerance",
      "display": "Intolerance",
      "definition": "A propensity for adverse reactions to a substance that is not judged to be allergic or \"allergy-like\".  These reactions are typically (but not necessarily) non-immune.  They are to some degree idiosyncratic and/or patient-specific (i.e. are not a reaction that is expected to occur with most or all patients given similar circumstances)."
    }
  ]
}