{
  "resourceType": "CodeSystem",
  "id": "invoice-status",
  "meta": {
    "lastUpdated": "2018-12-27T22:37:54.724+11:00"
  },
  "text": {
    "status": "generated",
    "div": "\u003cdiv xmlns\u003d\"http://www.w3.org/1999/xhtml\"\u003e\u003ch2\u003eInvoiceStatus\u003c/h2\u003e\u003cdiv\u003e\u003cp\u003eCodes identifying the lifecycle stage of an Invoice.\u003c/p\u003e\n\u003c/div\u003e\u003cp\u003eThis code system http://hl7.org/fhir/invoice-status defines the following codes:\u003c/p\u003e\u003ctable class\u003d\"codes\"\u003e\u003ctr\u003e\u003ctd style\u003d\"white-space:nowrap\"\u003e\u003cb\u003eCode\u003c/b\u003e\u003c/td\u003e\u003ctd\u003e\u003cb\u003eDisplay\u003c/b\u003e\u003c/td\u003e\u003ctd\u003e\u003cb\u003eDefinition\u003c/b\u003e\u003c/td\u003e\u003c/tr\u003e\u003ctr\u003e\u003ctd style\u003d\"white-space:nowrap\"\u003edraft\u003ca name\u003d\"invoice-status-draft\"\u003e \u003c/a\u003e\u003c/td\u003e\u003ctd\u003edraft\u003c/td\u003e\u003ctd\u003ethe invoice has been prepared but not yet finalized.\u003c/td\u003e\u003c/tr\u003e\u003ctr\u003e\u003ctd style\u003d\"white-space:nowrap\"\u003eissued\u003ca name\u003d\"invoice-status-issued\"\u003e \u003c/a\u003e\u003c/td\u003e\u003ctd\u003eissued\u003c/td\u003e\u003ctd\u003ethe invoice has been finalized and sent to the recipient.\u003c/td\u003e\u003c/tr\u003e\u003ctr\u003e\u003ctd style\u003d\"white-space:nowrap\"\u003ebalanced\u003ca name\u003d\"invoice-status-balanced\"\u003e \u003c/a\u003e\u003c/td\u003e\u003ctd\u003ebalanced\u003c/td\u003e\u003ctd\u003ethe invoice has been balaced / completely paid.\u003c/td\u003e\u003c/tr\u003e\u003ctr\u003e\u003ctd style\u003d\"white-space:nowrap\"\u003ecancelled\u003ca name\u003d\"invoice-status-cancelled\"\u003e \u003c/a\u003e\u003c/td\u003e\u003ctd\u003ecancelled\u003c/td\u003e\u003ctd\u003ethe invoice was cancelled.\u003c/td\u003e\u003c/tr\u003e\u003ctr\u003e\u003ctd style\u003d\"white-space:nowrap\"\u003eentered-in-error\u003ca name\u003d\"invoice-status-entered-in-error\"\u003e \u003c/a\u003e\u003c/td\u003e\u003ctd\u003eentered in error\u003c/td\u003e\u003ctd\u003ethe invoice was determined as entered in error before it was issued.\u003c/td\u003e\u003c/tr\u003e\u003c/table\u003e\u003c/div\u003e"
  },
  "extension": [
    {
      "url": "http://hl7.org/fhir/StructureDefinition/structuredefinition-wg",
      "valueCode": "fm"
    },
    {
      "url": "http://hl7.org/fhir/StructureDefinition/structuredefinition-standards-status",
      "valueCode": "trial-use"
    },
    {
      "url": "http://hl7.org/fhir/StructureDefinition/structuredefinition-fmm",
      "valueInteger": 0
    }
  ],
  "url": "http://hl7.org/fhir/invoice-status",
  "identifier": [
    {
      "system": "urn:ietf:rfc:3986",
      "value": "urn:oid:2.16.840.1.113883.4.642.1.867"
    }
  ],
  "version": "4.0.0",
  "name": "InvoiceStatus",
  "title": "InvoiceStatus",
  "status": "draft",
  "experimental": false,
  "date": "2018-12-27T22:37:54+11:00",
  "publisher": "HL7 (FHIR Project)",
  "contact": [
    {
      "telecom": [
        {
          "system": "url",
          "value": "http://hl7.org/fhir"
        },
        {
          "system": "email",
          "value": "fhir@lists.hl7.org"
        }
      ]
    }
  ],
  "description": "Codes identifying the lifecycle stage of an Invoice.",
  "caseSensitive": true,
  "valueSet": "http://hl7.org/fhir/ValueSet/invoice-status",
  "content": "complete",
  "concept": [
    {
      "code": "draft",
      "display": "draft",
      "definition": "the invoice has been prepared but not yet finalized."
    },
    {
      "code": "issued",
      "display": "issued",
      "definition": "the invoice has been finalized and sent to the recipient."
    },
    {
      "code": "balanced",
      "display": "balanced",
      "definition": "the invoice has been balaced / completely paid."
    },
    {
      "code": "cancelled",
      "display": "cancelled",
      "definition": "the invoice was cancelled."
    },
    {
      "code": "entered-in-error",
      "display": "entered in error",
      "definition": "the invoice was determined as entered in error before it was issued."
    }
  ]
}