{
  "resourceType": "CodeSystem",
  "id": "library-type",
  "meta": {
    "lastUpdated": "2018-12-27T22:37:54.724+11:00"
  },
  "text": {
    "status": "generated",
    "div": "\u003cdiv xmlns\u003d\"http://www.w3.org/1999/xhtml\"\u003e\u003ch2\u003eLibraryType\u003c/h2\u003e\u003cdiv\u003e\u003cp\u003eThe type of knowledge asset this library contains.\u003c/p\u003e\n\u003c/div\u003e\u003cp\u003eThis code system http://terminology.hl7.org/CodeSystem/library-type defines the following codes:\u003c/p\u003e\u003ctable class\u003d\"codes\"\u003e\u003ctr\u003e\u003ctd style\u003d\"white-space:nowrap\"\u003e\u003cb\u003eCode\u003c/b\u003e\u003c/td\u003e\u003ctd\u003e\u003cb\u003eDisplay\u003c/b\u003e\u003c/td\u003e\u003ctd\u003e\u003cb\u003eDefinition\u003c/b\u003e\u003c/td\u003e\u003c/tr\u003e\u003ctr\u003e\u003ctd style\u003d\"white-space:nowrap\"\u003elogic-library\u003ca name\u003d\"library-type-logic-library\"\u003e \u003c/a\u003e\u003c/td\u003e\u003ctd\u003eLogic Library\u003c/td\u003e\u003ctd\u003eThe resource is a shareable library of formalized knowledge.\u003c/td\u003e\u003c/tr\u003e\u003ctr\u003e\u003ctd style\u003d\"white-space:nowrap\"\u003emodel-definition\u003ca name\u003d\"library-type-model-definition\"\u003e \u003c/a\u003e\u003c/td\u003e\u003ctd\u003eModel Definition\u003c/td\u003e\u003ctd\u003eThe resource is a definition of an information model.\u003c/td\u003e\u003c/tr\u003e\u003ctr\u003e\u003ctd style\u003d\"white-space:nowrap\"\u003easset-collection\u003ca name\u003d\"library-type-asset-collection\"\u003e \u003c/a\u003e\u003c/td\u003e\u003ctd\u003eAsset Collection\u003c/td\u003e\u003ctd\u003eThe resource is a collection of knowledge assets.\u003c/td\u003e\u003c/tr\u003e\u003ctr\u003e\u003ctd style\u003d\"white-space:nowrap\"\u003emodule-definition\u003ca name\u003d\"library-type-module-definition\"\u003e \u003c/a\u003e\u003c/td\u003e\u003ctd\u003eModule Definition\u003c/td\u003e\u003ctd\u003eThe resource defines the dependencies, parameters, and data requirements for a particular module or evaluation context.\u003c/td\u003e\u003c/tr\u003e\u003c/table\u003e\u003c/div\u003e"
  },
  "extension": [
    {
      "url": "http://hl7.org/fhir/StructureDefinition/structuredefinition-wg",
      "valueCode": "cds"
    },
    {
      "url": "http://hl7.org/fhir/StructureDefinition/structuredefinition-standards-status",
      "valueCode": "trial-use"
    },
    {
      "url": "http://hl7.org/fhir/StructureDefinition/structuredefinition-fmm",
      "valueInteger": 2
    }
  ],
  "url": "http://terminology.hl7.org/CodeSystem/library-type",
  "identifier": [
    {
      "system": "urn:ietf:rfc:3986",
      "value": "urn:oid:2.16.840.1.113883.4.642.1.1230"
    }
  ],
  "version": "4.0.0",
  "name": "LibraryType",
  "title": "LibraryType",
  "status": "draft",
  "experimental": false,
  "date": "2018-12-27T22:37:54+11:00",
  "publisher": "HL7 (FHIR Project)",
  "contact": [
    {
      "telecom": [
        {
          "system": "url",
          "value": "http://hl7.org/fhir"
        },
        {
          "system": "email",
          "value": "fhir@lists.hl7.org"
        }
      ]
    }
  ],
  "description": "The type of knowledge asset this library contains.",
  "caseSensitive": true,
  "valueSet": "http://hl7.org/fhir/ValueSet/library-type",
  "content": "complete",
  "concept": [
    {
      "code": "logic-library",
      "display": "Logic Library",
      "definition": "The resource is a shareable library of formalized knowledge."
    },
    {
      "code": "model-definition",
      "display": "Model Definition",
      "definition": "The resource is a definition of an information model."
    },
    {
      "code": "asset-collection",
      "display": "Asset Collection",
      "definition": "The resource is a collection of knowledge assets."
    },
    {
      "code": "module-definition",
      "display": "Module Definition",
      "definition": "The resource defines the dependencies, parameters, and data requirements for a particular module or evaluation context."
    }
  ]
}