{
  "resourceType": "CodeSystem",
  "id": "encounter-diet",
  "meta": {
    "lastUpdated": "2018-12-27T22:37:54.724+11:00",
    "profile": [
      "http://hl7.org/fhir/StructureDefinition/shareablecodesystem"
    ]
  },
  "text": {
    "status": "generated",
    "div": "\u003cdiv xmlns\u003d\"http://www.w3.org/1999/xhtml\"\u003e\u003ch2\u003eDiet\u003c/h2\u003e\u003cdiv\u003e\u003cp\u003eThis value set defines a set of codes that can be used to indicate dietary preferences or restrictions a patient may have.\u003c/p\u003e\n\u003c/div\u003e\u003cp\u003eThis code system http://terminology.hl7.org/CodeSystem/diet defines the following codes:\u003c/p\u003e\u003ctable class\u003d\"codes\"\u003e\u003ctr\u003e\u003ctd style\u003d\"white-space:nowrap\"\u003e\u003cb\u003eCode\u003c/b\u003e\u003c/td\u003e\u003ctd\u003e\u003cb\u003eDisplay\u003c/b\u003e\u003c/td\u003e\u003ctd\u003e\u003cb\u003eDefinition\u003c/b\u003e\u003c/td\u003e\u003c/tr\u003e\u003ctr\u003e\u003ctd style\u003d\"white-space:nowrap\"\u003evegetarian\u003ca name\u003d\"encounter-diet-vegetarian\"\u003e \u003c/a\u003e\u003c/td\u003e\u003ctd\u003eVegetarian\u003c/td\u003e\u003ctd\u003eFood without meat, poultry or seafood.\u003c/td\u003e\u003c/tr\u003e\u003ctr\u003e\u003ctd style\u003d\"white-space:nowrap\"\u003edairy-free\u003ca name\u003d\"encounter-diet-dairy-free\"\u003e \u003c/a\u003e\u003c/td\u003e\u003ctd\u003eDairy Free\u003c/td\u003e\u003ctd\u003eExcludes dairy products.\u003c/td\u003e\u003c/tr\u003e\u003ctr\u003e\u003ctd style\u003d\"white-space:nowrap\"\u003enut-free\u003ca name\u003d\"encounter-diet-nut-free\"\u003e \u003c/a\u003e\u003c/td\u003e\u003ctd\u003eNut Free\u003c/td\u003e\u003ctd\u003eExcludes ingredients containing nuts.\u003c/td\u003e\u003c/tr\u003e\u003ctr\u003e\u003ctd style\u003d\"white-space:nowrap\"\u003egluten-free\u003ca name\u003d\"encounter-diet-gluten-free\"\u003e \u003c/a\u003e\u003c/td\u003e\u003ctd\u003eGluten Free\u003c/td\u003e\u003ctd\u003eExcludes ingredients containing gluten.\u003c/td\u003e\u003c/tr\u003e\u003ctr\u003e\u003ctd style\u003d\"white-space:nowrap\"\u003evegan\u003ca name\u003d\"encounter-diet-vegan\"\u003e \u003c/a\u003e\u003c/td\u003e\u003ctd\u003eVegan\u003c/td\u003e\u003ctd\u003eFood without meat, poultry, seafood, eggs, dairy products and other animal-derived substances.\u003c/td\u003e\u003c/tr\u003e\u003ctr\u003e\u003ctd style\u003d\"white-space:nowrap\"\u003ehalal\u003ca name\u003d\"encounter-diet-halal\"\u003e \u003c/a\u003e\u003c/td\u003e\u003ctd\u003eHalal\u003c/td\u003e\u003ctd\u003eFoods that conform to Islamic law.\u003c/td\u003e\u003c/tr\u003e\u003ctr\u003e\u003ctd style\u003d\"white-space:nowrap\"\u003ekosher\u003ca name\u003d\"encounter-diet-kosher\"\u003e \u003c/a\u003e\u003c/td\u003e\u003ctd\u003eKosher\u003c/td\u003e\u003ctd\u003eFoods that conform to Jewish dietary law.\u003c/td\u003e\u003c/tr\u003e\u003c/table\u003e\u003c/div\u003e"
  },
  "extension": [
    {
      "url": "http://hl7.org/fhir/StructureDefinition/structuredefinition-wg",
      "valueCode": "pa"
    },
    {
      "url": "http://hl7.org/fhir/StructureDefinition/structuredefinition-standards-status",
      "valueCode": "draft"
    },
    {
      "url": "http://hl7.org/fhir/StructureDefinition/structuredefinition-fmm",
      "valueInteger": 1
    }
  ],
  "url": "http://terminology.hl7.org/CodeSystem/diet",
  "identifier": [
    {
      "system": "urn:ietf:rfc:3986",
      "value": "urn:oid:2.16.840.1.113883.4.642.1.1091"
    }
  ],
  "version": "4.0.0",
  "name": "Diet",
  "title": "Diet",
  "status": "draft",
  "experimental": false,
  "publisher": "FHIR Project team",
  "contact": [
    {
      "telecom": [
        {
          "system": "url",
          "value": "http://hl7.org/fhir"
        }
      ]
    }
  ],
  "description": "This value set defines a set of codes that can be used to indicate dietary preferences or restrictions a patient may have.",
  "caseSensitive": true,
  "valueSet": "http://hl7.org/fhir/ValueSet/encounter-diet",
  "content": "complete",
  "concept": [
    {
      "code": "vegetarian",
      "display": "Vegetarian",
      "definition": "Food without meat, poultry or seafood."
    },
    {
      "code": "dairy-free",
      "display": "Dairy Free",
      "definition": "Excludes dairy products."
    },
    {
      "code": "nut-free",
      "display": "Nut Free",
      "definition": "Excludes ingredients containing nuts."
    },
    {
      "code": "gluten-free",
      "display": "Gluten Free",
      "definition": "Excludes ingredients containing gluten."
    },
    {
      "code": "vegan",
      "display": "Vegan",
      "definition": "Food without meat, poultry, seafood, eggs, dairy products and other animal-derived substances."
    },
    {
      "code": "halal",
      "display": "Halal",
      "definition": "Foods that conform to Islamic law."
    },
    {
      "code": "kosher",
      "display": "Kosher",
      "definition": "Foods that conform to Jewish dietary law."
    }
  ]
}