{
  "resourceType": "CodeSystem",
  "id": "definition-topic",
  "meta": {
    "lastUpdated": "2018-12-27T22:37:54.724+11:00"
  },
  "text": {
    "status": "generated",
    "div": "\u003cdiv xmlns\u003d\"http://www.w3.org/1999/xhtml\"\u003e\u003ch2\u003eDefinitionTopic\u003c/h2\u003e\u003cdiv\u003e\u003cp\u003eHigh-level categorization of the definition, used for searching, sorting, and filtering.\u003c/p\u003e\n\u003c/div\u003e\u003cp\u003eThis code system http://terminology.hl7.org/CodeSystem/definition-topic defines the following codes:\u003c/p\u003e\u003ctable class\u003d\"codes\"\u003e\u003ctr\u003e\u003ctd style\u003d\"white-space:nowrap\"\u003e\u003cb\u003eCode\u003c/b\u003e\u003c/td\u003e\u003ctd\u003e\u003cb\u003eDisplay\u003c/b\u003e\u003c/td\u003e\u003ctd\u003e\u003cb\u003eDefinition\u003c/b\u003e\u003c/td\u003e\u003c/tr\u003e\u003ctr\u003e\u003ctd style\u003d\"white-space:nowrap\"\u003etreatment\u003ca name\u003d\"definition-topic-treatment\"\u003e \u003c/a\u003e\u003c/td\u003e\u003ctd\u003eTreatment\u003c/td\u003e\u003ctd\u003eThe definition is related to treatment of the patient.\u003c/td\u003e\u003c/tr\u003e\u003ctr\u003e\u003ctd style\u003d\"white-space:nowrap\"\u003eeducation\u003ca name\u003d\"definition-topic-education\"\u003e \u003c/a\u003e\u003c/td\u003e\u003ctd\u003eEducation\u003c/td\u003e\u003ctd\u003eThe definition is related to education of the patient.\u003c/td\u003e\u003c/tr\u003e\u003ctr\u003e\u003ctd style\u003d\"white-space:nowrap\"\u003eassessment\u003ca name\u003d\"definition-topic-assessment\"\u003e \u003c/a\u003e\u003c/td\u003e\u003ctd\u003eAssessment\u003c/td\u003e\u003ctd\u003eThe definition is related to assessment of the patient.\u003c/td\u003e\u003c/tr\u003e\u003c/table\u003e\u003c/div\u003e"
  },
  "extension": [
    {
      "url": "http://hl7.org/fhir/StructureDefinition/structuredefinition-wg",
      "valueCode": "cds"
    },
    {
      "url": "http://hl7.org/fhir/StructureDefinition/structuredefinition-standards-status",
      "valueCode": "draft"
    },
    {
      "url": "http://hl7.org/fhir/StructureDefinition/structuredefinition-fmm",
      "valueInteger": 1
    }
  ],
  "url": "http://terminology.hl7.org/CodeSystem/definition-topic",
  "identifier": [
    {
      "system": "urn:ietf:rfc:3986",
      "value": "urn:oid:2.16.840.1.113883.4.642.1.1244"
    }
  ],
  "version": "4.0.0",
  "name": "DefinitionTopic",
  "title": "DefinitionTopic",
  "status": "draft",
  "experimental": false,
  "date": "2018-12-27T22:37:54+11:00",
  "publisher": "HL7 (FHIR Project)",
  "contact": [
    {
      "telecom": [
        {
          "system": "url",
          "value": "http://hl7.org/fhir"
        },
        {
          "system": "email",
          "value": "fhir@lists.hl7.org"
        }
      ]
    }
  ],
  "description": "High-level categorization of the definition, used for searching, sorting, and filtering.",
  "caseSensitive": true,
  "valueSet": "http://hl7.org/fhir/ValueSet/definition-topic",
  "content": "complete",
  "concept": [
    {
      "code": "treatment",
      "display": "Treatment",
      "definition": "The definition is related to treatment of the patient."
    },
    {
      "code": "education",
      "display": "Education",
      "definition": "The definition is related to education of the patient."
    },
    {
      "code": "assessment",
      "display": "Assessment",
      "definition": "The definition is related to assessment of the patient."
    }
  ]
}