{
  "resourceType": "CodeSystem",
  "id": "measure-data-usage",
  "meta": {
    "lastUpdated": "2018-12-27T22:37:54.724+11:00"
  },
  "text": {
    "status": "generated",
    "div": "\u003cdiv xmlns\u003d\"http://www.w3.org/1999/xhtml\"\u003e\u003ch2\u003eMeasureDataUsage\u003c/h2\u003e\u003cdiv\u003e\u003cp\u003eThe intended usage for supplemental data elements in the measure.\u003c/p\u003e\n\u003c/div\u003e\u003cp\u003eThis code system http://terminology.hl7.org/CodeSystem/measure-data-usage defines the following codes:\u003c/p\u003e\u003ctable class\u003d\"codes\"\u003e\u003ctr\u003e\u003ctd style\u003d\"white-space:nowrap\"\u003e\u003cb\u003eCode\u003c/b\u003e\u003c/td\u003e\u003ctd\u003e\u003cb\u003eDisplay\u003c/b\u003e\u003c/td\u003e\u003ctd\u003e\u003cb\u003eDefinition\u003c/b\u003e\u003c/td\u003e\u003c/tr\u003e\u003ctr\u003e\u003ctd style\u003d\"white-space:nowrap\"\u003esupplemental-data\u003ca name\u003d\"measure-data-usage-supplemental-data\"\u003e \u003c/a\u003e\u003c/td\u003e\u003ctd\u003eSupplemental Data\u003c/td\u003e\u003ctd\u003eThe data is intended to be provided as additional information alongside the measure results.\u003c/td\u003e\u003c/tr\u003e\u003ctr\u003e\u003ctd style\u003d\"white-space:nowrap\"\u003erisk-adjustment-factor\u003ca name\u003d\"measure-data-usage-risk-adjustment-factor\"\u003e \u003c/a\u003e\u003c/td\u003e\u003ctd\u003eRisk Adjustment Factor\u003c/td\u003e\u003ctd\u003eThe data is intended to be used to calculate and apply a risk adjustment model for the measure.\u003c/td\u003e\u003c/tr\u003e\u003c/table\u003e\u003c/div\u003e"
  },
  "extension": [
    {
      "url": "http://hl7.org/fhir/StructureDefinition/structuredefinition-wg",
      "valueCode": "cqi"
    },
    {
      "url": "http://hl7.org/fhir/StructureDefinition/structuredefinition-standards-status",
      "valueCode": "trial-use"
    },
    {
      "url": "http://hl7.org/fhir/StructureDefinition/structuredefinition-fmm",
      "valueInteger": 2
    }
  ],
  "url": "http://terminology.hl7.org/CodeSystem/measure-data-usage",
  "identifier": [
    {
      "system": "urn:ietf:rfc:3986",
      "value": "urn:oid:2.16.840.1.113883.4.642.1.1234"
    }
  ],
  "version": "4.0.0",
  "name": "MeasureDataUsage",
  "title": "MeasureDataUsage",
  "status": "draft",
  "experimental": false,
  "date": "2018-12-27T22:37:54+11:00",
  "publisher": "HL7 (FHIR Project)",
  "contact": [
    {
      "telecom": [
        {
          "system": "url",
          "value": "http://hl7.org/fhir"
        },
        {
          "system": "email",
          "value": "fhir@lists.hl7.org"
        }
      ]
    }
  ],
  "description": "The intended usage for supplemental data elements in the measure.",
  "caseSensitive": true,
  "valueSet": "http://hl7.org/fhir/ValueSet/measure-data-usage",
  "content": "complete",
  "concept": [
    {
      "code": "supplemental-data",
      "display": "Supplemental Data",
      "definition": "The data is intended to be provided as additional information alongside the measure results."
    },
    {
      "code": "risk-adjustment-factor",
      "display": "Risk Adjustment Factor",
      "definition": "The data is intended to be used to calculate and apply a risk adjustment model for the measure."
    }
  ]
}