{
  "resourceType": "CodeSystem",
  "id": "encounter-type",
  "meta": {
    "lastUpdated": "2018-12-27T22:37:54.724+11:00",
    "profile": [
      "http://hl7.org/fhir/StructureDefinition/shareablecodesystem"
    ]
  },
  "text": {
    "status": "generated",
    "div": "\u003cdiv xmlns\u003d\"http://www.w3.org/1999/xhtml\"\u003e\u003ch2\u003eEncounter type\u003c/h2\u003e\u003cdiv\u003e\u003cp\u003eThis example value set defines a set of codes that can be used to indicate the type of encounter: a specific code indicating type of service provided.\u003c/p\u003e\n\u003c/div\u003e\u003cp\u003eThis code system http://terminology.hl7.org/CodeSystem/encounter-type defines the following codes:\u003c/p\u003e\u003ctable class\u003d\"codes\"\u003e\u003ctr\u003e\u003ctd style\u003d\"white-space:nowrap\"\u003e\u003cb\u003eCode\u003c/b\u003e\u003c/td\u003e\u003ctd\u003e\u003cb\u003eDisplay\u003c/b\u003e\u003c/td\u003e\u003ctd\u003e\u003cb\u003eDefinition\u003c/b\u003e\u003c/td\u003e\u003c/tr\u003e\u003ctr\u003e\u003ctd style\u003d\"white-space:nowrap\"\u003eADMS\u003ca name\u003d\"encounter-type-ADMS\"\u003e \u003c/a\u003e\u003c/td\u003e\u003ctd\u003eAnnual diabetes mellitus screening\u003c/td\u003e\u003ctd/\u003e\u003c/tr\u003e\u003ctr\u003e\u003ctd style\u003d\"white-space:nowrap\"\u003eBD/BM-clin\u003ca name\u003d\"encounter-type-BD.47BM-clin\"\u003e \u003c/a\u003e\u003c/td\u003e\u003ctd\u003eBone drilling/bone marrow punction in clinic\u003c/td\u003e\u003ctd/\u003e\u003c/tr\u003e\u003ctr\u003e\u003ctd style\u003d\"white-space:nowrap\"\u003eCCS60\u003ca name\u003d\"encounter-type-CCS60\"\u003e \u003c/a\u003e\u003c/td\u003e\u003ctd\u003eInfant colon screening - 60 minutes\u003c/td\u003e\u003ctd/\u003e\u003c/tr\u003e\u003ctr\u003e\u003ctd style\u003d\"white-space:nowrap\"\u003eOKI\u003ca name\u003d\"encounter-type-OKI\"\u003e \u003c/a\u003e\u003c/td\u003e\u003ctd\u003eOutpatient Kenacort injection\u003c/td\u003e\u003ctd/\u003e\u003c/tr\u003e\u003c/table\u003e\u003c/div\u003e"
  },
  "extension": [
    {
      "url": "http://hl7.org/fhir/StructureDefinition/structuredefinition-wg",
      "valueCode": "pa"
    },
    {
      "url": "http://hl7.org/fhir/StructureDefinition/structuredefinition-standards-status",
      "valueCode": "draft"
    },
    {
      "url": "http://hl7.org/fhir/StructureDefinition/structuredefinition-fmm",
      "valueInteger": 1
    }
  ],
  "url": "http://terminology.hl7.org/CodeSystem/encounter-type",
  "identifier": [
    {
      "system": "urn:ietf:rfc:3986",
      "value": "urn:oid:2.16.840.1.113883.4.642.1.1088"
    }
  ],
  "version": "4.0.0",
  "name": "EncounterType",
  "title": "Encounter type",
  "status": "draft",
  "experimental": false,
  "publisher": "FHIR Project team",
  "contact": [
    {
      "telecom": [
        {
          "system": "url",
          "value": "http://hl7.org/fhir"
        }
      ]
    }
  ],
  "description": "This example value set defines a set of codes that can be used to indicate the type of encounter: a specific code indicating type of service provided.",
  "caseSensitive": true,
  "valueSet": "http://hl7.org/fhir/ValueSet/encounter-type",
  "content": "complete",
  "concept": [
    {
      "code": "ADMS",
      "display": "Annual diabetes mellitus screening"
    },
    {
      "code": "BD/BM-clin",
      "display": "Bone drilling/bone marrow punction in clinic"
    },
    {
      "code": "CCS60",
      "display": "Infant colon screening - 60 minutes"
    },
    {
      "code": "OKI",
      "display": "Outpatient Kenacort injection"
    }
  ]
}