{
  "resourceType": "CodeSystem",
  "id": "goal-category",
  "meta": {
    "lastUpdated": "2018-12-27T22:37:54.724+11:00",
    "profile": [
      "http://hl7.org/fhir/StructureDefinition/shareablecodesystem"
    ]
  },
  "text": {
    "status": "generated",
    "div": "\u003cdiv xmlns\u003d\"http://www.w3.org/1999/xhtml\"\u003e\u003ch2\u003eGoal category\u003c/h2\u003e\u003cdiv\u003e\u003cp\u003eExample codes for grouping goals to use for filtering or presentation.\u003c/p\u003e\n\u003c/div\u003e\u003cp\u003eThis code system http://terminology.hl7.org/CodeSystem/goal-category defines the following codes:\u003c/p\u003e\u003ctable class\u003d\"codes\"\u003e\u003ctr\u003e\u003ctd style\u003d\"white-space:nowrap\"\u003e\u003cb\u003eCode\u003c/b\u003e\u003c/td\u003e\u003ctd\u003e\u003cb\u003eDisplay\u003c/b\u003e\u003c/td\u003e\u003ctd\u003e\u003cb\u003eDefinition\u003c/b\u003e\u003c/td\u003e\u003c/tr\u003e\u003ctr\u003e\u003ctd style\u003d\"white-space:nowrap\"\u003edietary\u003ca name\u003d\"goal-category-dietary\"\u003e \u003c/a\u003e\u003c/td\u003e\u003ctd\u003eDietary\u003c/td\u003e\u003ctd\u003eGoals related to the consumption of food and/or beverages.\u003c/td\u003e\u003c/tr\u003e\u003ctr\u003e\u003ctd style\u003d\"white-space:nowrap\"\u003esafety\u003ca name\u003d\"goal-category-safety\"\u003e \u003c/a\u003e\u003c/td\u003e\u003ctd\u003eSafety\u003c/td\u003e\u003ctd\u003eGoals related to the personal protection of the subject.\u003c/td\u003e\u003c/tr\u003e\u003ctr\u003e\u003ctd style\u003d\"white-space:nowrap\"\u003ebehavioral\u003ca name\u003d\"goal-category-behavioral\"\u003e \u003c/a\u003e\u003c/td\u003e\u003ctd\u003eBehavioral\u003c/td\u003e\u003ctd\u003eGoals related to the manner in which the subject acts.\u003c/td\u003e\u003c/tr\u003e\u003ctr\u003e\u003ctd style\u003d\"white-space:nowrap\"\u003enursing\u003ca name\u003d\"goal-category-nursing\"\u003e \u003c/a\u003e\u003c/td\u003e\u003ctd\u003eNursing\u003c/td\u003e\u003ctd\u003eGoals related to the practice of nursing or established by nurses.\u003c/td\u003e\u003c/tr\u003e\u003ctr\u003e\u003ctd style\u003d\"white-space:nowrap\"\u003ephysiotherapy\u003ca name\u003d\"goal-category-physiotherapy\"\u003e \u003c/a\u003e\u003c/td\u003e\u003ctd\u003ePhysiotherapy\u003c/td\u003e\u003ctd\u003eGoals related to the mobility and/or motor capability of the subject.\u003c/td\u003e\u003c/tr\u003e\u003c/table\u003e\u003c/div\u003e"
  },
  "extension": [
    {
      "url": "http://hl7.org/fhir/StructureDefinition/structuredefinition-wg",
      "valueCode": "pc"
    },
    {
      "url": "http://hl7.org/fhir/StructureDefinition/structuredefinition-standards-status",
      "valueCode": "draft"
    },
    {
      "url": "http://hl7.org/fhir/StructureDefinition/structuredefinition-fmm",
      "valueInteger": 1
    }
  ],
  "url": "http://terminology.hl7.org/CodeSystem/goal-category",
  "identifier": [
    {
      "system": "urn:ietf:rfc:3986",
      "value": "urn:oid:2.16.840.1.113883.4.642.1.1097"
    }
  ],
  "version": "4.0.0",
  "name": "GoalCategory",
  "title": "Goal category",
  "status": "draft",
  "experimental": false,
  "publisher": "HL7 International - Patient Care WG",
  "contact": [
    {
      "telecom": [
        {
          "system": "url",
          "value": "http://www.hl7.org/Special/committees/patientcare/"
        }
      ]
    }
  ],
  "description": "Example codes for grouping goals to use for filtering or presentation.",
  "caseSensitive": true,
  "valueSet": "http://hl7.org/fhir/ValueSet/goal-category",
  "content": "complete",
  "concept": [
    {
      "code": "dietary",
      "display": "Dietary",
      "definition": "Goals related to the consumption of food and/or beverages."
    },
    {
      "code": "safety",
      "display": "Safety",
      "definition": "Goals related to the personal protection of the subject."
    },
    {
      "code": "behavioral",
      "display": "Behavioral",
      "definition": "Goals related to the manner in which the subject acts."
    },
    {
      "code": "nursing",
      "display": "Nursing",
      "definition": "Goals related to the practice of nursing or established by nurses."
    },
    {
      "code": "physiotherapy",
      "display": "Physiotherapy",
      "definition": "Goals related to the mobility and/or motor capability of the subject."
    }
  ]
}