{
  "resourceType": "CodeSystem",
  "id": "linkage-type",
  "meta": {
    "lastUpdated": "2018-12-27T22:37:54.724+11:00"
  },
  "text": {
    "status": "generated",
    "div": "\u003cdiv xmlns\u003d\"http://www.w3.org/1999/xhtml\"\u003e\u003ch2\u003eLinkageType\u003c/h2\u003e\u003cdiv\u003e\u003cp\u003eUsed to distinguish different roles a resource can play within a set of linked resources.\u003c/p\u003e\n\u003c/div\u003e\u003cp\u003eThis code system http://hl7.org/fhir/linkage-type defines the following codes:\u003c/p\u003e\u003ctable class\u003d\"codes\"\u003e\u003ctr\u003e\u003ctd style\u003d\"white-space:nowrap\"\u003e\u003cb\u003eCode\u003c/b\u003e\u003c/td\u003e\u003ctd\u003e\u003cb\u003eDisplay\u003c/b\u003e\u003c/td\u003e\u003ctd\u003e\u003cb\u003eDefinition\u003c/b\u003e\u003c/td\u003e\u003c/tr\u003e\u003ctr\u003e\u003ctd style\u003d\"white-space:nowrap\"\u003esource\u003ca name\u003d\"linkage-type-source\"\u003e \u003c/a\u003e\u003c/td\u003e\u003ctd\u003eSource of Truth\u003c/td\u003e\u003ctd\u003eThe resource represents the \u0026quot;source of truth\u0026quot; (from the perspective of this Linkage resource) for the underlying event/condition/etc.\u003c/td\u003e\u003c/tr\u003e\u003ctr\u003e\u003ctd style\u003d\"white-space:nowrap\"\u003ealternate\u003ca name\u003d\"linkage-type-alternate\"\u003e \u003c/a\u003e\u003c/td\u003e\u003ctd\u003eAlternate Record\u003c/td\u003e\u003ctd\u003eThe resource represents an alternative view of the underlying event/condition/etc.  The resource may still be actively maintained, even though it is not considered to be the source of truth.\u003c/td\u003e\u003c/tr\u003e\u003ctr\u003e\u003ctd style\u003d\"white-space:nowrap\"\u003ehistorical\u003ca name\u003d\"linkage-type-historical\"\u003e \u003c/a\u003e\u003c/td\u003e\u003ctd\u003eHistorical/Obsolete Record\u003c/td\u003e\u003ctd\u003eThe resource represents an obsolete record of the underlying event/condition/etc.  It is not expected to be actively maintained.\u003c/td\u003e\u003c/tr\u003e\u003c/table\u003e\u003c/div\u003e"
  },
  "extension": [
    {
      "url": "http://hl7.org/fhir/StructureDefinition/structuredefinition-wg",
      "valueCode": "pc"
    },
    {
      "url": "http://hl7.org/fhir/StructureDefinition/structuredefinition-standards-status",
      "valueCode": "trial-use"
    },
    {
      "url": "http://hl7.org/fhir/StructureDefinition/structuredefinition-fmm",
      "valueInteger": 0
    }
  ],
  "url": "http://hl7.org/fhir/linkage-type",
  "identifier": [
    {
      "system": "urn:ietf:rfc:3986",
      "value": "urn:oid:2.16.840.1.113883.4.642.1.315"
    }
  ],
  "version": "4.0.0",
  "name": "LinkageType",
  "title": "LinkageType",
  "status": "draft",
  "experimental": false,
  "date": "2018-12-27T22:37:54+11:00",
  "publisher": "HL7 (FHIR Project)",
  "contact": [
    {
      "telecom": [
        {
          "system": "url",
          "value": "http://hl7.org/fhir"
        },
        {
          "system": "email",
          "value": "fhir@lists.hl7.org"
        }
      ]
    }
  ],
  "description": "Used to distinguish different roles a resource can play within a set of linked resources.",
  "caseSensitive": true,
  "valueSet": "http://hl7.org/fhir/ValueSet/linkage-type",
  "content": "complete",
  "concept": [
    {
      "code": "source",
      "display": "Source of Truth",
      "definition": "The resource represents the \"source of truth\" (from the perspective of this Linkage resource) for the underlying event/condition/etc."
    },
    {
      "code": "alternate",
      "display": "Alternate Record",
      "definition": "The resource represents an alternative view of the underlying event/condition/etc.  The resource may still be actively maintained, even though it is not considered to be the source of truth."
    },
    {
      "code": "historical",
      "display": "Historical/Obsolete Record",
      "definition": "The resource represents an obsolete record of the underlying event/condition/etc.  It is not expected to be actively maintained."
    }
  ]
}