{
  "resourceType": "CodeSystem",
  "id": "coverage-copay-type",
  "meta": {
    "lastUpdated": "2018-12-27T22:37:54.724+11:00",
    "profile": [
      "http://hl7.org/fhir/StructureDefinition/shareablecodesystem"
    ]
  },
  "text": {
    "status": "generated",
    "div": "\u003cdiv xmlns\u003d\"http://www.w3.org/1999/xhtml\"\u003e\u003ch2\u003eCoverage Copay Type Codes\u003c/h2\u003e\u003cdiv\u003e\u003cp\u003eThis value set includes sample Coverage Copayment Type codes.\u003c/p\u003e\n\u003c/div\u003e\u003cp\u003e\u003cb\u003eCopyright Statement:\u003c/b\u003e This is an example set.\u003c/p\u003e\u003cp\u003eThis code system http://terminology.hl7.org/CodeSystem/coverage-copay-type defines the following codes:\u003c/p\u003e\u003ctable class\u003d\"codes\"\u003e\u003ctr\u003e\u003ctd style\u003d\"white-space:nowrap\"\u003e\u003cb\u003eCode\u003c/b\u003e\u003c/td\u003e\u003ctd\u003e\u003cb\u003eDisplay\u003c/b\u003e\u003c/td\u003e\u003ctd\u003e\u003cb\u003eDefinition\u003c/b\u003e\u003c/td\u003e\u003c/tr\u003e\u003ctr\u003e\u003ctd style\u003d\"white-space:nowrap\"\u003egpvisit\u003ca name\u003d\"coverage-copay-type-gpvisit\"\u003e \u003c/a\u003e\u003c/td\u003e\u003ctd\u003eGP Office Visit\u003c/td\u003e\u003ctd\u003eAn office visit for a general practitioner of a discipline.\u003c/td\u003e\u003c/tr\u003e\u003ctr\u003e\u003ctd style\u003d\"white-space:nowrap\"\u003espvisit\u003ca name\u003d\"coverage-copay-type-spvisit\"\u003e \u003c/a\u003e\u003c/td\u003e\u003ctd\u003eSpecialist Office Visit\u003c/td\u003e\u003ctd\u003eAn office visit for a specialist practitioner of a discipline\u003c/td\u003e\u003c/tr\u003e\u003ctr\u003e\u003ctd style\u003d\"white-space:nowrap\"\u003eemergency\u003ca name\u003d\"coverage-copay-type-emergency\"\u003e \u003c/a\u003e\u003c/td\u003e\u003ctd\u003eEmergency\u003c/td\u003e\u003ctd\u003eAn episode in an emergency department.\u003c/td\u003e\u003c/tr\u003e\u003ctr\u003e\u003ctd style\u003d\"white-space:nowrap\"\u003einpthosp\u003ca name\u003d\"coverage-copay-type-inpthosp\"\u003e \u003c/a\u003e\u003c/td\u003e\u003ctd\u003eInpatient Hospital\u003c/td\u003e\u003ctd\u003eAn episode of an Inpatient hospital stay.\u003c/td\u003e\u003c/tr\u003e\u003ctr\u003e\u003ctd style\u003d\"white-space:nowrap\"\u003etelevisit\u003ca name\u003d\"coverage-copay-type-televisit\"\u003e \u003c/a\u003e\u003c/td\u003e\u003ctd\u003eTele-visit\u003c/td\u003e\u003ctd\u003eA visit held where the patient is remote relative to the practitioner, e.g. by phone, computer or video conference.\u003c/td\u003e\u003c/tr\u003e\u003ctr\u003e\u003ctd style\u003d\"white-space:nowrap\"\u003eurgentcare\u003ca name\u003d\"coverage-copay-type-urgentcare\"\u003e \u003c/a\u003e\u003c/td\u003e\u003ctd\u003eUrgent Care\u003c/td\u003e\u003ctd\u003eA visit to an urgent care facility - typically a community care clinic.\u003c/td\u003e\u003c/tr\u003e\u003ctr\u003e\u003ctd style\u003d\"white-space:nowrap\"\u003ecopaypct\u003ca name\u003d\"coverage-copay-type-copaypct\"\u003e \u003c/a\u003e\u003c/td\u003e\u003ctd\u003eCopay Percentage\u003c/td\u003e\u003ctd\u003eA standard percentage applied to all classes or service or product not otherwise specified.\u003c/td\u003e\u003c/tr\u003e\u003ctr\u003e\u003ctd style\u003d\"white-space:nowrap\"\u003ecopay\u003ca name\u003d\"coverage-copay-type-copay\"\u003e \u003c/a\u003e\u003c/td\u003e\u003ctd\u003eCopay Amount\u003c/td\u003e\u003ctd\u003eA standard fixed currency amount applied to all classes or service or product not otherwise specified.\u003c/td\u003e\u003c/tr\u003e\u003ctr\u003e\u003ctd style\u003d\"white-space:nowrap\"\u003edeductible\u003ca name\u003d\"coverage-copay-type-deductible\"\u003e \u003c/a\u003e\u003c/td\u003e\u003ctd\u003eDeductible\u003c/td\u003e\u003ctd\u003eThe accumulated amount of patient payment before the coverage begins to pay for services.\u003c/td\u003e\u003c/tr\u003e\u003ctr\u003e\u003ctd style\u003d\"white-space:nowrap\"\u003emaxoutofpocket\u003ca name\u003d\"coverage-copay-type-maxoutofpocket\"\u003e \u003c/a\u003e\u003c/td\u003e\u003ctd\u003eMaximum out of pocket\u003c/td\u003e\u003ctd\u003eThe maximum amout of payment for services which a patient, or family, is expected to incur - typically annually.\u003c/td\u003e\u003c/tr\u003e\u003c/table\u003e\u003c/div\u003e"
  },
  "extension": [
    {
      "url": "http://hl7.org/fhir/StructureDefinition/structuredefinition-wg",
      "valueCode": "fm"
    },
    {
      "url": "http://hl7.org/fhir/StructureDefinition/structuredefinition-standards-status",
      "valueCode": "trial-use"
    },
    {
      "url": "http://hl7.org/fhir/StructureDefinition/structuredefinition-fmm",
      "valueInteger": 2
    }
  ],
  "url": "http://terminology.hl7.org/CodeSystem/coverage-copay-type",
  "identifier": [
    {
      "system": "urn:ietf:rfc:3986",
      "value": "urn:oid:2.16.840.1.113883.4.642.1.1149"
    }
  ],
  "version": "4.0.0",
  "name": "CoverageCopayTypeCodes",
  "title": "Coverage Copay Type Codes",
  "status": "draft",
  "experimental": false,
  "publisher": "Financial Management",
  "contact": [
    {
      "telecom": [
        {
          "system": "url",
          "value": "http://hl7.org/fhir"
        }
      ]
    },
    {
      "telecom": [
        {
          "system": "url",
          "value": "http://hl7.org/fhir"
        }
      ]
    }
  ],
  "description": "This value set includes sample Coverage Copayment Type codes.",
  "copyright": "This is an example set.",
  "caseSensitive": true,
  "valueSet": "http://hl7.org/fhir/ValueSet/coverage-copay-type",
  "content": "complete",
  "concept": [
    {
      "code": "gpvisit",
      "display": "GP Office Visit",
      "definition": "An office visit for a general practitioner of a discipline."
    },
    {
      "code": "spvisit",
      "display": "Specialist Office Visit",
      "definition": "An office visit for a specialist practitioner of a discipline"
    },
    {
      "code": "emergency",
      "display": "Emergency",
      "definition": "An episode in an emergency department."
    },
    {
      "code": "inpthosp",
      "display": "Inpatient Hospital",
      "definition": "An episode of an Inpatient hospital stay."
    },
    {
      "code": "televisit",
      "display": "Tele-visit",
      "definition": "A visit held where the patient is remote relative to the practitioner, e.g. by phone, computer or video conference."
    },
    {
      "code": "urgentcare",
      "display": "Urgent Care",
      "definition": "A visit to an urgent care facility - typically a community care clinic."
    },
    {
      "code": "copaypct",
      "display": "Copay Percentage",
      "definition": "A standard percentage applied to all classes or service or product not otherwise specified."
    },
    {
      "code": "copay",
      "display": "Copay Amount",
      "definition": "A standard fixed currency amount applied to all classes or service or product not otherwise specified."
    },
    {
      "code": "deductible",
      "display": "Deductible",
      "definition": "The accumulated amount of patient payment before the coverage begins to pay for services."
    },
    {
      "code": "maxoutofpocket",
      "display": "Maximum out of pocket",
      "definition": "The maximum amout of payment for services which a patient, or family, is expected to incur - typically annually."
    }
  ]
}