{
  "resourceType": "CodeSystem",
  "id": "cdshooks-indicator",
  "meta": {
    "lastUpdated": "2018-12-27T22:37:54.724+11:00",
    "profile": [
      "http://hl7.org/fhir/StructureDefinition/shareablecodesystem"
    ]
  },
  "text": {
    "status": "generated",
    "div": "\u003cdiv xmlns\u003d\"http://www.w3.org/1999/xhtml\"\u003e\u003ch2\u003eIndicator\u003c/h2\u003e\u003cdiv\u003e\u003cp\u003eThis value set captures the set of indicator codes defined by the CDS Hooks specification.\u003c/p\u003e\n\u003c/div\u003e\u003cp\u003eThis code system http://cds-hooks.hl7.org/CodeSystem/indicator defines the following codes:\u003c/p\u003e\u003ctable class\u003d\"codes\"\u003e\u003ctr\u003e\u003ctd style\u003d\"white-space:nowrap\"\u003e\u003cb\u003eCode\u003c/b\u003e\u003c/td\u003e\u003ctd\u003e\u003cb\u003eDisplay\u003c/b\u003e\u003c/td\u003e\u003ctd\u003e\u003cb\u003eDefinition\u003c/b\u003e\u003c/td\u003e\u003c/tr\u003e\u003ctr\u003e\u003ctd style\u003d\"white-space:nowrap\"\u003einfo\u003ca name\u003d\"cdshooks-indicator-info\"\u003e \u003c/a\u003e\u003c/td\u003e\u003ctd\u003eThe response is informational\u003c/td\u003e\u003ctd/\u003e\u003c/tr\u003e\u003ctr\u003e\u003ctd style\u003d\"white-space:nowrap\"\u003ewarning\u003ca name\u003d\"cdshooks-indicator-warning\"\u003e \u003c/a\u003e\u003c/td\u003e\u003ctd\u003eThe response is a warning\u003c/td\u003e\u003ctd/\u003e\u003c/tr\u003e\u003ctr\u003e\u003ctd style\u003d\"white-space:nowrap\"\u003ecritical\u003ca name\u003d\"cdshooks-indicator-critical\"\u003e \u003c/a\u003e\u003c/td\u003e\u003ctd\u003eThe response is critical and indicates the workflow should not be allowed to proceed\u003c/td\u003e\u003ctd/\u003e\u003c/tr\u003e\u003c/table\u003e\u003c/div\u003e"
  },
  "extension": [
    {
      "url": "http://hl7.org/fhir/StructureDefinition/structuredefinition-wg",
      "valueCode": "vocab"
    }
  ],
  "url": "http://cds-hooks.hl7.org/CodeSystem/indicator",
  "identifier": [
    {
      "system": "urn:ietf:rfc:3986",
      "value": "urn:oid:2.16.840.1.113883.4.642.1.1066"
    }
  ],
  "version": "4.0.0",
  "name": "Indicator",
  "status": "draft",
  "experimental": false,
  "publisher": "FHIR Project team",
  "contact": [
    {
      "telecom": [
        {
          "system": "url",
          "value": "http://hl7.org/fhir"
        }
      ]
    }
  ],
  "description": "This value set captures the set of indicator codes defined by the CDS Hooks specification.",
  "caseSensitive": true,
  "valueSet": "http://hl7.org/fhir/ValueSet/cdshooks-indicator",
  "content": "complete",
  "concept": [
    {
      "code": "info",
      "display": "The response is informational"
    },
    {
      "code": "warning",
      "display": "The response is a warning"
    },
    {
      "code": "critical",
      "display": "The response is critical and indicates the workflow should not be allowed to proceed"
    }
  ]
}