{
  "resourceType": "CodeSystem",
  "id": "chargeitem-status",
  "meta": {
    "lastUpdated": "2018-12-27T22:37:54.724+11:00"
  },
  "text": {
    "status": "generated",
    "div": "\u003cdiv xmlns\u003d\"http://www.w3.org/1999/xhtml\"\u003e\u003ch2\u003eChargeItemStatus\u003c/h2\u003e\u003cdiv\u003e\u003cp\u003eCodes identifying the lifecycle stage of a ChargeItem.\u003c/p\u003e\n\u003c/div\u003e\u003cp\u003eThis code system http://hl7.org/fhir/chargeitem-status defines the following codes:\u003c/p\u003e\u003ctable class\u003d\"codes\"\u003e\u003ctr\u003e\u003ctd style\u003d\"white-space:nowrap\"\u003e\u003cb\u003eCode\u003c/b\u003e\u003c/td\u003e\u003ctd\u003e\u003cb\u003eDisplay\u003c/b\u003e\u003c/td\u003e\u003ctd\u003e\u003cb\u003eDefinition\u003c/b\u003e\u003c/td\u003e\u003c/tr\u003e\u003ctr\u003e\u003ctd style\u003d\"white-space:nowrap\"\u003eplanned\u003ca name\u003d\"chargeitem-status-planned\"\u003e \u003c/a\u003e\u003c/td\u003e\u003ctd\u003ePlanned\u003c/td\u003e\u003ctd\u003eThe charge item has been entered, but the charged service is not  yet complete, so it shall not be billed yet but might be used in the context of pre-authorization.\u003c/td\u003e\u003c/tr\u003e\u003ctr\u003e\u003ctd style\u003d\"white-space:nowrap\"\u003ebillable\u003ca name\u003d\"chargeitem-status-billable\"\u003e \u003c/a\u003e\u003c/td\u003e\u003ctd\u003eBillable\u003c/td\u003e\u003ctd\u003eThe charge item is ready for billing.\u003c/td\u003e\u003c/tr\u003e\u003ctr\u003e\u003ctd style\u003d\"white-space:nowrap\"\u003enot-billable\u003ca name\u003d\"chargeitem-status-not-billable\"\u003e \u003c/a\u003e\u003c/td\u003e\u003ctd\u003eNot billable\u003c/td\u003e\u003ctd\u003eThe charge item has been determined to be not billable (e.g. due to rules associated with the billing code).\u003c/td\u003e\u003c/tr\u003e\u003ctr\u003e\u003ctd style\u003d\"white-space:nowrap\"\u003eaborted\u003ca name\u003d\"chargeitem-status-aborted\"\u003e \u003c/a\u003e\u003c/td\u003e\u003ctd\u003eAborted\u003c/td\u003e\u003ctd\u003eThe processing of the charge was aborted.\u003c/td\u003e\u003c/tr\u003e\u003ctr\u003e\u003ctd style\u003d\"white-space:nowrap\"\u003ebilled\u003ca name\u003d\"chargeitem-status-billed\"\u003e \u003c/a\u003e\u003c/td\u003e\u003ctd\u003eBilled\u003c/td\u003e\u003ctd\u003eThe charge item has been billed (e.g. a billing engine has generated financial transactions by applying the associated ruled for the charge item to the context of the Encounter, and placed them into Claims/Invoices.\u003c/td\u003e\u003c/tr\u003e\u003ctr\u003e\u003ctd style\u003d\"white-space:nowrap\"\u003eentered-in-error\u003ca name\u003d\"chargeitem-status-entered-in-error\"\u003e \u003c/a\u003e\u003c/td\u003e\u003ctd\u003eEntered in Error\u003c/td\u003e\u003ctd\u003eThe charge item has been entered in error and should not be processed for billing.\u003c/td\u003e\u003c/tr\u003e\u003ctr\u003e\u003ctd style\u003d\"white-space:nowrap\"\u003eunknown\u003ca name\u003d\"chargeitem-status-unknown\"\u003e \u003c/a\u003e\u003c/td\u003e\u003ctd\u003eUnknown\u003c/td\u003e\u003ctd\u003eThe authoring system does not know which of the status values currently applies for this charge item  Note: This concept is not to be used for \u0026quot;other\u0026quot; - one of the listed statuses is presumed to apply, it\u0027s just not known which one.\u003c/td\u003e\u003c/tr\u003e\u003c/table\u003e\u003c/div\u003e"
  },
  "extension": [
    {
      "url": "http://hl7.org/fhir/StructureDefinition/structuredefinition-wg",
      "valueCode": "pa"
    },
    {
      "url": "http://hl7.org/fhir/StructureDefinition/structuredefinition-standards-status",
      "valueCode": "trial-use"
    },
    {
      "url": "http://hl7.org/fhir/StructureDefinition/structuredefinition-fmm",
      "valueInteger": 0
    }
  ],
  "url": "http://hl7.org/fhir/chargeitem-status",
  "identifier": [
    {
      "system": "urn:ietf:rfc:3986",
      "value": "urn:oid:2.16.840.1.113883.4.642.1.847"
    }
  ],
  "version": "4.0.0",
  "name": "ChargeItemStatus",
  "title": "ChargeItemStatus",
  "status": "draft",
  "experimental": false,
  "date": "2018-12-27T22:37:54+11:00",
  "publisher": "HL7 (FHIR Project)",
  "contact": [
    {
      "telecom": [
        {
          "system": "url",
          "value": "http://hl7.org/fhir"
        },
        {
          "system": "email",
          "value": "fhir@lists.hl7.org"
        }
      ]
    }
  ],
  "description": "Codes identifying the lifecycle stage of a ChargeItem.",
  "caseSensitive": true,
  "valueSet": "http://hl7.org/fhir/ValueSet/chargeitem-status",
  "content": "complete",
  "concept": [
    {
      "code": "planned",
      "display": "Planned",
      "definition": "The charge item has been entered, but the charged service is not  yet complete, so it shall not be billed yet but might be used in the context of pre-authorization."
    },
    {
      "code": "billable",
      "display": "Billable",
      "definition": "The charge item is ready for billing."
    },
    {
      "code": "not-billable",
      "display": "Not billable",
      "definition": "The charge item has been determined to be not billable (e.g. due to rules associated with the billing code)."
    },
    {
      "code": "aborted",
      "display": "Aborted",
      "definition": "The processing of the charge was aborted."
    },
    {
      "code": "billed",
      "display": "Billed",
      "definition": "The charge item has been billed (e.g. a billing engine has generated financial transactions by applying the associated ruled for the charge item to the context of the Encounter, and placed them into Claims/Invoices."
    },
    {
      "code": "entered-in-error",
      "display": "Entered in Error",
      "definition": "The charge item has been entered in error and should not be processed for billing."
    },
    {
      "code": "unknown",
      "display": "Unknown",
      "definition": "The authoring system does not know which of the status values currently applies for this charge item  Note: This concept is not to be used for \"other\" - one of the listed statuses is presumed to apply, it\u0027s just not known which one."
    }
  ]
}