{
  "resourceType": "CodeSystem",
  "id": "summary",
  "text": {
    "status": "generated",
    "div": "\u003cdiv xmlns\u003d\"http://www.w3.org/1999/xhtml\"\u003e\n      \u003ch2\u003eCode system summary example for ACME body sites\u003c/h2\u003e\n      \u003cdiv\u003e\n        \u003cp\u003eThis is an example code system summary for the ACME codes for body site.\u003c/p\u003e\n\n      \u003c/div\u003e\n      \u003cp\u003eThis code system http://hl7.org/fhir/CodeSystem/summary defines many codes, but they are not represented here\u003c/p\u003e\n    \u003c/div\u003e"
  },
  "url": "http://hl7.org/fhir/CodeSystem/summary",
  "version": "4.0.0",
  "name": "Code system summary example for ACME body sites",
  "status": "draft",
  "experimental": true,
  "publisher": "HL7 International",
  "contact": [
    {
      "name": "FHIR project team",
      "telecom": [
        {
          "system": "url",
          "value": "http://hl7.org/fhir"
        }
      ]
    }
  ],
  "description": "This is an example code system summary for the ACME codes for body site.",
  "useContext": [
    {
      "code": {
        "system": "http://example.org/CodeSystem/contexttype",
        "code": "species"
      },
      "valueCodeableConcept": {
        "coding": [
          {
            "system": "http://snomed.info/sct",
            "code": "337915000",
            "display": "Homo sapiens (organism)"
          }
        ]
      }
    }
  ],
  "jurisdiction": [
    {
      "coding": [
        {
          "system": "urn:iso:std:iso:3166",
          "code": "CA"
        }
      ]
    }
  ],
  "caseSensitive": true,
  "content": "not-present",
  "count": 92
}