{
  "resourceType": "CodeSystem",
  "id": "detectedissue-severity",
  "meta": {
    "lastUpdated": "2018-12-27T22:37:54.724+11:00"
  },
  "text": {
    "status": "generated",
    "div": "\u003cdiv xmlns\u003d\"http://www.w3.org/1999/xhtml\"\u003e\u003ch2\u003eDetectedIssueSeverity\u003c/h2\u003e\u003cdiv\u003e\u003cp\u003eIndicates the potential degree of impact of the identified issue on the patient.\u003c/p\u003e\n\u003c/div\u003e\u003cp\u003eThis code system http://hl7.org/fhir/detectedissue-severity defines the following codes:\u003c/p\u003e\u003ctable class\u003d\"codes\"\u003e\u003ctr\u003e\u003ctd style\u003d\"white-space:nowrap\"\u003e\u003cb\u003eCode\u003c/b\u003e\u003c/td\u003e\u003ctd\u003e\u003cb\u003eDisplay\u003c/b\u003e\u003c/td\u003e\u003ctd\u003e\u003cb\u003eDefinition\u003c/b\u003e\u003c/td\u003e\u003c/tr\u003e\u003ctr\u003e\u003ctd style\u003d\"white-space:nowrap\"\u003ehigh\u003ca name\u003d\"detectedissue-severity-high\"\u003e \u003c/a\u003e\u003c/td\u003e\u003ctd\u003eHigh\u003c/td\u003e\u003ctd\u003eIndicates the issue may be life-threatening or has the potential to cause permanent injury.\u003c/td\u003e\u003c/tr\u003e\u003ctr\u003e\u003ctd style\u003d\"white-space:nowrap\"\u003emoderate\u003ca name\u003d\"detectedissue-severity-moderate\"\u003e \u003c/a\u003e\u003c/td\u003e\u003ctd\u003eModerate\u003c/td\u003e\u003ctd\u003eIndicates the issue may result in noticeable adverse consequences but is unlikely to be life-threatening or cause permanent injury.\u003c/td\u003e\u003c/tr\u003e\u003ctr\u003e\u003ctd style\u003d\"white-space:nowrap\"\u003elow\u003ca name\u003d\"detectedissue-severity-low\"\u003e \u003c/a\u003e\u003c/td\u003e\u003ctd\u003eLow\u003c/td\u003e\u003ctd\u003eIndicates the issue may result in some adverse consequences but is unlikely to substantially affect the situation of the subject.\u003c/td\u003e\u003c/tr\u003e\u003c/table\u003e\u003c/div\u003e"
  },
  "extension": [
    {
      "url": "http://hl7.org/fhir/StructureDefinition/structuredefinition-wg",
      "valueCode": "cds"
    },
    {
      "url": "http://hl7.org/fhir/StructureDefinition/structuredefinition-standards-status",
      "valueCode": "trial-use"
    },
    {
      "url": "http://hl7.org/fhir/StructureDefinition/structuredefinition-fmm",
      "valueInteger": 1
    }
  ],
  "url": "http://hl7.org/fhir/detectedissue-severity",
  "identifier": [
    {
      "system": "urn:ietf:rfc:3986",
      "value": "urn:oid:2.16.840.1.113883.4.642.1.207"
    }
  ],
  "version": "4.0.0",
  "name": "DetectedIssueSeverity",
  "title": "DetectedIssueSeverity",
  "status": "draft",
  "experimental": false,
  "date": "2018-12-27T22:37:54+11:00",
  "publisher": "HL7 (FHIR Project)",
  "contact": [
    {
      "telecom": [
        {
          "system": "url",
          "value": "http://hl7.org/fhir"
        },
        {
          "system": "email",
          "value": "fhir@lists.hl7.org"
        }
      ]
    }
  ],
  "description": "Indicates the potential degree of impact of the identified issue on the patient.",
  "caseSensitive": true,
  "valueSet": "http://hl7.org/fhir/ValueSet/detectedissue-severity",
  "content": "complete",
  "concept": [
    {
      "code": "high",
      "display": "High",
      "definition": "Indicates the issue may be life-threatening or has the potential to cause permanent injury."
    },
    {
      "code": "moderate",
      "display": "Moderate",
      "definition": "Indicates the issue may result in noticeable adverse consequences but is unlikely to be life-threatening or cause permanent injury."
    },
    {
      "code": "low",
      "display": "Low",
      "definition": "Indicates the issue may result in some adverse consequences but is unlikely to substantially affect the situation of the subject."
    }
  ]
}