{
  "resourceType": "CodeSystem",
  "id": "definition-status",
  "meta": {
    "lastUpdated": "2018-12-27T22:37:54.724+11:00"
  },
  "text": {
    "status": "generated",
    "div": "\u003cdiv xmlns\u003d\"http://www.w3.org/1999/xhtml\"\u003e\u003ch2\u003eDefinitionStatus\u003c/h2\u003e\u003cdiv\u003e\u003cp\u003eCodes identifying the lifecycle stage of a definition.\u003c/p\u003e\n\u003c/div\u003e\u003cp\u003eThis code system http://terminology.hl7.org/CodeSystem/definition-status defines the following codes:\u003c/p\u003e\u003ctable class\u003d\"codes\"\u003e\u003ctr\u003e\u003ctd style\u003d\"white-space:nowrap\"\u003e\u003cb\u003eCode\u003c/b\u003e\u003c/td\u003e\u003ctd\u003e\u003cb\u003eDisplay\u003c/b\u003e\u003c/td\u003e\u003ctd\u003e\u003cb\u003eDefinition\u003c/b\u003e\u003c/td\u003e\u003c/tr\u003e\u003ctr\u003e\u003ctd style\u003d\"white-space:nowrap\"\u003edraft\u003ca name\u003d\"definition-status-draft\"\u003e \u003c/a\u003e\u003c/td\u003e\u003ctd\u003eDraft\u003c/td\u003e\u003ctd\u003eThe definition is in the design stage and is not yet considered to be \u0026quot;ready for use\u0026quot;.\u003c/td\u003e\u003c/tr\u003e\u003ctr\u003e\u003ctd style\u003d\"white-space:nowrap\"\u003eactive\u003ca name\u003d\"definition-status-active\"\u003e \u003c/a\u003e\u003c/td\u003e\u003ctd\u003eActive\u003c/td\u003e\u003ctd\u003eThe definition is considered ready for use.\u003c/td\u003e\u003c/tr\u003e\u003ctr\u003e\u003ctd style\u003d\"white-space:nowrap\"\u003ewithdrawn\u003ca name\u003d\"definition-status-withdrawn\"\u003e \u003c/a\u003e\u003c/td\u003e\u003ctd\u003eWithdrawn\u003c/td\u003e\u003ctd\u003eThe definition should no longer be used.\u003c/td\u003e\u003c/tr\u003e\u003ctr\u003e\u003ctd style\u003d\"white-space:nowrap\"\u003eunknown\u003ca name\u003d\"definition-status-unknown\"\u003e \u003c/a\u003e\u003c/td\u003e\u003ctd\u003eUnknown\u003c/td\u003e\u003ctd\u003eThe authoring/source system does not know which of the status values currently applies for this resource.  Note: This concept is not to be used for \u0026quot;other\u0026quot; - one of the listed statuses is presumed to apply,  but the authoring/source system does not know which.\u003c/td\u003e\u003c/tr\u003e\u003c/table\u003e\u003c/div\u003e"
  },
  "url": "http://terminology.hl7.org/CodeSystem/definition-status",
  "identifier": [
    {
      "system": "urn:ietf:rfc:3986",
      "value": "urn:oid:2.16.840.1.113883.4.642.1.1070"
    }
  ],
  "version": "4.0.0",
  "name": "DefinitionStatus",
  "title": "DefinitionStatus",
  "status": "draft",
  "experimental": false,
  "date": "2018-12-27T22:37:54+11:00",
  "publisher": "HL7 (FHIR Project)",
  "contact": [
    {
      "telecom": [
        {
          "system": "url",
          "value": "http://hl7.org/fhir"
        },
        {
          "system": "email",
          "value": "fhir@lists.hl7.org"
        }
      ]
    }
  ],
  "description": "Codes identifying the lifecycle stage of a definition.",
  "caseSensitive": true,
  "valueSet": "http://hl7.org/fhir/ValueSet/definition-status",
  "content": "complete",
  "concept": [
    {
      "code": "draft",
      "display": "Draft",
      "definition": "The definition is in the design stage and is not yet considered to be \"ready for use\"."
    },
    {
      "code": "active",
      "display": "Active",
      "definition": "The definition is considered ready for use."
    },
    {
      "code": "withdrawn",
      "display": "Withdrawn",
      "definition": "The definition should no longer be used."
    },
    {
      "code": "unknown",
      "display": "Unknown",
      "definition": "The authoring/source system does not know which of the status values currently applies for this resource.  Note: This concept is not to be used for \"other\" - one of the listed statuses is presumed to apply,  but the authoring/source system does not know which."
    }
  ]
}