{
  "resourceType": "CodeSystem",
  "id": "audit-entity-type",
  "meta": {
    "lastUpdated": "2018-12-27T22:37:54.724+11:00",
    "profile": [
      "http://hl7.org/fhir/StructureDefinition/shareablecodesystem"
    ]
  },
  "text": {
    "status": "generated",
    "div": "\u003cdiv xmlns\u003d\"http://www.w3.org/1999/xhtml\"\u003e\u003ch2\u003eAudit event entity type\u003c/h2\u003e\u003cdiv\u003e\u003cp\u003eCode for the entity type involved in the audit event.\u003c/p\u003e\n\u003c/div\u003e\u003cp\u003eThis code system http://terminology.hl7.org/CodeSystem/audit-entity-type defines the following codes:\u003c/p\u003e\u003ctable class\u003d\"codes\"\u003e\u003ctr\u003e\u003ctd style\u003d\"white-space:nowrap\"\u003e\u003cb\u003eCode\u003c/b\u003e\u003c/td\u003e\u003ctd\u003e\u003cb\u003eDisplay\u003c/b\u003e\u003c/td\u003e\u003ctd\u003e\u003cb\u003eDefinition\u003c/b\u003e\u003c/td\u003e\u003c/tr\u003e\u003ctr\u003e\u003ctd style\u003d\"white-space:nowrap\"\u003e1\u003ca name\u003d\"audit-entity-type-1\"\u003e \u003c/a\u003e\u003c/td\u003e\u003ctd\u003ePerson\u003c/td\u003e\u003ctd\u003ePerson\u003c/td\u003e\u003c/tr\u003e\u003ctr\u003e\u003ctd style\u003d\"white-space:nowrap\"\u003e2\u003ca name\u003d\"audit-entity-type-2\"\u003e \u003c/a\u003e\u003c/td\u003e\u003ctd\u003eSystem Object\u003c/td\u003e\u003ctd\u003eSystem Object\u003c/td\u003e\u003c/tr\u003e\u003ctr\u003e\u003ctd style\u003d\"white-space:nowrap\"\u003e3\u003ca name\u003d\"audit-entity-type-3\"\u003e \u003c/a\u003e\u003c/td\u003e\u003ctd\u003eOrganization\u003c/td\u003e\u003ctd\u003eOrganization\u003c/td\u003e\u003c/tr\u003e\u003ctr\u003e\u003ctd style\u003d\"white-space:nowrap\"\u003e4\u003ca name\u003d\"audit-entity-type-4\"\u003e \u003c/a\u003e\u003c/td\u003e\u003ctd\u003eOther\u003c/td\u003e\u003ctd\u003eOther\u003c/td\u003e\u003c/tr\u003e\u003c/table\u003e\u003c/div\u003e"
  },
  "extension": [
    {
      "url": "http://hl7.org/fhir/StructureDefinition/structuredefinition-wg",
      "valueCode": "sec"
    },
    {
      "url": "http://hl7.org/fhir/StructureDefinition/structuredefinition-standards-status",
      "valueCode": "trial-use"
    },
    {
      "url": "http://hl7.org/fhir/StructureDefinition/structuredefinition-fmm",
      "valueInteger": 3
    }
  ],
  "url": "http://terminology.hl7.org/CodeSystem/audit-entity-type",
  "identifier": [
    {
      "system": "urn:ietf:rfc:3986",
      "value": "urn:oid:2.16.840.1.113883.4.642.1.1134"
    }
  ],
  "version": "4.0.0",
  "name": "AuditEventEntityType",
  "title": "Audit event entity type",
  "status": "draft",
  "experimental": false,
  "date": "2017-03-10T09:44:54+11:00",
  "publisher": "HL7 (FHIR Project)",
  "contact": [
    {
      "telecom": [
        {
          "system": "url",
          "value": "http://hl7.org/fhir"
        },
        {
          "system": "email",
          "value": "fhir@lists.hl7.org"
        }
      ]
    },
    {
      "telecom": [
        {
          "system": "url",
          "value": "http://hl7.org/fhir"
        },
        {
          "system": "email",
          "value": "fhir@lists.hl7.org"
        }
      ]
    }
  ],
  "description": "Code for the entity type involved in the audit event.",
  "caseSensitive": true,
  "content": "complete",
  "concept": [
    {
      "code": "1",
      "display": "Person",
      "definition": "Person"
    },
    {
      "code": "2",
      "display": "System Object",
      "definition": "System Object"
    },
    {
      "code": "3",
      "display": "Organization",
      "definition": "Organization"
    },
    {
      "code": "4",
      "display": "Other",
      "definition": "Other"
    }
  ]
}