{
  "resourceType": "CodeSystem",
  "id": "claim-use",
  "meta": {
    "lastUpdated": "2018-12-27T22:37:54.724+11:00"
  },
  "text": {
    "status": "generated",
    "div": "\u003cdiv xmlns\u003d\"http://www.w3.org/1999/xhtml\"\u003e\u003ch2\u003eUse\u003c/h2\u003e\u003cdiv\u003e\u003cp\u003eThe purpose of the Claim: predetermination, preauthorization, claim.\u003c/p\u003e\n\u003c/div\u003e\u003cp\u003eThis code system http://hl7.org/fhir/claim-use defines the following codes:\u003c/p\u003e\u003ctable class\u003d\"codes\"\u003e\u003ctr\u003e\u003ctd style\u003d\"white-space:nowrap\"\u003e\u003cb\u003eCode\u003c/b\u003e\u003c/td\u003e\u003ctd\u003e\u003cb\u003eDisplay\u003c/b\u003e\u003c/td\u003e\u003ctd\u003e\u003cb\u003eDefinition\u003c/b\u003e\u003c/td\u003e\u003c/tr\u003e\u003ctr\u003e\u003ctd style\u003d\"white-space:nowrap\"\u003eclaim\u003ca name\u003d\"claim-use-claim\"\u003e \u003c/a\u003e\u003c/td\u003e\u003ctd\u003eClaim\u003c/td\u003e\u003ctd\u003eThe treatment is complete and this represents a Claim for the services.\u003c/td\u003e\u003c/tr\u003e\u003ctr\u003e\u003ctd style\u003d\"white-space:nowrap\"\u003epreauthorization\u003ca name\u003d\"claim-use-preauthorization\"\u003e \u003c/a\u003e\u003c/td\u003e\u003ctd\u003ePreauthorization\u003c/td\u003e\u003ctd\u003eThe treatment is proposed and this represents a Pre-authorization for the services.\u003c/td\u003e\u003c/tr\u003e\u003ctr\u003e\u003ctd style\u003d\"white-space:nowrap\"\u003epredetermination\u003ca name\u003d\"claim-use-predetermination\"\u003e \u003c/a\u003e\u003c/td\u003e\u003ctd\u003ePredetermination\u003c/td\u003e\u003ctd\u003eThe treatment is proposed and this represents a Pre-determination for the services.\u003c/td\u003e\u003c/tr\u003e\u003c/table\u003e\u003c/div\u003e"
  },
  "extension": [
    {
      "url": "http://hl7.org/fhir/StructureDefinition/structuredefinition-wg",
      "valueCode": "fm"
    },
    {
      "url": "http://hl7.org/fhir/StructureDefinition/structuredefinition-standards-status",
      "valueCode": "trial-use"
    },
    {
      "url": "http://hl7.org/fhir/StructureDefinition/structuredefinition-fmm",
      "valueInteger": 2
    }
  ],
  "url": "http://hl7.org/fhir/claim-use",
  "identifier": [
    {
      "system": "urn:ietf:rfc:3986",
      "value": "urn:oid:2.16.840.1.113883.4.642.1.545"
    }
  ],
  "version": "4.0.0",
  "name": "Use",
  "title": "Use",
  "status": "draft",
  "experimental": false,
  "date": "2018-12-27T22:37:54+11:00",
  "publisher": "HL7 (FHIR Project)",
  "contact": [
    {
      "telecom": [
        {
          "system": "url",
          "value": "http://hl7.org/fhir"
        },
        {
          "system": "email",
          "value": "fhir@lists.hl7.org"
        }
      ]
    }
  ],
  "description": "The purpose of the Claim: predetermination, preauthorization, claim.",
  "caseSensitive": true,
  "valueSet": "http://hl7.org/fhir/ValueSet/claim-use",
  "content": "complete",
  "concept": [
    {
      "code": "claim",
      "display": "Claim",
      "definition": "The treatment is complete and this represents a Claim for the services."
    },
    {
      "code": "preauthorization",
      "display": "Preauthorization",
      "definition": "The treatment is proposed and this represents a Pre-authorization for the services."
    },
    {
      "code": "predetermination",
      "display": "Predetermination",
      "definition": "The treatment is proposed and this represents a Pre-determination for the services."
    }
  ]
}