{
  "resourceType": "CodeSystem",
  "id": "claim-modifiers",
  "meta": {
    "lastUpdated": "2018-12-27T22:37:54.724+11:00",
    "profile": [
      "http://hl7.org/fhir/StructureDefinition/shareablecodesystem"
    ]
  },
  "text": {
    "status": "generated",
    "div": "\u003cdiv xmlns\u003d\"http://www.w3.org/1999/xhtml\"\u003e\u003ch2\u003eModifier type Codes\u003c/h2\u003e\u003cdiv\u003e\u003cp\u003eThis value set includes sample Modifier type codes.\u003c/p\u003e\n\u003c/div\u003e\u003cp\u003e\u003cb\u003eCopyright Statement:\u003c/b\u003e This is an example set.\u003c/p\u003e\u003cp\u003eThis code system http://terminology.hl7.org/CodeSystem/modifiers defines the following codes:\u003c/p\u003e\u003ctable class\u003d\"codes\"\u003e\u003ctr\u003e\u003ctd style\u003d\"white-space:nowrap\"\u003e\u003cb\u003eCode\u003c/b\u003e\u003c/td\u003e\u003ctd\u003e\u003cb\u003eDisplay\u003c/b\u003e\u003c/td\u003e\u003ctd\u003e\u003cb\u003eDefinition\u003c/b\u003e\u003c/td\u003e\u003c/tr\u003e\u003ctr\u003e\u003ctd style\u003d\"white-space:nowrap\"\u003ea\u003ca name\u003d\"claim-modifiers-a\"\u003e \u003c/a\u003e\u003c/td\u003e\u003ctd\u003eRepair of prior service or installation\u003c/td\u003e\u003ctd\u003eRepair of prior service or installation.\u003c/td\u003e\u003c/tr\u003e\u003ctr\u003e\u003ctd style\u003d\"white-space:nowrap\"\u003eb\u003ca name\u003d\"claim-modifiers-b\"\u003e \u003c/a\u003e\u003c/td\u003e\u003ctd\u003eTemporary service or installation\u003c/td\u003e\u003ctd\u003eTemporary service or installation.\u003c/td\u003e\u003c/tr\u003e\u003ctr\u003e\u003ctd style\u003d\"white-space:nowrap\"\u003ec\u003ca name\u003d\"claim-modifiers-c\"\u003e \u003c/a\u003e\u003c/td\u003e\u003ctd\u003eTMJ treatment\u003c/td\u003e\u003ctd\u003eTreatment associated with TMJ.\u003c/td\u003e\u003c/tr\u003e\u003ctr\u003e\u003ctd style\u003d\"white-space:nowrap\"\u003ee\u003ca name\u003d\"claim-modifiers-e\"\u003e \u003c/a\u003e\u003c/td\u003e\u003ctd\u003eImplant or associated with an implant\u003c/td\u003e\u003ctd\u003eImplant or associated with an implant.\u003c/td\u003e\u003c/tr\u003e\u003ctr\u003e\u003ctd style\u003d\"white-space:nowrap\"\u003erooh\u003ca name\u003d\"claim-modifiers-rooh\"\u003e \u003c/a\u003e\u003c/td\u003e\u003ctd\u003eRush or Outside of office hours\u003c/td\u003e\u003ctd\u003eA Rush service or service performed outside of normal office hours.\u003c/td\u003e\u003c/tr\u003e\u003ctr\u003e\u003ctd style\u003d\"white-space:nowrap\"\u003ex\u003ca name\u003d\"claim-modifiers-x\"\u003e \u003c/a\u003e\u003c/td\u003e\u003ctd\u003eNone\u003c/td\u003e\u003ctd\u003eNone.\u003c/td\u003e\u003c/tr\u003e\u003c/table\u003e\u003c/div\u003e"
  },
  "extension": [
    {
      "url": "http://hl7.org/fhir/StructureDefinition/structuredefinition-wg",
      "valueCode": "fm"
    },
    {
      "url": "http://hl7.org/fhir/StructureDefinition/structuredefinition-standards-status",
      "valueCode": "draft"
    },
    {
      "url": "http://hl7.org/fhir/StructureDefinition/structuredefinition-fmm",
      "valueInteger": 1
    }
  ],
  "url": "http://terminology.hl7.org/CodeSystem/modifiers",
  "identifier": [
    {
      "system": "urn:ietf:rfc:3986",
      "value": "urn:oid:2.16.840.1.113883.4.642.1.1151"
    }
  ],
  "version": "4.0.0",
  "name": "ModifierTypeCodes",
  "title": "Modifier type Codes",
  "status": "draft",
  "experimental": false,
  "publisher": "Financial Management",
  "contact": [
    {
      "telecom": [
        {
          "system": "url",
          "value": "http://hl7.org/fhir"
        }
      ]
    }
  ],
  "description": "This value set includes sample Modifier type codes.",
  "copyright": "This is an example set.",
  "caseSensitive": true,
  "valueSet": "http://hl7.org/fhir/ValueSet/claim-modifiers",
  "content": "complete",
  "concept": [
    {
      "code": "a",
      "display": "Repair of prior service or installation",
      "definition": "Repair of prior service or installation."
    },
    {
      "code": "b",
      "display": "Temporary service or installation",
      "definition": "Temporary service or installation."
    },
    {
      "code": "c",
      "display": "TMJ treatment",
      "definition": "Treatment associated with TMJ."
    },
    {
      "code": "e",
      "display": "Implant or associated with an implant",
      "definition": "Implant or associated with an implant."
    },
    {
      "code": "rooh",
      "display": "Rush or Outside of office hours",
      "definition": "A Rush service or service performed outside of normal office hours."
    },
    {
      "code": "x",
      "display": "None",
      "definition": "None."
    }
  ]
}