{
  "resourceType": "CodeSystem",
  "id": "map-group-type-mode",
  "meta": {
    "lastUpdated": "2018-12-27T22:37:54.724+11:00"
  },
  "text": {
    "status": "generated",
    "div": "\u003cdiv xmlns\u003d\"http://www.w3.org/1999/xhtml\"\u003e\u003ch2\u003eStructureMapGroupTypeMode\u003c/h2\u003e\u003cdiv\u003e\u003cp\u003eIf this is the default rule set to apply for the source type, or this combination of types.\u003c/p\u003e\n\u003c/div\u003e\u003cp\u003eThis code system http://hl7.org/fhir/map-group-type-mode defines the following codes:\u003c/p\u003e\u003ctable class\u003d\"codes\"\u003e\u003ctr\u003e\u003ctd style\u003d\"white-space:nowrap\"\u003e\u003cb\u003eCode\u003c/b\u003e\u003c/td\u003e\u003ctd\u003e\u003cb\u003eDisplay\u003c/b\u003e\u003c/td\u003e\u003ctd\u003e\u003cb\u003eDefinition\u003c/b\u003e\u003c/td\u003e\u003c/tr\u003e\u003ctr\u003e\u003ctd style\u003d\"white-space:nowrap\"\u003enone\u003ca name\u003d\"map-group-type-mode-none\"\u003e \u003c/a\u003e\u003c/td\u003e\u003ctd\u003eNot a Default\u003c/td\u003e\u003ctd\u003eThis group is not a default group for the types.\u003c/td\u003e\u003c/tr\u003e\u003ctr\u003e\u003ctd style\u003d\"white-space:nowrap\"\u003etypes\u003ca name\u003d\"map-group-type-mode-types\"\u003e \u003c/a\u003e\u003c/td\u003e\u003ctd\u003eDefault for Type Combination\u003c/td\u003e\u003ctd\u003eThis group is a default mapping group for the specified types and for the primary source type.\u003c/td\u003e\u003c/tr\u003e\u003ctr\u003e\u003ctd style\u003d\"white-space:nowrap\"\u003etype-and-types\u003ca name\u003d\"map-group-type-mode-type-and-types\"\u003e \u003c/a\u003e\u003c/td\u003e\u003ctd\u003eDefault for type + combination\u003c/td\u003e\u003ctd\u003eThis group is a default mapping group for the specified types.\u003c/td\u003e\u003c/tr\u003e\u003c/table\u003e\u003c/div\u003e"
  },
  "extension": [
    {
      "url": "http://hl7.org/fhir/StructureDefinition/structuredefinition-wg",
      "valueCode": "fhir"
    },
    {
      "url": "http://hl7.org/fhir/StructureDefinition/structuredefinition-standards-status",
      "valueCode": "trial-use"
    },
    {
      "url": "http://hl7.org/fhir/StructureDefinition/structuredefinition-fmm",
      "valueInteger": 2
    }
  ],
  "url": "http://hl7.org/fhir/map-group-type-mode",
  "identifier": [
    {
      "system": "urn:ietf:rfc:3986",
      "value": "urn:oid:2.16.840.1.113883.4.642.1.688"
    }
  ],
  "version": "4.0.0",
  "name": "StructureMapGroupTypeMode",
  "title": "StructureMapGroupTypeMode",
  "status": "draft",
  "experimental": false,
  "date": "2018-12-27T22:37:54+11:00",
  "publisher": "HL7 (FHIR Project)",
  "contact": [
    {
      "telecom": [
        {
          "system": "url",
          "value": "http://hl7.org/fhir"
        },
        {
          "system": "email",
          "value": "fhir@lists.hl7.org"
        }
      ]
    }
  ],
  "description": "If this is the default rule set to apply for the source type, or this combination of types.",
  "caseSensitive": true,
  "valueSet": "http://hl7.org/fhir/ValueSet/map-group-type-mode",
  "content": "complete",
  "concept": [
    {
      "code": "none",
      "display": "Not a Default",
      "definition": "This group is not a default group for the types."
    },
    {
      "code": "types",
      "display": "Default for Type Combination",
      "definition": "This group is a default mapping group for the specified types and for the primary source type."
    },
    {
      "code": "type-and-types",
      "display": "Default for type + combination",
      "definition": "This group is a default mapping group for the specified types."
    }
  ]
}