{
  "resourceType": "CodeSystem",
  "id": "effect-estimate-type",
  "meta": {
    "lastUpdated": "2018-12-27T22:37:54.724+11:00"
  },
  "text": {
    "status": "generated",
    "div": "\u003cdiv xmlns\u003d\"http://www.w3.org/1999/xhtml\"\u003e\u003ch2\u003eEffectEstimateType\u003c/h2\u003e\u003cdiv\u003e\u003cp\u003eWhether the effect estimate is an absolute effect estimate (absolute difference) or a relative effect estimate (relative difference), and the specific type of effect estimate (eg relative risk or median difference).\u003c/p\u003e\n\u003c/div\u003e\u003cp\u003eThis code system http://terminology.hl7.org/CodeSystem/effect-estimate-type defines the following codes:\u003c/p\u003e\u003ctable class\u003d\"codes\"\u003e\u003ctr\u003e\u003ctd style\u003d\"white-space:nowrap\"\u003e\u003cb\u003eCode\u003c/b\u003e\u003c/td\u003e\u003ctd\u003e\u003cb\u003eDisplay\u003c/b\u003e\u003c/td\u003e\u003ctd\u003e\u003cb\u003eDefinition\u003c/b\u003e\u003c/td\u003e\u003c/tr\u003e\u003ctr\u003e\u003ctd style\u003d\"white-space:nowrap\"\u003erelative-RR\u003ca name\u003d\"effect-estimate-type-relative-RR\"\u003e \u003c/a\u003e\u003c/td\u003e\u003ctd\u003erelative risk\u003c/td\u003e\u003ctd\u003erelative risk (a type of relative effect estimate).\u003c/td\u003e\u003c/tr\u003e\u003ctr\u003e\u003ctd style\u003d\"white-space:nowrap\"\u003erelative-OR\u003ca name\u003d\"effect-estimate-type-relative-OR\"\u003e \u003c/a\u003e\u003c/td\u003e\u003ctd\u003eodds ratio\u003c/td\u003e\u003ctd\u003eodds ratio (a type of relative effect estimate).\u003c/td\u003e\u003c/tr\u003e\u003ctr\u003e\u003ctd style\u003d\"white-space:nowrap\"\u003erelative-HR\u003ca name\u003d\"effect-estimate-type-relative-HR\"\u003e \u003c/a\u003e\u003c/td\u003e\u003ctd\u003ehazard ratio\u003c/td\u003e\u003ctd\u003ehazard ratio (a type of relative effect estimate).\u003c/td\u003e\u003c/tr\u003e\u003ctr\u003e\u003ctd style\u003d\"white-space:nowrap\"\u003eabsolute-ARD\u003ca name\u003d\"effect-estimate-type-absolute-ARD\"\u003e \u003c/a\u003e\u003c/td\u003e\u003ctd\u003eabsolute risk difference\u003c/td\u003e\u003ctd\u003eabsolute risk difference (a type of absolute effect estimate).\u003c/td\u003e\u003c/tr\u003e\u003ctr\u003e\u003ctd style\u003d\"white-space:nowrap\"\u003eabsolute-MeanDiff\u003ca name\u003d\"effect-estimate-type-absolute-MeanDiff\"\u003e \u003c/a\u003e\u003c/td\u003e\u003ctd\u003emean difference\u003c/td\u003e\u003ctd\u003emean difference (a type of absolute effect estimate).\u003c/td\u003e\u003c/tr\u003e\u003ctr\u003e\u003ctd style\u003d\"white-space:nowrap\"\u003eabsolute-SMD\u003ca name\u003d\"effect-estimate-type-absolute-SMD\"\u003e \u003c/a\u003e\u003c/td\u003e\u003ctd\u003estandardized mean difference\u003c/td\u003e\u003ctd\u003estandardized mean difference (a type of absolute effect estimate).\u003c/td\u003e\u003c/tr\u003e\u003ctr\u003e\u003ctd style\u003d\"white-space:nowrap\"\u003eabsolute-MedianDiff\u003ca name\u003d\"effect-estimate-type-absolute-MedianDiff\"\u003e \u003c/a\u003e\u003c/td\u003e\u003ctd\u003emedian difference\u003c/td\u003e\u003ctd\u003emedian difference (a type of absolute effect estimate).\u003c/td\u003e\u003c/tr\u003e\u003c/table\u003e\u003c/div\u003e"
  },
  "extension": [
    {
      "url": "http://hl7.org/fhir/StructureDefinition/structuredefinition-wg",
      "valueCode": "cds"
    },
    {
      "url": "http://hl7.org/fhir/StructureDefinition/structuredefinition-standards-status",
      "valueCode": "trial-use"
    },
    {
      "url": "http://hl7.org/fhir/StructureDefinition/structuredefinition-fmm",
      "valueInteger": 0
    }
  ],
  "url": "http://terminology.hl7.org/CodeSystem/effect-estimate-type",
  "identifier": [
    {
      "system": "urn:ietf:rfc:3986",
      "value": "urn:oid:2.16.840.1.113883.4.642.1.1356"
    }
  ],
  "version": "4.0.0",
  "name": "EffectEstimateType",
  "title": "EffectEstimateType",
  "status": "draft",
  "experimental": false,
  "date": "2018-12-27T22:37:54+11:00",
  "publisher": "HL7 (FHIR Project)",
  "contact": [
    {
      "telecom": [
        {
          "system": "url",
          "value": "http://hl7.org/fhir"
        },
        {
          "system": "email",
          "value": "fhir@lists.hl7.org"
        }
      ]
    }
  ],
  "description": "Whether the effect estimate is an absolute effect estimate (absolute difference) or a relative effect estimate (relative difference), and the specific type of effect estimate (eg relative risk or median difference).",
  "caseSensitive": true,
  "valueSet": "http://hl7.org/fhir/ValueSet/effect-estimate-type",
  "content": "complete",
  "concept": [
    {
      "code": "relative-RR",
      "display": "relative risk",
      "definition": "relative risk (a type of relative effect estimate)."
    },
    {
      "code": "relative-OR",
      "display": "odds ratio",
      "definition": "odds ratio (a type of relative effect estimate)."
    },
    {
      "code": "relative-HR",
      "display": "hazard ratio",
      "definition": "hazard ratio (a type of relative effect estimate)."
    },
    {
      "code": "absolute-ARD",
      "display": "absolute risk difference",
      "definition": "absolute risk difference (a type of absolute effect estimate)."
    },
    {
      "code": "absolute-MeanDiff",
      "display": "mean difference",
      "definition": "mean difference (a type of absolute effect estimate)."
    },
    {
      "code": "absolute-SMD",
      "display": "standardized mean difference",
      "definition": "standardized mean difference (a type of absolute effect estimate)."
    },
    {
      "code": "absolute-MedianDiff",
      "display": "median difference",
      "definition": "median difference (a type of absolute effect estimate)."
    }
  ]
}