{
  "resourceType": "CodeSystem",
  "id": "condition-category",
  "meta": {
    "lastUpdated": "2018-12-27T22:37:54.724+11:00",
    "profile": [
      "http://hl7.org/fhir/StructureDefinition/shareablecodesystem"
    ]
  },
  "text": {
    "status": "generated",
    "div": "\u003cdiv xmlns\u003d\"http://www.w3.org/1999/xhtml\"\u003e\u003ch2\u003eCondition Category Codes\u003c/h2\u003e\u003cdiv\u003e\u003cp\u003ePreferred value set for Condition Categories.\u003c/p\u003e\n\u003c/div\u003e\u003cp\u003eThis code system http://terminology.hl7.org/CodeSystem/condition-category defines the following codes:\u003c/p\u003e\u003ctable class\u003d\"codes\"\u003e\u003ctr\u003e\u003ctd style\u003d\"white-space:nowrap\"\u003e\u003cb\u003eCode\u003c/b\u003e\u003c/td\u003e\u003ctd\u003e\u003cb\u003eDisplay\u003c/b\u003e\u003c/td\u003e\u003ctd\u003e\u003cb\u003eDefinition\u003c/b\u003e\u003c/td\u003e\u003c/tr\u003e\u003ctr\u003e\u003ctd style\u003d\"white-space:nowrap\"\u003eproblem-list-item\u003ca name\u003d\"condition-category-problem-list-item\"\u003e \u003c/a\u003e\u003c/td\u003e\u003ctd\u003eProblem List Item\u003c/td\u003e\u003ctd\u003eAn item on a problem list that can be managed over time and can be expressed by a practitioner (e.g. physician, nurse), patient, or related person.\u003c/td\u003e\u003c/tr\u003e\u003ctr\u003e\u003ctd style\u003d\"white-space:nowrap\"\u003eencounter-diagnosis\u003ca name\u003d\"condition-category-encounter-diagnosis\"\u003e \u003c/a\u003e\u003c/td\u003e\u003ctd\u003eEncounter Diagnosis\u003c/td\u003e\u003ctd\u003eA point in time diagnosis (e.g. from a physician or nurse) in context of an encounter.\u003c/td\u003e\u003c/tr\u003e\u003c/table\u003e\u003c/div\u003e"
  },
  "extension": [
    {
      "url": "http://hl7.org/fhir/StructureDefinition/structuredefinition-wg",
      "valueCode": "pc"
    },
    {
      "url": "http://hl7.org/fhir/StructureDefinition/structuredefinition-standards-status",
      "valueCode": "trial-use"
    },
    {
      "url": "http://hl7.org/fhir/StructureDefinition/structuredefinition-fmm",
      "valueInteger": 3
    }
  ],
  "url": "http://terminology.hl7.org/CodeSystem/condition-category",
  "identifier": [
    {
      "system": "urn:ietf:rfc:3986",
      "value": "urn:oid:2.16.840.1.113883.4.642.1.1073"
    }
  ],
  "version": "4.0.0",
  "name": "ConditionCategoryCodes",
  "title": "Condition Category Codes",
  "status": "draft",
  "experimental": false,
  "publisher": "FHIR Project team",
  "contact": [
    {
      "telecom": [
        {
          "system": "url",
          "value": "http://hl7.org/fhir"
        }
      ]
    }
  ],
  "description": "Preferred value set for Condition Categories.",
  "caseSensitive": true,
  "valueSet": "http://hl7.org/fhir/ValueSet/condition-category",
  "content": "complete",
  "concept": [
    {
      "code": "problem-list-item",
      "display": "Problem List Item",
      "definition": "An item on a problem list that can be managed over time and can be expressed by a practitioner (e.g. physician, nurse), patient, or related person."
    },
    {
      "code": "encounter-diagnosis",
      "display": "Encounter Diagnosis",
      "definition": "A point in time diagnosis (e.g. from a physician or nurse) in context of an encounter."
    }
  ]
}