{
  "resourceType": "CodeSystem",
  "id": "ex-diagnosisrelatedgroup",
  "meta": {
    "lastUpdated": "2018-12-27T22:37:54.724+11:00",
    "profile": [
      "http://hl7.org/fhir/StructureDefinition/shareablecodesystem"
    ]
  },
  "text": {
    "status": "generated",
    "div": "\u003cdiv xmlns\u003d\"http://www.w3.org/1999/xhtml\"\u003e\u003ch2\u003eExample Diagnosis Related Group Codes\u003c/h2\u003e\u003cdiv\u003e\u003cp\u003eThis value set includes example Diagnosis Related Group codes.\u003c/p\u003e\n\u003c/div\u003e\u003cp\u003e\u003cb\u003eCopyright Statement:\u003c/b\u003e This is an example set.\u003c/p\u003e\u003cp\u003eThis code system http://terminology.hl7.org/CodeSystem/ex-diagnosisrelatedgroup defines the following codes:\u003c/p\u003e\u003ctable class\u003d\"codes\"\u003e\u003ctr\u003e\u003ctd style\u003d\"white-space:nowrap\"\u003e\u003cb\u003eCode\u003c/b\u003e\u003c/td\u003e\u003ctd\u003e\u003cb\u003eDisplay\u003c/b\u003e\u003c/td\u003e\u003ctd\u003e\u003cb\u003eDefinition\u003c/b\u003e\u003c/td\u003e\u003c/tr\u003e\u003ctr\u003e\u003ctd style\u003d\"white-space:nowrap\"\u003e100\u003ca name\u003d\"ex-diagnosisrelatedgroup-100\"\u003e \u003c/a\u003e\u003c/td\u003e\u003ctd\u003eNormal Vaginal Delivery\u003c/td\u003e\u003ctd\u003eNormal Vaginal Delivery.\u003c/td\u003e\u003c/tr\u003e\u003ctr\u003e\u003ctd style\u003d\"white-space:nowrap\"\u003e101\u003ca name\u003d\"ex-diagnosisrelatedgroup-101\"\u003e \u003c/a\u003e\u003c/td\u003e\u003ctd\u003eAppendectomy - uncomplicated\u003c/td\u003e\u003ctd\u003eAppendectomy without rupture or other complications.\u003c/td\u003e\u003c/tr\u003e\u003ctr\u003e\u003ctd style\u003d\"white-space:nowrap\"\u003e300\u003ca name\u003d\"ex-diagnosisrelatedgroup-300\"\u003e \u003c/a\u003e\u003c/td\u003e\u003ctd\u003eTooth abscess\u003c/td\u003e\u003ctd\u003eEmergency department treatment of a tooth abscess.\u003c/td\u003e\u003c/tr\u003e\u003ctr\u003e\u003ctd style\u003d\"white-space:nowrap\"\u003e400\u003ca name\u003d\"ex-diagnosisrelatedgroup-400\"\u003e \u003c/a\u003e\u003c/td\u003e\u003ctd\u003eHead trauma - concussion\u003c/td\u003e\u003ctd\u003eHead trauma - concussion.\u003c/td\u003e\u003c/tr\u003e\u003c/table\u003e\u003c/div\u003e"
  },
  "extension": [
    {
      "url": "http://hl7.org/fhir/StructureDefinition/structuredefinition-wg",
      "valueCode": "fm"
    },
    {
      "url": "http://hl7.org/fhir/StructureDefinition/structuredefinition-standards-status",
      "valueCode": "draft"
    },
    {
      "url": "http://hl7.org/fhir/StructureDefinition/structuredefinition-fmm",
      "valueInteger": 1
    }
  ],
  "url": "http://terminology.hl7.org/CodeSystem/ex-diagnosisrelatedgroup",
  "identifier": [
    {
      "system": "urn:ietf:rfc:3986",
      "value": "urn:oid:2.16.840.1.113883.4.642.1.1166"
    }
  ],
  "version": "4.0.0",
  "name": "ExampleDiagnosisRelatedGroupCodes",
  "title": "Example Diagnosis Related Group Codes",
  "status": "draft",
  "experimental": false,
  "publisher": "Financial Management",
  "contact": [
    {
      "telecom": [
        {
          "system": "url",
          "value": "http://hl7.org/fhir"
        }
      ]
    }
  ],
  "description": "This value set includes example Diagnosis Related Group codes.",
  "copyright": "This is an example set.",
  "caseSensitive": true,
  "valueSet": "http://hl7.org/fhir/ValueSet/ex-diagnosisrelatedgroup",
  "content": "complete",
  "concept": [
    {
      "code": "100",
      "display": "Normal Vaginal Delivery",
      "definition": "Normal Vaginal Delivery."
    },
    {
      "code": "101",
      "display": "Appendectomy - uncomplicated",
      "definition": "Appendectomy without rupture or other complications."
    },
    {
      "code": "300",
      "display": "Tooth abscess",
      "definition": "Emergency department treatment of a tooth abscess."
    },
    {
      "code": "400",
      "display": "Head trauma - concussion",
      "definition": "Head trauma - concussion."
    }
  ]
}