{
  "resourceType": "CodeSystem",
  "id": "FHIR-version",
  "meta": {
    "lastUpdated": "2018-12-27T22:37:54.724+11:00"
  },
  "text": {
    "status": "generated",
    "div": "\u003cdiv xmlns\u003d\"http://www.w3.org/1999/xhtml\"\u003e\u003ch2\u003eFHIRVersion\u003c/h2\u003e\u003cdiv\u003e\u003cp\u003eAll published FHIR Versions.\u003c/p\u003e\n\u003c/div\u003e\u003cp\u003eThis code system http://hl7.org/fhir/FHIR-version defines the following codes:\u003c/p\u003e\u003ctable class\u003d\"codes\"\u003e\u003ctr\u003e\u003ctd style\u003d\"white-space:nowrap\"\u003e\u003cb\u003eCode\u003c/b\u003e\u003c/td\u003e\u003ctd\u003e\u003cb\u003eDisplay\u003c/b\u003e\u003c/td\u003e\u003ctd\u003e\u003cb\u003eDefinition\u003c/b\u003e\u003c/td\u003e\u003c/tr\u003e\u003ctr\u003e\u003ctd style\u003d\"white-space:nowrap\"\u003e0.01\u003ca name\u003d\"FHIR-version-0.4601\"\u003e \u003c/a\u003e\u003c/td\u003e\u003ctd\u003e0.01\u003c/td\u003e\u003ctd\u003eOldest archived version of FHIR.\u003c/td\u003e\u003c/tr\u003e\u003ctr\u003e\u003ctd style\u003d\"white-space:nowrap\"\u003e0.05\u003ca name\u003d\"FHIR-version-0.4605\"\u003e \u003c/a\u003e\u003c/td\u003e\u003ctd\u003e0.05\u003c/td\u003e\u003ctd\u003e1st Draft for Comment (Sept 2012 Ballot).\u003c/td\u003e\u003c/tr\u003e\u003ctr\u003e\u003ctd style\u003d\"white-space:nowrap\"\u003e0.06\u003ca name\u003d\"FHIR-version-0.4606\"\u003e \u003c/a\u003e\u003c/td\u003e\u003ctd\u003e0.06\u003c/td\u003e\u003ctd\u003e2nd Draft for Comment (January 2013 Ballot).\u003c/td\u003e\u003c/tr\u003e\u003ctr\u003e\u003ctd style\u003d\"white-space:nowrap\"\u003e0.11\u003ca name\u003d\"FHIR-version-0.4611\"\u003e \u003c/a\u003e\u003c/td\u003e\u003ctd\u003e0.11\u003c/td\u003e\u003ctd\u003eDSTU 1 Ballot version.\u003c/td\u003e\u003c/tr\u003e\u003ctr\u003e\u003ctd style\u003d\"white-space:nowrap\"\u003e0.0.80\u003ca name\u003d\"FHIR-version-0.460.4680\"\u003e \u003c/a\u003e\u003c/td\u003e\u003ctd\u003e0.0.80\u003c/td\u003e\u003ctd\u003eDSTU 1 Official version.\u003c/td\u003e\u003c/tr\u003e\u003ctr\u003e\u003ctd style\u003d\"white-space:nowrap\"\u003e0.0.81\u003ca name\u003d\"FHIR-version-0.460.4681\"\u003e \u003c/a\u003e\u003c/td\u003e\u003ctd\u003e0.0.81\u003c/td\u003e\u003ctd\u003eDSTU 1 Official version Technical Errata #1.\u003c/td\u003e\u003c/tr\u003e\u003ctr\u003e\u003ctd style\u003d\"white-space:nowrap\"\u003e0.0.82\u003ca name\u003d\"FHIR-version-0.460.4682\"\u003e \u003c/a\u003e\u003c/td\u003e\u003ctd\u003e0.0.82\u003c/td\u003e\u003ctd\u003eDSTU 1 Official version Technical Errata #2.\u003c/td\u003e\u003c/tr\u003e\u003ctr\u003e\u003ctd style\u003d\"white-space:nowrap\"\u003e0.4.0\u003ca name\u003d\"FHIR-version-0.464.460\"\u003e \u003c/a\u003e\u003c/td\u003e\u003ctd\u003e0.4.0\u003c/td\u003e\u003ctd\u003eDraft For Comment (January 2015 Ballot).\u003c/td\u003e\u003c/tr\u003e\u003ctr\u003e\u003ctd style\u003d\"white-space:nowrap\"\u003e0.5.0\u003ca name\u003d\"FHIR-version-0.465.460\"\u003e \u003c/a\u003e\u003c/td\u003e\u003ctd\u003e0.5.0\u003c/td\u003e\u003ctd\u003eDSTU 2 Ballot version (May 2015 Ballot).\u003c/td\u003e\u003c/tr\u003e\u003ctr\u003e\u003ctd style\u003d\"white-space:nowrap\"\u003e1.0.0\u003ca name\u003d\"FHIR-version-1.460.460\"\u003e \u003c/a\u003e\u003c/td\u003e\u003ctd\u003e1.0.0\u003c/td\u003e\u003ctd\u003eDSTU 2 QA Preview + CQIF Ballot (Sep 2015).\u003c/td\u003e\u003c/tr\u003e\u003ctr\u003e\u003ctd style\u003d\"white-space:nowrap\"\u003e1.0.1\u003ca name\u003d\"FHIR-version-1.460.461\"\u003e \u003c/a\u003e\u003c/td\u003e\u003ctd\u003e1.0.1\u003c/td\u003e\u003ctd\u003eDSTU 2 (Official version).\u003c/td\u003e\u003c/tr\u003e\u003ctr\u003e\u003ctd style\u003d\"white-space:nowrap\"\u003e1.0.2\u003ca name\u003d\"FHIR-version-1.460.462\"\u003e \u003c/a\u003e\u003c/td\u003e\u003ctd\u003e1.0.2\u003c/td\u003e\u003ctd\u003eDSTU 2 (Official version) with 1 technical errata.\u003c/td\u003e\u003c/tr\u003e\u003ctr\u003e\u003ctd style\u003d\"white-space:nowrap\"\u003e1.1.0\u003ca name\u003d\"FHIR-version-1.461.460\"\u003e \u003c/a\u003e\u003c/td\u003e\u003ctd\u003e1.1.0\u003c/td\u003e\u003ctd\u003eGAO Ballot + draft changes to main FHIR standard.\u003c/td\u003e\u003c/tr\u003e\u003ctr\u003e\u003ctd style\u003d\"white-space:nowrap\"\u003e1.4.0\u003ca name\u003d\"FHIR-version-1.464.460\"\u003e \u003c/a\u003e\u003c/td\u003e\u003ctd\u003e1.4.0\u003c/td\u003e\u003ctd\u003eCQF on FHIR Ballot + Connectathon 12 (Montreal).\u003c/td\u003e\u003c/tr\u003e\u003ctr\u003e\u003ctd style\u003d\"white-space:nowrap\"\u003e1.6.0\u003ca name\u003d\"FHIR-version-1.466.460\"\u003e \u003c/a\u003e\u003c/td\u003e\u003ctd\u003e1.6.0\u003c/td\u003e\u003ctd\u003eFHIR STU3 Ballot + Connectathon 13 (Baltimore).\u003c/td\u003e\u003c/tr\u003e\u003ctr\u003e\u003ctd style\u003d\"white-space:nowrap\"\u003e1.8.0\u003ca name\u003d\"FHIR-version-1.468.460\"\u003e \u003c/a\u003e\u003c/td\u003e\u003ctd\u003e1.8.0\u003c/td\u003e\u003ctd\u003eFHIR STU3 Candidate + Connectathon 14 (San Antonio).\u003c/td\u003e\u003c/tr\u003e\u003ctr\u003e\u003ctd style\u003d\"white-space:nowrap\"\u003e3.0.0\u003ca name\u003d\"FHIR-version-3.460.460\"\u003e \u003c/a\u003e\u003c/td\u003e\u003ctd\u003e3.0.0\u003c/td\u003e\u003ctd\u003eFHIR Release 3 (STU).\u003c/td\u003e\u003c/tr\u003e\u003ctr\u003e\u003ctd style\u003d\"white-space:nowrap\"\u003e3.0.1\u003ca name\u003d\"FHIR-version-3.460.461\"\u003e \u003c/a\u003e\u003c/td\u003e\u003ctd\u003e3.0.1\u003c/td\u003e\u003ctd\u003eFHIR Release 3 (STU) with 1 technical errata.\u003c/td\u003e\u003c/tr\u003e\u003ctr\u003e\u003ctd style\u003d\"white-space:nowrap\"\u003e3.3.0\u003ca name\u003d\"FHIR-version-3.463.460\"\u003e \u003c/a\u003e\u003c/td\u003e\u003ctd\u003e3.3.0\u003c/td\u003e\u003ctd\u003eR4 Ballot #1.\u003c/td\u003e\u003c/tr\u003e\u003ctr\u003e\u003ctd style\u003d\"white-space:nowrap\"\u003e3.5.0\u003ca name\u003d\"FHIR-version-3.465.460\"\u003e \u003c/a\u003e\u003c/td\u003e\u003ctd\u003e3.5.0\u003c/td\u003e\u003ctd\u003eR4 Ballot #2.\u003c/td\u003e\u003c/tr\u003e\u003ctr\u003e\u003ctd style\u003d\"white-space:nowrap\"\u003e4.0.0\u003ca name\u003d\"FHIR-version-4.460.460\"\u003e \u003c/a\u003e\u003c/td\u003e\u003ctd\u003e4.0.0\u003c/td\u003e\u003ctd\u003eFHIR Release 4 (Normative + STU).\u003c/td\u003e\u003c/tr\u003e\u003c/table\u003e\u003c/div\u003e"
  },
  "extension": [
    {
      "url": "http://hl7.org/fhir/StructureDefinition/structuredefinition-wg",
      "valueCode": "vocab"
    },
    {
      "url": "http://hl7.org/fhir/StructureDefinition/structuredefinition-standards-status",
      "valueCode": "normative"
    },
    {
      "url": "http://hl7.org/fhir/StructureDefinition/structuredefinition-normative-version",
      "valueCode": "4.0.0"
    },
    {
      "url": "http://hl7.org/fhir/StructureDefinition/structuredefinition-fmm",
      "valueInteger": 5
    }
  ],
  "url": "http://hl7.org/fhir/FHIR-version",
  "identifier": [
    {
      "system": "urn:ietf:rfc:3986",
      "value": "urn:oid:2.16.840.1.113883.4.642.1.1310"
    }
  ],
  "version": "4.0.0",
  "name": "FHIRVersion",
  "title": "FHIRVersion",
  "status": "active",
  "experimental": false,
  "date": "2018-12-27T22:37:54+11:00",
  "description": "All published FHIR Versions.",
  "caseSensitive": true,
  "valueSet": "http://hl7.org/fhir/ValueSet/FHIR-version",
  "content": "complete",
  "concept": [
    {
      "code": "0.01",
      "display": "0.01",
      "definition": "Oldest archived version of FHIR."
    },
    {
      "code": "0.05",
      "display": "0.05",
      "definition": "1st Draft for Comment (Sept 2012 Ballot)."
    },
    {
      "code": "0.06",
      "display": "0.06",
      "definition": "2nd Draft for Comment (January 2013 Ballot)."
    },
    {
      "code": "0.11",
      "display": "0.11",
      "definition": "DSTU 1 Ballot version."
    },
    {
      "code": "0.0.80",
      "display": "0.0.80",
      "definition": "DSTU 1 Official version."
    },
    {
      "code": "0.0.81",
      "display": "0.0.81",
      "definition": "DSTU 1 Official version Technical Errata #1."
    },
    {
      "code": "0.0.82",
      "display": "0.0.82",
      "definition": "DSTU 1 Official version Technical Errata #2."
    },
    {
      "code": "0.4.0",
      "display": "0.4.0",
      "definition": "Draft For Comment (January 2015 Ballot)."
    },
    {
      "code": "0.5.0",
      "display": "0.5.0",
      "definition": "DSTU 2 Ballot version (May 2015 Ballot)."
    },
    {
      "code": "1.0.0",
      "display": "1.0.0",
      "definition": "DSTU 2 QA Preview + CQIF Ballot (Sep 2015)."
    },
    {
      "code": "1.0.1",
      "display": "1.0.1",
      "definition": "DSTU 2 (Official version)."
    },
    {
      "code": "1.0.2",
      "display": "1.0.2",
      "definition": "DSTU 2 (Official version) with 1 technical errata."
    },
    {
      "code": "1.1.0",
      "display": "1.1.0",
      "definition": "GAO Ballot + draft changes to main FHIR standard."
    },
    {
      "code": "1.4.0",
      "display": "1.4.0",
      "definition": "CQF on FHIR Ballot + Connectathon 12 (Montreal)."
    },
    {
      "code": "1.6.0",
      "display": "1.6.0",
      "definition": "FHIR STU3 Ballot + Connectathon 13 (Baltimore)."
    },
    {
      "code": "1.8.0",
      "display": "1.8.0",
      "definition": "FHIR STU3 Candidate + Connectathon 14 (San Antonio)."
    },
    {
      "code": "3.0.0",
      "display": "3.0.0",
      "definition": "FHIR Release 3 (STU)."
    },
    {
      "code": "3.0.1",
      "display": "3.0.1",
      "definition": "FHIR Release 3 (STU) with 1 technical errata."
    },
    {
      "code": "3.3.0",
      "display": "3.3.0",
      "definition": "R4 Ballot #1."
    },
    {
      "code": "3.5.0",
      "display": "3.5.0",
      "definition": "R4 Ballot #2."
    },
    {
      "code": "4.0.0",
      "display": "4.0.0",
      "definition": "FHIR Release 4 (Normative + STU)."
    }
  ]
}