{
  "resourceType": "CodeSystem",
  "id": "definition-resource-types",
  "meta": {
    "lastUpdated": "2018-12-27T22:37:54.724+11:00"
  },
  "text": {
    "status": "generated",
    "div": "\u003cdiv xmlns\u003d\"http://www.w3.org/1999/xhtml\"\u003e\u003ch2\u003eDefinitionResourceType\u003c/h2\u003e\u003cdiv\u003e\u003cp\u003eA list of all the definition resource types defined in this version of the FHIR specification.\u003c/p\u003e\n\u003c/div\u003e\u003cp\u003eThis code system http://hl7.org/fhir/definition-resource-types defines the following codes:\u003c/p\u003e\u003ctable class\u003d\"codes\"\u003e\u003ctr\u003e\u003ctd style\u003d\"white-space:nowrap\"\u003e\u003cb\u003eCode\u003c/b\u003e\u003c/td\u003e\u003ctd\u003e\u003cb\u003eDisplay\u003c/b\u003e\u003c/td\u003e\u003ctd\u003e\u003cb\u003eDefinition\u003c/b\u003e\u003c/td\u003e\u003c/tr\u003e\u003ctr\u003e\u003ctd style\u003d\"white-space:nowrap\"\u003eActivityDefinition\u003ca name\u003d\"definition-resource-types-ActivityDefinition\"\u003e \u003c/a\u003e\u003c/td\u003e\u003ctd\u003eActivityDefinition\u003c/td\u003e\u003ctd\u003eThis resource allows for the definition of some activity to be performed, independent of a particular patient, practitioner, or other performance context.\u003c/td\u003e\u003c/tr\u003e\u003ctr\u003e\u003ctd style\u003d\"white-space:nowrap\"\u003eEventDefinition\u003ca name\u003d\"definition-resource-types-EventDefinition\"\u003e \u003c/a\u003e\u003c/td\u003e\u003ctd\u003eEventDefinition\u003c/td\u003e\u003ctd\u003eThe EventDefinition resource provides a reusable description of when a particular event can occur.\u003c/td\u003e\u003c/tr\u003e\u003ctr\u003e\u003ctd style\u003d\"white-space:nowrap\"\u003eMeasure\u003ca name\u003d\"definition-resource-types-Measure\"\u003e \u003c/a\u003e\u003c/td\u003e\u003ctd\u003eMeasure\u003c/td\u003e\u003ctd\u003eThe Measure resource provides the definition of a quality measure.\u003c/td\u003e\u003c/tr\u003e\u003ctr\u003e\u003ctd style\u003d\"white-space:nowrap\"\u003eOperationDefinition\u003ca name\u003d\"definition-resource-types-OperationDefinition\"\u003e \u003c/a\u003e\u003c/td\u003e\u003ctd\u003eOperationDefinition\u003c/td\u003e\u003ctd\u003eA formal computable definition of an operation (on the RESTful interface) or a named query (using the search interaction).\u003c/td\u003e\u003c/tr\u003e\u003ctr\u003e\u003ctd style\u003d\"white-space:nowrap\"\u003ePlanDefinition\u003ca name\u003d\"definition-resource-types-PlanDefinition\"\u003e \u003c/a\u003e\u003c/td\u003e\u003ctd\u003ePlanDefinition\u003c/td\u003e\u003ctd\u003eThis resource allows for the definition of various types of plans as a sharable, consumable, and executable artifact. The resource is general enough to support the description of a broad range of clinical artifacts such as clinical decision support rules, order sets and protocols.\u003c/td\u003e\u003c/tr\u003e\u003ctr\u003e\u003ctd style\u003d\"white-space:nowrap\"\u003eQuestionnaire\u003ca name\u003d\"definition-resource-types-Questionnaire\"\u003e \u003c/a\u003e\u003c/td\u003e\u003ctd\u003eQuestionnaire\u003c/td\u003e\u003ctd\u003eA structured set of questions intended to guide the collection of answers from end-users. Questionnaires provide detailed control over order, presentation, phraseology and grouping to allow coherent, consistent data collection.\u003c/td\u003e\u003c/tr\u003e\u003c/table\u003e\u003c/div\u003e"
  },
  "extension": [
    {
      "url": "http://hl7.org/fhir/StructureDefinition/structuredefinition-wg",
      "valueCode": "vocab"
    }
  ],
  "url": "http://hl7.org/fhir/definition-resource-types",
  "identifier": [
    {
      "system": "urn:ietf:rfc:3986",
      "value": "urn:oid:2.16.840.1.113883.4.642.1.1057"
    }
  ],
  "version": "4.0.0",
  "name": "DefinitionResourceType",
  "title": "DefinitionResourceType",
  "status": "draft",
  "experimental": false,
  "date": "2018-12-27T22:37:54+11:00",
  "description": "A list of all the definition resource types defined in this version of the FHIR specification.",
  "caseSensitive": true,
  "valueSet": "http://hl7.org/fhir/ValueSet/definition-resource-types",
  "content": "complete",
  "concept": [
    {
      "code": "ActivityDefinition",
      "display": "ActivityDefinition",
      "definition": "This resource allows for the definition of some activity to be performed, independent of a particular patient, practitioner, or other performance context."
    },
    {
      "code": "EventDefinition",
      "display": "EventDefinition",
      "definition": "The EventDefinition resource provides a reusable description of when a particular event can occur."
    },
    {
      "code": "Measure",
      "display": "Measure",
      "definition": "The Measure resource provides the definition of a quality measure."
    },
    {
      "code": "OperationDefinition",
      "display": "OperationDefinition",
      "definition": "A formal computable definition of an operation (on the RESTful interface) or a named query (using the search interaction)."
    },
    {
      "code": "PlanDefinition",
      "display": "PlanDefinition",
      "definition": "This resource allows for the definition of various types of plans as a sharable, consumable, and executable artifact. The resource is general enough to support the description of a broad range of clinical artifacts such as clinical decision support rules, order sets and protocols."
    },
    {
      "code": "Questionnaire",
      "display": "Questionnaire",
      "definition": "A structured set of questions intended to guide the collection of answers from end-users. Questionnaires provide detailed control over order, presentation, phraseology and grouping to allow coherent, consistent data collection."
    }
  ]
}