{
  "resourceType": "CodeSystem",
  "id": "composition-altcode-kind",
  "meta": {
    "lastUpdated": "2018-12-27T22:37:54.724+11:00"
  },
  "text": {
    "status": "generated",
    "div": "\u003cdiv xmlns\u003d\"http://www.w3.org/1999/xhtml\"\u003e\u003ch2\u003eAlternativeCodeKind\u003c/h2\u003e\u003cdiv\u003e\u003cp\u003eIndicates the type of use for which the code is defined.\u003c/p\u003e\n\u003c/div\u003e\u003cp\u003eThis code system http://terminology.hl7.org/CodeSystem/composition-altcode-kind defines the following codes:\u003c/p\u003e\u003ctable class\u003d\"codes\"\u003e\u003ctr\u003e\u003ctd style\u003d\"white-space:nowrap\"\u003e\u003cb\u003eCode\u003c/b\u003e\u003c/td\u003e\u003ctd\u003e\u003cb\u003eDisplay\u003c/b\u003e\u003c/td\u003e\u003ctd\u003e\u003cb\u003eDefinition\u003c/b\u003e\u003c/td\u003e\u003c/tr\u003e\u003ctr\u003e\u003ctd style\u003d\"white-space:nowrap\"\u003ealternate\u003ca name\u003d\"composition-altcode-kind-alternate\"\u003e \u003c/a\u003e\u003c/td\u003e\u003ctd\u003eAlternate Code\u003c/td\u003e\u003ctd\u003eThe code is an alternative code that can be used in any of the circumstances that the primary code can be used.\u003c/td\u003e\u003c/tr\u003e\u003ctr\u003e\u003ctd style\u003d\"white-space:nowrap\"\u003edeprecated\u003ca name\u003d\"composition-altcode-kind-deprecated\"\u003e \u003c/a\u003e\u003c/td\u003e\u003ctd\u003eDeprecated\u003c/td\u003e\u003ctd\u003eThe code should no longer be used, but was used in the past.\u003c/td\u003e\u003c/tr\u003e\u003ctr\u003e\u003ctd style\u003d\"white-space:nowrap\"\u003ecase-insensitive\u003ca name\u003d\"composition-altcode-kind-case-insensitive\"\u003e \u003c/a\u003e\u003c/td\u003e\u003ctd\u003eCase Insensitive\u003c/td\u003e\u003ctd\u003eThe code is an alternative to be used when a case insensitive code is required (when the primary codes are case sensitive).\u003c/td\u003e\u003c/tr\u003e\u003ctr\u003e\u003ctd style\u003d\"white-space:nowrap\"\u003ecase-sensitive\u003ca name\u003d\"composition-altcode-kind-case-sensitive\"\u003e \u003c/a\u003e\u003c/td\u003e\u003ctd\u003eCase Sensitive\u003c/td\u003e\u003ctd\u003eThe code is an alternative to be used when a case sensitive code is required (when the primary codes are case insensitive).\u003c/td\u003e\u003c/tr\u003e\u003ctr\u003e\u003ctd style\u003d\"white-space:nowrap\"\u003eexpression\u003ca name\u003d\"composition-altcode-kind-expression\"\u003e \u003c/a\u003e\u003c/td\u003e\u003ctd\u003eExpression\u003c/td\u003e\u003ctd\u003eThe code is an alternative for the primary code that is built using the expression grammar defined by the code system.\u003c/td\u003e\u003c/tr\u003e\u003c/table\u003e\u003c/div\u003e"
  },
  "url": "http://terminology.hl7.org/CodeSystem/composition-altcode-kind",
  "identifier": [
    {
      "system": "urn:ietf:rfc:3986",
      "value": "urn:oid:2.16.840.1.113883.4.642.1.1406"
    }
  ],
  "version": "4.0.0",
  "name": "AlternativeCodeKind",
  "title": "AlternativeCodeKind",
  "status": "draft",
  "experimental": false,
  "date": "2018-12-27T22:37:54+11:00",
  "publisher": "HL7 (FHIR Project)",
  "contact": [
    {
      "telecom": [
        {
          "system": "url",
          "value": "http://hl7.org/fhir"
        },
        {
          "system": "email",
          "value": "fhir@lists.hl7.org"
        }
      ]
    }
  ],
  "description": "Indicates the type of use for which the code is defined.",
  "caseSensitive": true,
  "valueSet": "http://hl7.org/fhir/ValueSet/composition-altcode-kind",
  "content": "complete",
  "concept": [
    {
      "code": "alternate",
      "display": "Alternate Code",
      "definition": "The code is an alternative code that can be used in any of the circumstances that the primary code can be used."
    },
    {
      "code": "deprecated",
      "display": "Deprecated",
      "definition": "The code should no longer be used, but was used in the past."
    },
    {
      "code": "case-insensitive",
      "display": "Case Insensitive",
      "definition": "The code is an alternative to be used when a case insensitive code is required (when the primary codes are case sensitive)."
    },
    {
      "code": "case-sensitive",
      "display": "Case Sensitive",
      "definition": "The code is an alternative to be used when a case sensitive code is required (when the primary codes are case insensitive)."
    },
    {
      "code": "expression",
      "display": "Expression",
      "definition": "The code is an alternative for the primary code that is built using the expression grammar defined by the code system."
    }
  ]
}