{
  "resourceType": "CodeSystem",
  "id": "goal-priority",
  "meta": {
    "lastUpdated": "2018-12-27T22:37:54.724+11:00",
    "profile": [
      "http://hl7.org/fhir/StructureDefinition/shareablecodesystem"
    ]
  },
  "text": {
    "status": "generated",
    "div": "\u003cdiv xmlns\u003d\"http://www.w3.org/1999/xhtml\"\u003e\u003ch2\u003eGoal priority\u003c/h2\u003e\u003cdiv\u003e\u003cp\u003eIndicates the level of importance associated with reaching or sustaining a goal.\u003c/p\u003e\n\u003c/div\u003e\u003cp\u003eThis code system http://terminology.hl7.org/CodeSystem/goal-priority defines the following codes:\u003c/p\u003e\u003ctable class\u003d\"codes\"\u003e\u003ctr\u003e\u003ctd style\u003d\"white-space:nowrap\"\u003e\u003cb\u003eCode\u003c/b\u003e\u003c/td\u003e\u003ctd\u003e\u003cb\u003eDisplay\u003c/b\u003e\u003c/td\u003e\u003ctd\u003e\u003cb\u003eDefinition\u003c/b\u003e\u003c/td\u003e\u003c/tr\u003e\u003ctr\u003e\u003ctd style\u003d\"white-space:nowrap\"\u003ehigh-priority\u003ca name\u003d\"goal-priority-high-priority\"\u003e \u003c/a\u003e\u003c/td\u003e\u003ctd\u003eHigh Priority\u003c/td\u003e\u003ctd\u003eIndicates that the goal is of considerable importance and should be a primary focus of care delivery.\u003c/td\u003e\u003c/tr\u003e\u003ctr\u003e\u003ctd style\u003d\"white-space:nowrap\"\u003emedium-priority\u003ca name\u003d\"goal-priority-medium-priority\"\u003e \u003c/a\u003e\u003c/td\u003e\u003ctd\u003eMedium Priority\u003c/td\u003e\u003ctd\u003eIndicates that the goal has a reasonable degree of importance and that concrete action should be taken towards the goal.  Attainment is not as critical as high-priority goals.\u003c/td\u003e\u003c/tr\u003e\u003ctr\u003e\u003ctd style\u003d\"white-space:nowrap\"\u003elow-priority\u003ca name\u003d\"goal-priority-low-priority\"\u003e \u003c/a\u003e\u003c/td\u003e\u003ctd\u003eLow Priority\u003c/td\u003e\u003ctd\u003eThe goal is desirable but is not sufficiently important to devote significant resources to.  Achievement of the goal may be sought when incidental to achieving other goals.\u003c/td\u003e\u003c/tr\u003e\u003c/table\u003e\u003c/div\u003e"
  },
  "extension": [
    {
      "url": "http://hl7.org/fhir/StructureDefinition/structuredefinition-wg",
      "valueCode": "pc"
    }
  ],
  "url": "http://terminology.hl7.org/CodeSystem/goal-priority",
  "identifier": [
    {
      "system": "urn:ietf:rfc:3986",
      "value": "urn:oid:2.16.840.1.113883.4.642.1.1096"
    }
  ],
  "version": "4.0.0",
  "name": "GoalPriority",
  "title": "Goal priority",
  "status": "draft",
  "experimental": false,
  "publisher": "HL7 International - Patient Care WG",
  "contact": [
    {
      "telecom": [
        {
          "system": "url",
          "value": "http://www.hl7.org/Special/committees/patientcare/"
        }
      ]
    }
  ],
  "description": "Indicates the level of importance associated with reaching or sustaining a goal.",
  "caseSensitive": true,
  "valueSet": "http://hl7.org/fhir/ValueSet/goal-priority",
  "content": "complete",
  "concept": [
    {
      "code": "high-priority",
      "display": "High Priority",
      "definition": "Indicates that the goal is of considerable importance and should be a primary focus of care delivery."
    },
    {
      "code": "medium-priority",
      "display": "Medium Priority",
      "definition": "Indicates that the goal has a reasonable degree of importance and that concrete action should be taken towards the goal.  Attainment is not as critical as high-priority goals."
    },
    {
      "code": "low-priority",
      "display": "Low Priority",
      "definition": "The goal is desirable but is not sufficiently important to devote significant resources to.  Achievement of the goal may be sought when incidental to achieving other goals."
    }
  ]
}