{
  "resourceType": "CodeSystem",
  "id": "action-cardinality-behavior",
  "meta": {
    "lastUpdated": "2018-12-27T22:37:54.724+11:00"
  },
  "text": {
    "status": "generated",
    "div": "\u003cdiv xmlns\u003d\"http://www.w3.org/1999/xhtml\"\u003e\u003ch2\u003eActionCardinalityBehavior\u003c/h2\u003e\u003cdiv\u003e\u003cp\u003eDefines behavior for an action or a group for how many times that item may be repeated.\u003c/p\u003e\n\u003c/div\u003e\u003cp\u003eThis code system http://hl7.org/fhir/action-cardinality-behavior defines the following codes:\u003c/p\u003e\u003ctable class\u003d\"codes\"\u003e\u003ctr\u003e\u003ctd style\u003d\"white-space:nowrap\"\u003e\u003cb\u003eCode\u003c/b\u003e\u003c/td\u003e\u003ctd\u003e\u003cb\u003eDisplay\u003c/b\u003e\u003c/td\u003e\u003ctd\u003e\u003cb\u003eDefinition\u003c/b\u003e\u003c/td\u003e\u003c/tr\u003e\u003ctr\u003e\u003ctd style\u003d\"white-space:nowrap\"\u003esingle\u003ca name\u003d\"action-cardinality-behavior-single\"\u003e \u003c/a\u003e\u003c/td\u003e\u003ctd\u003eSingle\u003c/td\u003e\u003ctd\u003eThe action may only be selected one time.\u003c/td\u003e\u003c/tr\u003e\u003ctr\u003e\u003ctd style\u003d\"white-space:nowrap\"\u003emultiple\u003ca name\u003d\"action-cardinality-behavior-multiple\"\u003e \u003c/a\u003e\u003c/td\u003e\u003ctd\u003eMultiple\u003c/td\u003e\u003ctd\u003eThe action may be selected multiple times.\u003c/td\u003e\u003c/tr\u003e\u003c/table\u003e\u003c/div\u003e"
  },
  "extension": [
    {
      "url": "http://hl7.org/fhir/StructureDefinition/structuredefinition-wg",
      "valueCode": "cds"
    },
    {
      "url": "http://hl7.org/fhir/StructureDefinition/structuredefinition-standards-status",
      "valueCode": "trial-use"
    },
    {
      "url": "http://hl7.org/fhir/StructureDefinition/structuredefinition-fmm",
      "valueInteger": 2
    }
  ],
  "url": "http://hl7.org/fhir/action-cardinality-behavior",
  "identifier": [
    {
      "system": "urn:ietf:rfc:3986",
      "value": "urn:oid:2.16.840.1.113883.4.642.1.808"
    }
  ],
  "version": "4.0.0",
  "name": "ActionCardinalityBehavior",
  "title": "ActionCardinalityBehavior",
  "status": "draft",
  "experimental": false,
  "date": "2018-12-27T22:37:54+11:00",
  "publisher": "HL7 (FHIR Project)",
  "contact": [
    {
      "telecom": [
        {
          "system": "url",
          "value": "http://hl7.org/fhir"
        },
        {
          "system": "email",
          "value": "fhir@lists.hl7.org"
        }
      ]
    }
  ],
  "description": "Defines behavior for an action or a group for how many times that item may be repeated.",
  "caseSensitive": true,
  "valueSet": "http://hl7.org/fhir/ValueSet/action-cardinality-behavior",
  "content": "complete",
  "concept": [
    {
      "code": "single",
      "display": "Single",
      "definition": "The action may only be selected one time."
    },
    {
      "code": "multiple",
      "display": "Multiple",
      "definition": "The action may be selected multiple times."
    }
  ]
}