{
  "resourceType": "CodeSystem",
  "id": "dicom-audit-lifecycle",
  "meta": {
    "lastUpdated": "2018-12-27T22:37:54.724+11:00"
  },
  "text": {
    "status": "generated",
    "div": "\u003cdiv xmlns\u003d\"http://www.w3.org/1999/xhtml\"\u003e\u003ch2\u003eDICOM Audit Message Record Lifecycle Events\u003c/h2\u003e\u003cdiv\u003e\u003cp\u003eAttached is vocabulary for the record lifecycle events, as per DICOM Audit Message,\u003c/p\u003e\n\u003c/div\u003e\u003cp\u003e\u003cb\u003eCopyright Statement:\u003c/b\u003e These codes are excerpted from Digital Imaging and Communications in Medicine (DICOM) Standard, Part 16: Content Mapping Resource, Copyright © 2011 by the National Electrical Manufacturers Association.\u003c/p\u003e\u003cp\u003eThis code system http://terminology.hl7.org/CodeSystem/dicom-audit-lifecycle defines the following codes:\u003c/p\u003e\u003ctable class\u003d\"codes\"\u003e\u003ctr\u003e\u003ctd style\u003d\"white-space:nowrap\"\u003e\u003cb\u003eCode\u003c/b\u003e\u003c/td\u003e\u003ctd\u003e\u003cb\u003eDisplay\u003c/b\u003e\u003c/td\u003e\u003ctd\u003e\u003cb\u003eDefinition\u003c/b\u003e\u003c/td\u003e\u003c/tr\u003e\u003ctr\u003e\u003ctd style\u003d\"white-space:nowrap\"\u003e1\u003ca name\u003d\"dicom-audit-lifecycle-1\"\u003e \u003c/a\u003e\u003c/td\u003e\u003ctd\u003eOrigination / Creation\u003c/td\u003e\u003ctd/\u003e\u003c/tr\u003e\u003ctr\u003e\u003ctd style\u003d\"white-space:nowrap\"\u003e2\u003ca name\u003d\"dicom-audit-lifecycle-2\"\u003e \u003c/a\u003e\u003c/td\u003e\u003ctd\u003eImport / Copy\u003c/td\u003e\u003ctd/\u003e\u003c/tr\u003e\u003ctr\u003e\u003ctd style\u003d\"white-space:nowrap\"\u003e3\u003ca name\u003d\"dicom-audit-lifecycle-3\"\u003e \u003c/a\u003e\u003c/td\u003e\u003ctd\u003eAmendment\u003c/td\u003e\u003ctd/\u003e\u003c/tr\u003e\u003ctr\u003e\u003ctd style\u003d\"white-space:nowrap\"\u003e4\u003ca name\u003d\"dicom-audit-lifecycle-4\"\u003e \u003c/a\u003e\u003c/td\u003e\u003ctd\u003eVerification\u003c/td\u003e\u003ctd/\u003e\u003c/tr\u003e\u003ctr\u003e\u003ctd style\u003d\"white-space:nowrap\"\u003e5\u003ca name\u003d\"dicom-audit-lifecycle-5\"\u003e \u003c/a\u003e\u003c/td\u003e\u003ctd\u003eTranslation\u003c/td\u003e\u003ctd/\u003e\u003c/tr\u003e\u003ctr\u003e\u003ctd style\u003d\"white-space:nowrap\"\u003e6\u003ca name\u003d\"dicom-audit-lifecycle-6\"\u003e \u003c/a\u003e\u003c/td\u003e\u003ctd\u003eAccess / Use\u003c/td\u003e\u003ctd/\u003e\u003c/tr\u003e\u003ctr\u003e\u003ctd style\u003d\"white-space:nowrap\"\u003e7\u003ca name\u003d\"dicom-audit-lifecycle-7\"\u003e \u003c/a\u003e\u003c/td\u003e\u003ctd\u003eDe-identification\u003c/td\u003e\u003ctd/\u003e\u003c/tr\u003e\u003ctr\u003e\u003ctd style\u003d\"white-space:nowrap\"\u003e8\u003ca name\u003d\"dicom-audit-lifecycle-8\"\u003e \u003c/a\u003e\u003c/td\u003e\u003ctd\u003eAggregation / summarization / derivation\u003c/td\u003e\u003ctd/\u003e\u003c/tr\u003e\u003ctr\u003e\u003ctd style\u003d\"white-space:nowrap\"\u003e9\u003ca name\u003d\"dicom-audit-lifecycle-9\"\u003e \u003c/a\u003e\u003c/td\u003e\u003ctd\u003eReport\u003c/td\u003e\u003ctd/\u003e\u003c/tr\u003e\u003ctr\u003e\u003ctd style\u003d\"white-space:nowrap\"\u003e10\u003ca name\u003d\"dicom-audit-lifecycle-10\"\u003e \u003c/a\u003e\u003c/td\u003e\u003ctd\u003eExport\u003c/td\u003e\u003ctd/\u003e\u003c/tr\u003e\u003ctr\u003e\u003ctd style\u003d\"white-space:nowrap\"\u003e11\u003ca name\u003d\"dicom-audit-lifecycle-11\"\u003e \u003c/a\u003e\u003c/td\u003e\u003ctd\u003eDisclosure\u003c/td\u003e\u003ctd/\u003e\u003c/tr\u003e\u003ctr\u003e\u003ctd style\u003d\"white-space:nowrap\"\u003e12\u003ca name\u003d\"dicom-audit-lifecycle-12\"\u003e \u003c/a\u003e\u003c/td\u003e\u003ctd\u003eReceipt of disclosure\u003c/td\u003e\u003ctd/\u003e\u003c/tr\u003e\u003ctr\u003e\u003ctd style\u003d\"white-space:nowrap\"\u003e13\u003ca name\u003d\"dicom-audit-lifecycle-13\"\u003e \u003c/a\u003e\u003c/td\u003e\u003ctd\u003eArchiving\u003c/td\u003e\u003ctd/\u003e\u003c/tr\u003e\u003ctr\u003e\u003ctd style\u003d\"white-space:nowrap\"\u003e14\u003ca name\u003d\"dicom-audit-lifecycle-14\"\u003e \u003c/a\u003e\u003c/td\u003e\u003ctd\u003eLogical deletion\u003c/td\u003e\u003ctd/\u003e\u003c/tr\u003e\u003ctr\u003e\u003ctd style\u003d\"white-space:nowrap\"\u003e15\u003ca name\u003d\"dicom-audit-lifecycle-15\"\u003e \u003c/a\u003e\u003c/td\u003e\u003ctd\u003ePermanent erasure / Physical destruction\u003c/td\u003e\u003ctd/\u003e\u003c/tr\u003e\u003c/table\u003e\u003c/div\u003e"
  },
  "url": "http://terminology.hl7.org/CodeSystem/dicom-audit-lifecycle",
  "version": "20100826",
  "name": "DICOM Audit Message Record Lifecycle Events",
  "status": "active",
  "experimental": false,
  "description": "Attached is vocabulary for the record lifecycle events, as per DICOM Audit Message, ",
  "copyright": "These codes are excerpted from Digital Imaging and Communications in Medicine (DICOM) Standard, Part 16: Content Mapping Resource, Copyright © 2011 by the National Electrical Manufacturers Association.",
  "caseSensitive": true,
  "content": "complete",
  "concept": [
    {
      "code": "1",
      "display": "Origination / Creation"
    },
    {
      "code": "2",
      "display": "Import / Copy"
    },
    {
      "code": "3",
      "display": "Amendment"
    },
    {
      "code": "4",
      "display": "Verification"
    },
    {
      "code": "5",
      "display": "Translation"
    },
    {
      "code": "6",
      "display": "Access / Use"
    },
    {
      "code": "7",
      "display": "De-identification"
    },
    {
      "code": "8",
      "display": "Aggregation / summarization / derivation"
    },
    {
      "code": "9",
      "display": "Report"
    },
    {
      "code": "10",
      "display": "Export"
    },
    {
      "code": "11",
      "display": "Disclosure"
    },
    {
      "code": "12",
      "display": "Receipt of disclosure"
    },
    {
      "code": "13",
      "display": "Archiving"
    },
    {
      "code": "14",
      "display": "Logical deletion"
    },
    {
      "code": "15",
      "display": "Permanent erasure / Physical destruction"
    }
  ]
}