{
  "resourceType": "CodeSystem",
  "id": "chargeitem-billingcodes",
  "meta": {
    "lastUpdated": "2018-12-27T22:37:54.724+11:00"
  },
  "text": {
    "status": "generated",
    "div": "\u003cdiv xmlns\u003d\"http://www.w3.org/1999/xhtml\"\u003e\u003ch2\u003eChargeItemCode\u003c/h2\u003e\u003cdiv\u003e\u003cp\u003eExample set of codes that can be used for billing purposes.\u003c/p\u003e\n\u003c/div\u003e\u003cp\u003eThis code system http://terminology.hl7.org/CodeSystem/chargeitem-billingcodes defines the following codes:\u003c/p\u003e\u003ctable class\u003d\"codes\"\u003e\u003ctr\u003e\u003ctd style\u003d\"white-space:nowrap\"\u003e\u003cb\u003eCode\u003c/b\u003e\u003c/td\u003e\u003ctd\u003e\u003cb\u003eDisplay\u003c/b\u003e\u003c/td\u003e\u003ctd\u003e\u003cb\u003eDefinition\u003c/b\u003e\u003c/td\u003e\u003c/tr\u003e\u003ctr\u003e\u003ctd style\u003d\"white-space:nowrap\"\u003e1100\u003ca name\u003d\"chargeitem-billingcodes-1100\"\u003e \u003c/a\u003e\u003c/td\u003e\u003ctd\u003eUnvorhergesehene Inanspruchnahme\u003c/td\u003e\u003ctd\u003eFrom German EBM billing system:\nUnvorhergesehene Inanspruchnahme des Vertragsarztes durch einen Patienten;zwischen 19:00 und 22:00 Uhr;an Samstagen, Sonntagen und gesetzlichen Feiertagen, am 24.12. und 31.12. zwischen 07:00 und 19:00 Uhr.\u003c/td\u003e\u003c/tr\u003e\u003ctr\u003e\u003ctd style\u003d\"white-space:nowrap\"\u003e1210\u003ca name\u003d\"chargeitem-billingcodes-1210\"\u003e \u003c/a\u003e\u003c/td\u003e\u003ctd\u003eNotfallpauschale\u003c/td\u003e\u003ctd\u003eFrom German EBM billing system:\nNotfallpauschale im organisierten Not(-fall)dienst und für nicht an der vertragsärztlichen Versorgung teilnehmende Ärzte, Institute und Krankenhäuser bei Inanspruchnahme;zwischen 07:00 und 19:00 Uhr.\u003c/td\u003e\u003c/tr\u003e\u003ctr\u003e\u003ctd style\u003d\"white-space:nowrap\"\u003e1320\u003ca name\u003d\"chargeitem-billingcodes-1320\"\u003e \u003c/a\u003e\u003c/td\u003e\u003ctd\u003eGrundpauschale\u003c/td\u003e\u003ctd\u003eFrom German EBM billing system:\nGrundpauschale für Ärzte, Institute und Krankenhäuser, die zur Erbringung von Leistungen innerhalb mindestens eines der Fachgebiete Anästhesiologie, Frauenheilkunde und Geburtshilfe, Haut- und Geschlechtskrankheiten, Mund-, Kiefer- und Gesichtschirurgie und Humangenetik ermächtigt sind.\u003c/td\u003e\u003c/tr\u003e\u003c/table\u003e\u003c/div\u003e"
  },
  "extension": [
    {
      "url": "http://hl7.org/fhir/StructureDefinition/structuredefinition-wg",
      "valueCode": "pa"
    },
    {
      "url": "http://hl7.org/fhir/StructureDefinition/structuredefinition-standards-status",
      "valueCode": "draft"
    },
    {
      "url": "http://hl7.org/fhir/StructureDefinition/structuredefinition-fmm",
      "valueInteger": 1
    }
  ],
  "url": "http://terminology.hl7.org/CodeSystem/chargeitem-billingcodes",
  "identifier": [
    {
      "system": "urn:ietf:rfc:3986",
      "value": "urn:oid:2.16.840.1.113883.4.642.1.1257"
    }
  ],
  "version": "4.0.0",
  "name": "ChargeItemCode",
  "title": "ChargeItemCode",
  "status": "draft",
  "experimental": false,
  "date": "2018-12-27T22:37:54+11:00",
  "publisher": "HL7 (FHIR Project)",
  "contact": [
    {
      "telecom": [
        {
          "system": "url",
          "value": "http://hl7.org/fhir"
        },
        {
          "system": "email",
          "value": "fhir@lists.hl7.org"
        }
      ]
    }
  ],
  "description": "Example set of codes that can be used for billing purposes.",
  "caseSensitive": true,
  "valueSet": "http://hl7.org/fhir/ValueSet/chargeitem-billingcodes",
  "content": "complete",
  "concept": [
    {
      "code": "1100",
      "display": "Unvorhergesehene Inanspruchnahme",
      "definition": "From German EBM billing system:\nUnvorhergesehene Inanspruchnahme des Vertragsarztes durch einen Patienten;zwischen 19:00 und 22:00 Uhr;an Samstagen, Sonntagen und gesetzlichen Feiertagen, am 24.12. und 31.12. zwischen 07:00 und 19:00 Uhr."
    },
    {
      "code": "1210",
      "display": "Notfallpauschale",
      "definition": "From German EBM billing system:\nNotfallpauschale im organisierten Not(-fall)dienst und für nicht an der vertragsärztlichen Versorgung teilnehmende Ärzte, Institute und Krankenhäuser bei Inanspruchnahme;zwischen 07:00 und 19:00 Uhr."
    },
    {
      "code": "1320",
      "display": "Grundpauschale",
      "definition": "From German EBM billing system:\nGrundpauschale für Ärzte, Institute und Krankenhäuser, die zur Erbringung von Leistungen innerhalb mindestens eines der Fachgebiete Anästhesiologie, Frauenheilkunde und Geburtshilfe, Haut- und Geschlechtskrankheiten, Mund-, Kiefer- und Gesichtschirurgie und Humangenetik ermächtigt sind."
    }
  ]
}