{
  "resourceType": "CodeSystem",
  "id": "issue-type",
  "meta": {
    "lastUpdated": "2018-12-27T22:37:54.724+11:00"
  },
  "text": {
    "status": "generated",
    "div": "\u003cdiv xmlns\u003d\"http://www.w3.org/1999/xhtml\"\u003e\u003ch2\u003eIssueType\u003c/h2\u003e\u003cdiv\u003e\u003cp\u003eA code that describes the type of issue.\u003c/p\u003e\n\u003c/div\u003e\u003cp\u003eThis code system http://hl7.org/fhir/issue-type defines the following codes:\u003c/p\u003e\u003ctable class\u003d\"codes\"\u003e\u003ctr\u003e\u003ctd\u003e\u003cb\u003eLvl\u003c/b\u003e\u003c/td\u003e\u003ctd style\u003d\"white-space:nowrap\"\u003e\u003cb\u003eCode\u003c/b\u003e\u003c/td\u003e\u003ctd\u003e\u003cb\u003eDisplay\u003c/b\u003e\u003c/td\u003e\u003ctd\u003e\u003cb\u003eDefinition\u003c/b\u003e\u003c/td\u003e\u003c/tr\u003e\u003ctr\u003e\u003ctd\u003e1\u003c/td\u003e\u003ctd style\u003d\"white-space:nowrap\"\u003einvalid\u003ca name\u003d\"issue-type-invalid\"\u003e \u003c/a\u003e\u003c/td\u003e\u003ctd\u003eInvalid Content\u003c/td\u003e\u003ctd\u003eContent invalid against the specification or a profile.\u003c/td\u003e\u003c/tr\u003e\u003ctr\u003e\u003ctd\u003e2\u003c/td\u003e\u003ctd style\u003d\"white-space:nowrap\"\u003e  structure\u003ca name\u003d\"issue-type-structure\"\u003e \u003c/a\u003e\u003c/td\u003e\u003ctd\u003eStructural Issue\u003c/td\u003e\u003ctd\u003eA structural issue in the content such as wrong namespace, unable to parse the content completely, invalid syntax, etc.\u003c/td\u003e\u003c/tr\u003e\u003ctr\u003e\u003ctd\u003e2\u003c/td\u003e\u003ctd style\u003d\"white-space:nowrap\"\u003e  required\u003ca name\u003d\"issue-type-required\"\u003e \u003c/a\u003e\u003c/td\u003e\u003ctd\u003eRequired element missing\u003c/td\u003e\u003ctd\u003eA required element is missing.\u003c/td\u003e\u003c/tr\u003e\u003ctr\u003e\u003ctd\u003e2\u003c/td\u003e\u003ctd style\u003d\"white-space:nowrap\"\u003e  value\u003ca name\u003d\"issue-type-value\"\u003e \u003c/a\u003e\u003c/td\u003e\u003ctd\u003eElement value invalid\u003c/td\u003e\u003ctd\u003eAn element or header value is invalid.\u003c/td\u003e\u003c/tr\u003e\u003ctr\u003e\u003ctd\u003e2\u003c/td\u003e\u003ctd style\u003d\"white-space:nowrap\"\u003e  invariant\u003ca name\u003d\"issue-type-invariant\"\u003e \u003c/a\u003e\u003c/td\u003e\u003ctd\u003eValidation rule failed\u003c/td\u003e\u003ctd\u003eA content validation rule failed - e.g. a schematron rule.\u003c/td\u003e\u003c/tr\u003e\u003ctr\u003e\u003ctd\u003e1\u003c/td\u003e\u003ctd style\u003d\"white-space:nowrap\"\u003esecurity\u003ca name\u003d\"issue-type-security\"\u003e \u003c/a\u003e\u003c/td\u003e\u003ctd\u003eSecurity Problem\u003c/td\u003e\u003ctd\u003eAn authentication/authorization/permissions issue of some kind.\u003c/td\u003e\u003c/tr\u003e\u003ctr\u003e\u003ctd\u003e2\u003c/td\u003e\u003ctd style\u003d\"white-space:nowrap\"\u003e  login\u003ca name\u003d\"issue-type-login\"\u003e \u003c/a\u003e\u003c/td\u003e\u003ctd\u003eLogin Required\u003c/td\u003e\u003ctd\u003eThe client needs to initiate an authentication process.\u003c/td\u003e\u003c/tr\u003e\u003ctr\u003e\u003ctd\u003e2\u003c/td\u003e\u003ctd style\u003d\"white-space:nowrap\"\u003e  unknown\u003ca name\u003d\"issue-type-unknown\"\u003e \u003c/a\u003e\u003c/td\u003e\u003ctd\u003eUnknown User\u003c/td\u003e\u003ctd\u003eThe user or system was not able to be authenticated (either there is no process, or the proferred token is unacceptable).\u003c/td\u003e\u003c/tr\u003e\u003ctr\u003e\u003ctd\u003e2\u003c/td\u003e\u003ctd style\u003d\"white-space:nowrap\"\u003e  expired\u003ca name\u003d\"issue-type-expired\"\u003e \u003c/a\u003e\u003c/td\u003e\u003ctd\u003eSession Expired\u003c/td\u003e\u003ctd\u003eUser session expired; a login may be required.\u003c/td\u003e\u003c/tr\u003e\u003ctr\u003e\u003ctd\u003e2\u003c/td\u003e\u003ctd style\u003d\"white-space:nowrap\"\u003e  forbidden\u003ca name\u003d\"issue-type-forbidden\"\u003e \u003c/a\u003e\u003c/td\u003e\u003ctd\u003eForbidden\u003c/td\u003e\u003ctd\u003eThe user does not have the rights to perform this action.\u003c/td\u003e\u003c/tr\u003e\u003ctr\u003e\u003ctd\u003e2\u003c/td\u003e\u003ctd style\u003d\"white-space:nowrap\"\u003e  suppressed\u003ca name\u003d\"issue-type-suppressed\"\u003e \u003c/a\u003e\u003c/td\u003e\u003ctd\u003eInformation  Suppressed\u003c/td\u003e\u003ctd\u003eSome information was not or might not have been returned due to business rules, consent or privacy rules, or access permission constraints.  This information may be accessible through alternate processes.\u003c/td\u003e\u003c/tr\u003e\u003ctr\u003e\u003ctd\u003e1\u003c/td\u003e\u003ctd style\u003d\"white-space:nowrap\"\u003eprocessing\u003ca name\u003d\"issue-type-processing\"\u003e \u003c/a\u003e\u003c/td\u003e\u003ctd\u003eProcessing Failure\u003c/td\u003e\u003ctd\u003eProcessing issues. These are expected to be final e.g. there is no point resubmitting the same content unchanged.\u003c/td\u003e\u003c/tr\u003e\u003ctr\u003e\u003ctd\u003e2\u003c/td\u003e\u003ctd style\u003d\"white-space:nowrap\"\u003e  not-supported\u003ca name\u003d\"issue-type-not-supported\"\u003e \u003c/a\u003e\u003c/td\u003e\u003ctd\u003eContent not supported\u003c/td\u003e\u003ctd\u003eThe interaction, operation, resource or profile is not supported.\u003c/td\u003e\u003c/tr\u003e\u003ctr\u003e\u003ctd\u003e2\u003c/td\u003e\u003ctd style\u003d\"white-space:nowrap\"\u003e  duplicate\u003ca name\u003d\"issue-type-duplicate\"\u003e \u003c/a\u003e\u003c/td\u003e\u003ctd\u003eDuplicate\u003c/td\u003e\u003ctd\u003eAn attempt was made to create a duplicate record.\u003c/td\u003e\u003c/tr\u003e\u003ctr\u003e\u003ctd\u003e2\u003c/td\u003e\u003ctd style\u003d\"white-space:nowrap\"\u003e  multiple-matches\u003ca name\u003d\"issue-type-multiple-matches\"\u003e \u003c/a\u003e\u003c/td\u003e\u003ctd\u003eMultiple Matches\u003c/td\u003e\u003ctd\u003eMultiple matching records were found when the operation required only one match.\u003c/td\u003e\u003c/tr\u003e\u003ctr\u003e\u003ctd\u003e2\u003c/td\u003e\u003ctd style\u003d\"white-space:nowrap\"\u003e  not-found\u003ca name\u003d\"issue-type-not-found\"\u003e \u003c/a\u003e\u003c/td\u003e\u003ctd\u003eNot Found\u003c/td\u003e\u003ctd\u003eThe reference provided was not found. In a pure RESTful environment, this would be an HTTP 404 error, but this code may be used where the content is not found further into the application architecture.\u003c/td\u003e\u003c/tr\u003e\u003ctr\u003e\u003ctd\u003e3\u003c/td\u003e\u003ctd style\u003d\"white-space:nowrap\"\u003e    deleted\u003ca name\u003d\"issue-type-deleted\"\u003e \u003c/a\u003e\u003c/td\u003e\u003ctd\u003eDeleted\u003c/td\u003e\u003ctd\u003eThe reference pointed to content (usually a resource) that has been deleted.\u003c/td\u003e\u003c/tr\u003e\u003ctr\u003e\u003ctd\u003e2\u003c/td\u003e\u003ctd style\u003d\"white-space:nowrap\"\u003e  too-long\u003ca name\u003d\"issue-type-too-long\"\u003e \u003c/a\u003e\u003c/td\u003e\u003ctd\u003eContent Too Long\u003c/td\u003e\u003ctd\u003eProvided content is too long (typically, this is a denial of service protection type of error).\u003c/td\u003e\u003c/tr\u003e\u003ctr\u003e\u003ctd\u003e2\u003c/td\u003e\u003ctd style\u003d\"white-space:nowrap\"\u003e  code-invalid\u003ca name\u003d\"issue-type-code-invalid\"\u003e \u003c/a\u003e\u003c/td\u003e\u003ctd\u003eInvalid Code\u003c/td\u003e\u003ctd\u003eThe code or system could not be understood, or it was not valid in the context of a particular ValueSet.code.\u003c/td\u003e\u003c/tr\u003e\u003ctr\u003e\u003ctd\u003e2\u003c/td\u003e\u003ctd style\u003d\"white-space:nowrap\"\u003e  extension\u003ca name\u003d\"issue-type-extension\"\u003e \u003c/a\u003e\u003c/td\u003e\u003ctd\u003eUnacceptable Extension\u003c/td\u003e\u003ctd\u003eAn extension was found that was not acceptable, could not be resolved, or a modifierExtension was not recognized.\u003c/td\u003e\u003c/tr\u003e\u003ctr\u003e\u003ctd\u003e2\u003c/td\u003e\u003ctd style\u003d\"white-space:nowrap\"\u003e  too-costly\u003ca name\u003d\"issue-type-too-costly\"\u003e \u003c/a\u003e\u003c/td\u003e\u003ctd\u003eOperation Too Costly\u003c/td\u003e\u003ctd\u003eThe operation was stopped to protect server resources; e.g. a request for a value set expansion on all of SNOMED CT.\u003c/td\u003e\u003c/tr\u003e\u003ctr\u003e\u003ctd\u003e2\u003c/td\u003e\u003ctd style\u003d\"white-space:nowrap\"\u003e  business-rule\u003ca name\u003d\"issue-type-business-rule\"\u003e \u003c/a\u003e\u003c/td\u003e\u003ctd\u003eBusiness Rule Violation\u003c/td\u003e\u003ctd\u003eThe content/operation failed to pass some business rule and so could not proceed.\u003c/td\u003e\u003c/tr\u003e\u003ctr\u003e\u003ctd\u003e2\u003c/td\u003e\u003ctd style\u003d\"white-space:nowrap\"\u003e  conflict\u003ca name\u003d\"issue-type-conflict\"\u003e \u003c/a\u003e\u003c/td\u003e\u003ctd\u003eEdit Version Conflict\u003c/td\u003e\u003ctd\u003eContent could not be accepted because of an edit conflict (i.e. version aware updates). (In a pure RESTful environment, this would be an HTTP 409 error, but this code may be used where the conflict is discovered further into the application architecture.).\u003c/td\u003e\u003c/tr\u003e\u003ctr\u003e\u003ctd\u003e1\u003c/td\u003e\u003ctd style\u003d\"white-space:nowrap\"\u003etransient\u003ca name\u003d\"issue-type-transient\"\u003e \u003c/a\u003e\u003c/td\u003e\u003ctd\u003eTransient Issue\u003c/td\u003e\u003ctd\u003eTransient processing issues. The system receiving the message may be able to resubmit the same content once an underlying issue is resolved.\u003c/td\u003e\u003c/tr\u003e\u003ctr\u003e\u003ctd\u003e2\u003c/td\u003e\u003ctd style\u003d\"white-space:nowrap\"\u003e  lock-error\u003ca name\u003d\"issue-type-lock-error\"\u003e \u003c/a\u003e\u003c/td\u003e\u003ctd\u003eLock Error\u003c/td\u003e\u003ctd\u003eA resource/record locking failure (usually in an underlying database).\u003c/td\u003e\u003c/tr\u003e\u003ctr\u003e\u003ctd\u003e2\u003c/td\u003e\u003ctd style\u003d\"white-space:nowrap\"\u003e  no-store\u003ca name\u003d\"issue-type-no-store\"\u003e \u003c/a\u003e\u003c/td\u003e\u003ctd\u003eNo Store Available\u003c/td\u003e\u003ctd\u003eThe persistent store is unavailable; e.g. the database is down for maintenance or similar action, and the interaction or operation cannot be processed.\u003c/td\u003e\u003c/tr\u003e\u003ctr\u003e\u003ctd\u003e2\u003c/td\u003e\u003ctd style\u003d\"white-space:nowrap\"\u003e  exception\u003ca name\u003d\"issue-type-exception\"\u003e \u003c/a\u003e\u003c/td\u003e\u003ctd\u003eException\u003c/td\u003e\u003ctd\u003ey.\u003c/td\u003e\u003c/tr\u003e\u003ctr\u003e\u003ctd\u003e2\u003c/td\u003e\u003ctd style\u003d\"white-space:nowrap\"\u003e  timeout\u003ca name\u003d\"issue-type-timeout\"\u003e \u003c/a\u003e\u003c/td\u003e\u003ctd\u003eTimeout\u003c/td\u003e\u003ctd\u003eAn internal timeout has occurred.\u003c/td\u003e\u003c/tr\u003e\u003ctr\u003e\u003ctd\u003e2\u003c/td\u003e\u003ctd style\u003d\"white-space:nowrap\"\u003e  incomplete\u003ca name\u003d\"issue-type-incomplete\"\u003e \u003c/a\u003e\u003c/td\u003e\u003ctd\u003eIncomplete Results\u003c/td\u003e\u003ctd\u003eNot all data sources typically accessed could be reached or responded in time, so the returned information might not be complete (applies to search interactions and some operations).\u003c/td\u003e\u003c/tr\u003e\u003ctr\u003e\u003ctd\u003e2\u003c/td\u003e\u003ctd style\u003d\"white-space:nowrap\"\u003e  throttled\u003ca name\u003d\"issue-type-throttled\"\u003e \u003c/a\u003e\u003c/td\u003e\u003ctd\u003eThrottled\u003c/td\u003e\u003ctd\u003eThe system is not prepared to handle this request due to load management.\u003c/td\u003e\u003c/tr\u003e\u003ctr\u003e\u003ctd\u003e1\u003c/td\u003e\u003ctd style\u003d\"white-space:nowrap\"\u003einformational\u003ca name\u003d\"issue-type-informational\"\u003e \u003c/a\u003e\u003c/td\u003e\u003ctd\u003eInformational Note\u003c/td\u003e\u003ctd\u003eA message unrelated to the processing success of the completed operation (examples of the latter include things like reminders of password expiry, system maintenance times, etc.).\u003c/td\u003e\u003c/tr\u003e\u003c/table\u003e\u003c/div\u003e"
  },
  "extension": [
    {
      "url": "http://hl7.org/fhir/StructureDefinition/structuredefinition-wg",
      "valueCode": "fhir"
    },
    {
      "url": "http://hl7.org/fhir/StructureDefinition/structuredefinition-standards-status",
      "valueCode": "normative"
    },
    {
      "url": "http://hl7.org/fhir/StructureDefinition/structuredefinition-normative-version",
      "valueCode": "4.0.0"
    },
    {
      "url": "http://hl7.org/fhir/StructureDefinition/structuredefinition-fmm",
      "valueInteger": 5
    }
  ],
  "url": "http://hl7.org/fhir/issue-type",
  "identifier": [
    {
      "system": "urn:ietf:rfc:3986",
      "value": "urn:oid:2.16.840.1.113883.4.642.1.411"
    }
  ],
  "version": "4.0.0",
  "name": "IssueType",
  "title": "IssueType",
  "status": "active",
  "experimental": false,
  "date": "2018-12-27T22:37:54+11:00",
  "publisher": "HL7 (FHIR Project)",
  "contact": [
    {
      "telecom": [
        {
          "system": "url",
          "value": "http://hl7.org/fhir"
        },
        {
          "system": "email",
          "value": "fhir@lists.hl7.org"
        }
      ]
    }
  ],
  "description": "A code that describes the type of issue.",
  "caseSensitive": true,
  "valueSet": "http://hl7.org/fhir/ValueSet/issue-type",
  "content": "complete",
  "concept": [
    {
      "code": "invalid",
      "display": "Invalid Content",
      "definition": "Content invalid against the specification or a profile.",
      "concept": [
        {
          "code": "structure",
          "display": "Structural Issue",
          "definition": "A structural issue in the content such as wrong namespace, unable to parse the content completely, invalid syntax, etc."
        },
        {
          "code": "required",
          "display": "Required element missing",
          "definition": "A required element is missing."
        },
        {
          "code": "value",
          "display": "Element value invalid",
          "definition": "An element or header value is invalid."
        },
        {
          "code": "invariant",
          "display": "Validation rule failed",
          "definition": "A content validation rule failed - e.g. a schematron rule."
        }
      ]
    },
    {
      "code": "security",
      "display": "Security Problem",
      "definition": "An authentication/authorization/permissions issue of some kind.",
      "concept": [
        {
          "code": "login",
          "display": "Login Required",
          "definition": "The client needs to initiate an authentication process."
        },
        {
          "code": "unknown",
          "display": "Unknown User",
          "definition": "The user or system was not able to be authenticated (either there is no process, or the proferred token is unacceptable)."
        },
        {
          "code": "expired",
          "display": "Session Expired",
          "definition": "User session expired; a login may be required."
        },
        {
          "code": "forbidden",
          "display": "Forbidden",
          "definition": "The user does not have the rights to perform this action."
        },
        {
          "code": "suppressed",
          "display": "Information  Suppressed",
          "definition": "Some information was not or might not have been returned due to business rules, consent or privacy rules, or access permission constraints.  This information may be accessible through alternate processes."
        }
      ]
    },
    {
      "code": "processing",
      "display": "Processing Failure",
      "definition": "Processing issues. These are expected to be final e.g. there is no point resubmitting the same content unchanged.",
      "concept": [
        {
          "code": "not-supported",
          "display": "Content not supported",
          "definition": "The interaction, operation, resource or profile is not supported."
        },
        {
          "code": "duplicate",
          "display": "Duplicate",
          "definition": "An attempt was made to create a duplicate record."
        },
        {
          "code": "multiple-matches",
          "display": "Multiple Matches",
          "definition": "Multiple matching records were found when the operation required only one match."
        },
        {
          "code": "not-found",
          "display": "Not Found",
          "definition": "The reference provided was not found. In a pure RESTful environment, this would be an HTTP 404 error, but this code may be used where the content is not found further into the application architecture.",
          "concept": [
            {
              "code": "deleted",
              "display": "Deleted",
              "definition": "The reference pointed to content (usually a resource) that has been deleted."
            }
          ]
        },
        {
          "code": "too-long",
          "display": "Content Too Long",
          "definition": "Provided content is too long (typically, this is a denial of service protection type of error)."
        },
        {
          "code": "code-invalid",
          "display": "Invalid Code",
          "definition": "The code or system could not be understood, or it was not valid in the context of a particular ValueSet.code."
        },
        {
          "code": "extension",
          "display": "Unacceptable Extension",
          "definition": "An extension was found that was not acceptable, could not be resolved, or a modifierExtension was not recognized."
        },
        {
          "code": "too-costly",
          "display": "Operation Too Costly",
          "definition": "The operation was stopped to protect server resources; e.g. a request for a value set expansion on all of SNOMED CT."
        },
        {
          "code": "business-rule",
          "display": "Business Rule Violation",
          "definition": "The content/operation failed to pass some business rule and so could not proceed."
        },
        {
          "code": "conflict",
          "display": "Edit Version Conflict",
          "definition": "Content could not be accepted because of an edit conflict (i.e. version aware updates). (In a pure RESTful environment, this would be an HTTP 409 error, but this code may be used where the conflict is discovered further into the application architecture.)."
        }
      ]
    },
    {
      "code": "transient",
      "display": "Transient Issue",
      "definition": "Transient processing issues. The system receiving the message may be able to resubmit the same content once an underlying issue is resolved.",
      "concept": [
        {
          "code": "lock-error",
          "display": "Lock Error",
          "definition": "A resource/record locking failure (usually in an underlying database)."
        },
        {
          "code": "no-store",
          "display": "No Store Available",
          "definition": "The persistent store is unavailable; e.g. the database is down for maintenance or similar action, and the interaction or operation cannot be processed."
        },
        {
          "code": "exception",
          "display": "Exception",
          "definition": "y."
        },
        {
          "code": "timeout",
          "display": "Timeout",
          "definition": "An internal timeout has occurred."
        },
        {
          "code": "incomplete",
          "display": "Incomplete Results",
          "definition": "Not all data sources typically accessed could be reached or responded in time, so the returned information might not be complete (applies to search interactions and some operations)."
        },
        {
          "code": "throttled",
          "display": "Throttled",
          "definition": "The system is not prepared to handle this request due to load management."
        }
      ]
    },
    {
      "code": "informational",
      "display": "Informational Note",
      "definition": "A message unrelated to the processing success of the completed operation (examples of the latter include things like reminders of password expiry, system maintenance times, etc.)."
    }
  ]
}