{
  "resourceType": "CodeSystem",
  "id": "immunization-program-eligibility",
  "meta": {
    "lastUpdated": "2018-12-27T22:37:54.724+11:00",
    "profile": [
      "http://hl7.org/fhir/StructureDefinition/shareablecodesystem"
    ]
  },
  "text": {
    "status": "generated",
    "div": "\u003cdiv xmlns\u003d\"http://www.w3.org/1999/xhtml\"\u003e\u003ch2\u003eImmunization Program Eligibility\u003c/h2\u003e\u003cdiv\u003e\u003cp\u003eThe value set to instantiate this attribute should be drawn from a terminologically robust code system that consists of or contains concepts to support describing the patient\u0027s eligibility for a vaccination program. This value set is provided as a suggestive example.\u003c/p\u003e\n\u003c/div\u003e\u003cp\u003eThis code system http://terminology.hl7.org/CodeSystem/immunization-program-eligibility defines the following codes:\u003c/p\u003e\u003ctable class\u003d\"codes\"\u003e\u003ctr\u003e\u003ctd style\u003d\"white-space:nowrap\"\u003e\u003cb\u003eCode\u003c/b\u003e\u003c/td\u003e\u003ctd\u003e\u003cb\u003eDisplay\u003c/b\u003e\u003c/td\u003e\u003ctd\u003e\u003cb\u003eDefinition\u003c/b\u003e\u003c/td\u003e\u003c/tr\u003e\u003ctr\u003e\u003ctd style\u003d\"white-space:nowrap\"\u003eineligible\u003ca name\u003d\"immunization-program-eligibility-ineligible\"\u003e \u003c/a\u003e\u003c/td\u003e\u003ctd\u003eNot Eligible\u003c/td\u003e\u003ctd\u003eThe patient is not eligible for the funding program.\u003c/td\u003e\u003c/tr\u003e\u003ctr\u003e\u003ctd style\u003d\"white-space:nowrap\"\u003euninsured\u003ca name\u003d\"immunization-program-eligibility-uninsured\"\u003e \u003c/a\u003e\u003c/td\u003e\u003ctd\u003eUninsured\u003c/td\u003e\u003ctd\u003eThe patient is eligible for the funding program because they are uninsured.\u003c/td\u003e\u003c/tr\u003e\u003c/table\u003e\u003c/div\u003e"
  },
  "extension": [
    {
      "url": "http://hl7.org/fhir/StructureDefinition/structuredefinition-wg",
      "valueCode": "pher"
    },
    {
      "url": "http://hl7.org/fhir/StructureDefinition/structuredefinition-standards-status",
      "valueCode": "draft"
    },
    {
      "url": "http://hl7.org/fhir/StructureDefinition/structuredefinition-fmm",
      "valueInteger": 1
    }
  ],
  "url": "http://terminology.hl7.org/CodeSystem/immunization-program-eligibility",
  "identifier": [
    {
      "system": "urn:ietf:rfc:3986",
      "value": "urn:oid:2.16.840.1.113883.4.642.1.1099"
    }
  ],
  "version": "4.0.0",
  "name": "ImmunizationProgramEligibility",
  "title": "Immunization Program Eligibility",
  "status": "draft",
  "experimental": false,
  "publisher": "FHIR Project team",
  "contact": [
    {
      "telecom": [
        {
          "system": "url",
          "value": "http://www.hl7.org/Special/committees/pher/index.cfm"
        }
      ]
    }
  ],
  "description": "The value set to instantiate this attribute should be drawn from a terminologically robust code system that consists of or contains concepts to support describing the patient\u0027s eligibility for a vaccination program. This value set is provided as a suggestive example.",
  "caseSensitive": true,
  "valueSet": "http://hl7.org/fhir/ValueSet/immunization-program-eligibility",
  "content": "complete",
  "concept": [
    {
      "code": "ineligible",
      "display": "Not Eligible",
      "definition": "The patient is not eligible for the funding program."
    },
    {
      "code": "uninsured",
      "display": "Uninsured",
      "definition": "The patient is eligible for the funding program because they are uninsured."
    }
  ]
}