{
  "resourceType": "CodeSystem",
  "id": "icd-10-procedures",
  "meta": {
    "lastUpdated": "2018-12-27T22:37:54.724+11:00",
    "profile": [
      "http://hl7.org/fhir/StructureDefinition/shareablecodesystem"
    ]
  },
  "text": {
    "status": "generated",
    "div": "\u003cdiv xmlns\u003d\"http://www.w3.org/1999/xhtml\"\u003e\u003ch2\u003eICD-10 Procedure Codes\u003c/h2\u003e\u003cdiv\u003e\u003cp\u003eThis value set includes sample ICD-10 Procedure codes.\u003c/p\u003e\n\u003c/div\u003e\u003cp\u003e\u003cb\u003eCopyright Statement:\u003c/b\u003e This is an example set.\u003c/p\u003e\u003cp\u003eThis code system http://hl7.org/fhir/sid/ex-icd-10-procedures defines the following codes:\u003c/p\u003e\u003ctable class\u003d\"codes\"\u003e\u003ctr\u003e\u003ctd style\u003d\"white-space:nowrap\"\u003e\u003cb\u003eCode\u003c/b\u003e\u003c/td\u003e\u003ctd\u003e\u003cb\u003eDisplay\u003c/b\u003e\u003c/td\u003e\u003ctd\u003e\u003cb\u003eDefinition\u003c/b\u003e\u003c/td\u003e\u003c/tr\u003e\u003ctr\u003e\u003ctd style\u003d\"white-space:nowrap\"\u003e123001\u003ca name\u003d\"icd-10-procedures-123001\"\u003e \u003c/a\u003e\u003c/td\u003e\u003ctd\u003ePROC-1\u003c/td\u003e\u003ctd\u003eProcedure 1\u003c/td\u003e\u003c/tr\u003e\u003ctr\u003e\u003ctd style\u003d\"white-space:nowrap\"\u003e123002\u003ca name\u003d\"icd-10-procedures-123002\"\u003e \u003c/a\u003e\u003c/td\u003e\u003ctd\u003ePROC-2\u003c/td\u003e\u003ctd\u003eProcedure 2\u003c/td\u003e\u003c/tr\u003e\u003ctr\u003e\u003ctd style\u003d\"white-space:nowrap\"\u003e123003\u003ca name\u003d\"icd-10-procedures-123003\"\u003e \u003c/a\u003e\u003c/td\u003e\u003ctd\u003ePROC-3\u003c/td\u003e\u003ctd\u003eProcedure 3\u003c/td\u003e\u003c/tr\u003e\u003c/table\u003e\u003c/div\u003e"
  },
  "extension": [
    {
      "url": "http://hl7.org/fhir/StructureDefinition/structuredefinition-wg",
      "valueCode": "fm"
    },
    {
      "url": "http://hl7.org/fhir/StructureDefinition/structuredefinition-standards-status",
      "valueCode": "draft"
    },
    {
      "url": "http://hl7.org/fhir/StructureDefinition/structuredefinition-fmm",
      "valueInteger": 1
    }
  ],
  "url": "http://hl7.org/fhir/sid/ex-icd-10-procedures",
  "identifier": [
    {
      "system": "urn:ietf:rfc:3986",
      "value": "urn:oid:2.16.840.1.113883.4.642.1.575"
    }
  ],
  "version": "4.0.0",
  "name": "ICD-10ProcedureCodes",
  "title": "ICD-10 Procedure Codes",
  "status": "draft",
  "experimental": false,
  "publisher": "Financial Management",
  "contact": [
    {
      "telecom": [
        {
          "system": "url",
          "value": "http://hl7.org/fhir"
        }
      ]
    }
  ],
  "description": "This value set includes sample ICD-10 Procedure codes.",
  "copyright": "This is an example set.",
  "caseSensitive": true,
  "valueSet": "http://hl7.org/fhir/ValueSet/icd-10-procedures",
  "content": "complete",
  "concept": [
    {
      "code": "123001",
      "display": "PROC-1",
      "definition": "Procedure 1"
    },
    {
      "code": "123002",
      "display": "PROC-2",
      "definition": "Procedure 2"
    },
    {
      "code": "123003",
      "display": "PROC-3",
      "definition": "Procedure 3"
    }
  ]
}