{
  "resourceType": "CodeSystem",
  "id": "episode-of-care-status",
  "meta": {
    "lastUpdated": "2018-12-27T22:37:54.724+11:00"
  },
  "text": {
    "status": "generated",
    "div": "\u003cdiv xmlns\u003d\"http://www.w3.org/1999/xhtml\"\u003e\u003ch2\u003eEpisodeOfCareStatus\u003c/h2\u003e\u003cdiv\u003e\u003cp\u003eThe status of the episode of care.\u003c/p\u003e\n\u003c/div\u003e\u003cp\u003eThis code system http://hl7.org/fhir/episode-of-care-status defines the following codes:\u003c/p\u003e\u003ctable class\u003d\"codes\"\u003e\u003ctr\u003e\u003ctd style\u003d\"white-space:nowrap\"\u003e\u003cb\u003eCode\u003c/b\u003e\u003c/td\u003e\u003ctd\u003e\u003cb\u003eDisplay\u003c/b\u003e\u003c/td\u003e\u003ctd\u003e\u003cb\u003eDefinition\u003c/b\u003e\u003c/td\u003e\u003c/tr\u003e\u003ctr\u003e\u003ctd style\u003d\"white-space:nowrap\"\u003eplanned\u003ca name\u003d\"episode-of-care-status-planned\"\u003e \u003c/a\u003e\u003c/td\u003e\u003ctd\u003ePlanned\u003c/td\u003e\u003ctd\u003eThis episode of care is planned to start at the date specified in the period.start. During this status, an organization may perform assessments to determine if the patient is eligible to receive services, or be organizing to make resources available to provide care services.\u003c/td\u003e\u003c/tr\u003e\u003ctr\u003e\u003ctd style\u003d\"white-space:nowrap\"\u003ewaitlist\u003ca name\u003d\"episode-of-care-status-waitlist\"\u003e \u003c/a\u003e\u003c/td\u003e\u003ctd\u003eWaitlist\u003c/td\u003e\u003ctd\u003eThis episode has been placed on a waitlist, pending the episode being made active (or cancelled).\u003c/td\u003e\u003c/tr\u003e\u003ctr\u003e\u003ctd style\u003d\"white-space:nowrap\"\u003eactive\u003ca name\u003d\"episode-of-care-status-active\"\u003e \u003c/a\u003e\u003c/td\u003e\u003ctd\u003eActive\u003c/td\u003e\u003ctd\u003eThis episode of care is current.\u003c/td\u003e\u003c/tr\u003e\u003ctr\u003e\u003ctd style\u003d\"white-space:nowrap\"\u003eonhold\u003ca name\u003d\"episode-of-care-status-onhold\"\u003e \u003c/a\u003e\u003c/td\u003e\u003ctd\u003eOn Hold\u003c/td\u003e\u003ctd\u003eThis episode of care is on hold; the organization has limited responsibility for the patient (such as while on respite).\u003c/td\u003e\u003c/tr\u003e\u003ctr\u003e\u003ctd style\u003d\"white-space:nowrap\"\u003efinished\u003ca name\u003d\"episode-of-care-status-finished\"\u003e \u003c/a\u003e\u003c/td\u003e\u003ctd\u003eFinished\u003c/td\u003e\u003ctd\u003eThis episode of care is finished and the organization is not expecting to be providing further care to the patient. Can also be known as \u0026quot;closed\u0026quot;, \u0026quot;completed\u0026quot; or other similar terms.\u003c/td\u003e\u003c/tr\u003e\u003ctr\u003e\u003ctd style\u003d\"white-space:nowrap\"\u003ecancelled\u003ca name\u003d\"episode-of-care-status-cancelled\"\u003e \u003c/a\u003e\u003c/td\u003e\u003ctd\u003eCancelled\u003c/td\u003e\u003ctd\u003eThe episode of care was cancelled, or withdrawn from service, often selected during the planned stage as the patient may have gone elsewhere, or the circumstances have changed and the organization is unable to provide the care. It indicates that services terminated outside the planned/expected workflow.\u003c/td\u003e\u003c/tr\u003e\u003ctr\u003e\u003ctd style\u003d\"white-space:nowrap\"\u003eentered-in-error\u003ca name\u003d\"episode-of-care-status-entered-in-error\"\u003e \u003c/a\u003e\u003c/td\u003e\u003ctd\u003eEntered in Error\u003c/td\u003e\u003ctd\u003eThis instance should not have been part of this patient\u0027s medical record.\u003c/td\u003e\u003c/tr\u003e\u003c/table\u003e\u003c/div\u003e"
  },
  "extension": [
    {
      "url": "http://hl7.org/fhir/StructureDefinition/structuredefinition-wg",
      "valueCode": "pa"
    },
    {
      "url": "http://hl7.org/fhir/StructureDefinition/structuredefinition-standards-status",
      "valueCode": "trial-use"
    },
    {
      "url": "http://hl7.org/fhir/StructureDefinition/structuredefinition-fmm",
      "valueInteger": 2
    }
  ],
  "url": "http://hl7.org/fhir/episode-of-care-status",
  "identifier": [
    {
      "system": "urn:ietf:rfc:3986",
      "value": "urn:oid:2.16.840.1.113883.4.642.1.665"
    }
  ],
  "version": "4.0.0",
  "name": "EpisodeOfCareStatus",
  "title": "EpisodeOfCareStatus",
  "status": "draft",
  "experimental": false,
  "date": "2018-12-27T22:37:54+11:00",
  "publisher": "HL7 (FHIR Project)",
  "contact": [
    {
      "telecom": [
        {
          "system": "url",
          "value": "http://hl7.org/fhir"
        },
        {
          "system": "email",
          "value": "fhir@lists.hl7.org"
        }
      ]
    }
  ],
  "description": "The status of the episode of care.",
  "caseSensitive": true,
  "valueSet": "http://hl7.org/fhir/ValueSet/episode-of-care-status",
  "content": "complete",
  "concept": [
    {
      "code": "planned",
      "display": "Planned",
      "definition": "This episode of care is planned to start at the date specified in the period.start. During this status, an organization may perform assessments to determine if the patient is eligible to receive services, or be organizing to make resources available to provide care services."
    },
    {
      "code": "waitlist",
      "display": "Waitlist",
      "definition": "This episode has been placed on a waitlist, pending the episode being made active (or cancelled)."
    },
    {
      "code": "active",
      "display": "Active",
      "definition": "This episode of care is current."
    },
    {
      "code": "onhold",
      "display": "On Hold",
      "definition": "This episode of care is on hold; the organization has limited responsibility for the patient (such as while on respite)."
    },
    {
      "code": "finished",
      "display": "Finished",
      "definition": "This episode of care is finished and the organization is not expecting to be providing further care to the patient. Can also be known as \"closed\", \"completed\" or other similar terms."
    },
    {
      "code": "cancelled",
      "display": "Cancelled",
      "definition": "The episode of care was cancelled, or withdrawn from service, often selected during the planned stage as the patient may have gone elsewhere, or the circumstances have changed and the organization is unable to provide the care. It indicates that services terminated outside the planned/expected workflow."
    },
    {
      "code": "entered-in-error",
      "display": "Entered in Error",
      "definition": "This instance should not have been part of this patient\u0027s medical record."
    }
  ]
}