{
  "resourceType": "CodeSystem",
  "id": "consent-state-codes",
  "meta": {
    "lastUpdated": "2018-12-27T22:37:54.724+11:00"
  },
  "text": {
    "status": "generated",
    "div": "\u003cdiv xmlns\u003d\"http://www.w3.org/1999/xhtml\"\u003e\u003ch2\u003eConsentState\u003c/h2\u003e\u003cdiv\u003e\u003cp\u003eIndicates the state of the consent.\u003c/p\u003e\n\u003c/div\u003e\u003cp\u003eThis code system http://hl7.org/fhir/consent-state-codes defines the following codes:\u003c/p\u003e\u003ctable class\u003d\"codes\"\u003e\u003ctr\u003e\u003ctd style\u003d\"white-space:nowrap\"\u003e\u003cb\u003eCode\u003c/b\u003e\u003c/td\u003e\u003ctd\u003e\u003cb\u003eDisplay\u003c/b\u003e\u003c/td\u003e\u003ctd\u003e\u003cb\u003eDefinition\u003c/b\u003e\u003c/td\u003e\u003c/tr\u003e\u003ctr\u003e\u003ctd style\u003d\"white-space:nowrap\"\u003edraft\u003ca name\u003d\"consent-state-codes-draft\"\u003e \u003c/a\u003e\u003c/td\u003e\u003ctd\u003ePending\u003c/td\u003e\u003ctd\u003eThe consent is in development or awaiting use but is not yet intended to be acted upon.\u003c/td\u003e\u003c/tr\u003e\u003ctr\u003e\u003ctd style\u003d\"white-space:nowrap\"\u003eproposed\u003ca name\u003d\"consent-state-codes-proposed\"\u003e \u003c/a\u003e\u003c/td\u003e\u003ctd\u003eProposed\u003c/td\u003e\u003ctd\u003eThe consent has been proposed but not yet agreed to by all parties. The negotiation stage.\u003c/td\u003e\u003c/tr\u003e\u003ctr\u003e\u003ctd style\u003d\"white-space:nowrap\"\u003eactive\u003ca name\u003d\"consent-state-codes-active\"\u003e \u003c/a\u003e\u003c/td\u003e\u003ctd\u003eActive\u003c/td\u003e\u003ctd\u003eThe consent is to be followed and enforced.\u003c/td\u003e\u003c/tr\u003e\u003ctr\u003e\u003ctd style\u003d\"white-space:nowrap\"\u003erejected\u003ca name\u003d\"consent-state-codes-rejected\"\u003e \u003c/a\u003e\u003c/td\u003e\u003ctd\u003eRejected\u003c/td\u003e\u003ctd\u003eThe consent has been rejected by one or more of the parties.\u003c/td\u003e\u003c/tr\u003e\u003ctr\u003e\u003ctd style\u003d\"white-space:nowrap\"\u003einactive\u003ca name\u003d\"consent-state-codes-inactive\"\u003e \u003c/a\u003e\u003c/td\u003e\u003ctd\u003eInactive\u003c/td\u003e\u003ctd\u003eThe consent is terminated or replaced.\u003c/td\u003e\u003c/tr\u003e\u003ctr\u003e\u003ctd style\u003d\"white-space:nowrap\"\u003eentered-in-error\u003ca name\u003d\"consent-state-codes-entered-in-error\"\u003e \u003c/a\u003e\u003c/td\u003e\u003ctd\u003eEntered in Error\u003c/td\u003e\u003ctd\u003eThe consent was created wrongly (e.g. wrong patient) and should be ignored.\u003c/td\u003e\u003c/tr\u003e\u003c/table\u003e\u003c/div\u003e"
  },
  "extension": [
    {
      "url": "http://hl7.org/fhir/StructureDefinition/structuredefinition-wg",
      "valueCode": "cbcc"
    },
    {
      "url": "http://hl7.org/fhir/StructureDefinition/structuredefinition-standards-status",
      "valueCode": "trial-use"
    },
    {
      "url": "http://hl7.org/fhir/StructureDefinition/structuredefinition-fmm",
      "valueInteger": 2
    }
  ],
  "url": "http://hl7.org/fhir/consent-state-codes",
  "identifier": [
    {
      "system": "urn:ietf:rfc:3986",
      "value": "urn:oid:2.16.840.1.113883.4.642.1.756"
    }
  ],
  "version": "4.0.0",
  "name": "ConsentState",
  "title": "ConsentState",
  "status": "draft",
  "experimental": false,
  "date": "2018-12-27T22:37:54+11:00",
  "publisher": "HL7 (FHIR Project)",
  "contact": [
    {
      "telecom": [
        {
          "system": "url",
          "value": "http://hl7.org/fhir"
        },
        {
          "system": "email",
          "value": "fhir@lists.hl7.org"
        }
      ]
    }
  ],
  "description": "Indicates the state of the consent.",
  "caseSensitive": true,
  "valueSet": "http://hl7.org/fhir/ValueSet/consent-state-codes",
  "content": "complete",
  "concept": [
    {
      "code": "draft",
      "display": "Pending",
      "definition": "The consent is in development or awaiting use but is not yet intended to be acted upon."
    },
    {
      "code": "proposed",
      "display": "Proposed",
      "definition": "The consent has been proposed but not yet agreed to by all parties. The negotiation stage."
    },
    {
      "code": "active",
      "display": "Active",
      "definition": "The consent is to be followed and enforced."
    },
    {
      "code": "rejected",
      "display": "Rejected",
      "definition": "The consent has been rejected by one or more of the parties."
    },
    {
      "code": "inactive",
      "display": "Inactive",
      "definition": "The consent is terminated or replaced."
    },
    {
      "code": "entered-in-error",
      "display": "Entered in Error",
      "definition": "The consent was created wrongly (e.g. wrong patient) and should be ignored."
    }
  ]
}