{
  "resourceType": "CodeSystem",
  "id": "claim-careteamrole",
  "meta": {
    "lastUpdated": "2018-12-27T22:37:54.724+11:00",
    "profile": [
      "http://hl7.org/fhir/StructureDefinition/shareablecodesystem"
    ]
  },
  "text": {
    "status": "generated",
    "div": "\u003cdiv xmlns\u003d\"http://www.w3.org/1999/xhtml\"\u003e\u003ch2\u003eClaim Care Team Role Codes\u003c/h2\u003e\u003cdiv\u003e\u003cp\u003eThis value set includes sample Claim Care Team Role codes.\u003c/p\u003e\n\u003c/div\u003e\u003cp\u003e\u003cb\u003eCopyright Statement:\u003c/b\u003e This is an example set.\u003c/p\u003e\u003cp\u003eThis code system http://terminology.hl7.org/CodeSystem/claimcareteamrole defines the following codes:\u003c/p\u003e\u003ctable class\u003d\"codes\"\u003e\u003ctr\u003e\u003ctd style\u003d\"white-space:nowrap\"\u003e\u003cb\u003eCode\u003c/b\u003e\u003c/td\u003e\u003ctd\u003e\u003cb\u003eDisplay\u003c/b\u003e\u003c/td\u003e\u003ctd\u003e\u003cb\u003eDefinition\u003c/b\u003e\u003c/td\u003e\u003c/tr\u003e\u003ctr\u003e\u003ctd style\u003d\"white-space:nowrap\"\u003eprimary\u003ca name\u003d\"claim-careteamrole-primary\"\u003e \u003c/a\u003e\u003c/td\u003e\u003ctd\u003ePrimary provider\u003c/td\u003e\u003ctd\u003eThe primary care provider.\u003c/td\u003e\u003c/tr\u003e\u003ctr\u003e\u003ctd style\u003d\"white-space:nowrap\"\u003eassist\u003ca name\u003d\"claim-careteamrole-assist\"\u003e \u003c/a\u003e\u003c/td\u003e\u003ctd\u003eAssisting Provider\u003c/td\u003e\u003ctd\u003eAssisting care provider.\u003c/td\u003e\u003c/tr\u003e\u003ctr\u003e\u003ctd style\u003d\"white-space:nowrap\"\u003esupervisor\u003ca name\u003d\"claim-careteamrole-supervisor\"\u003e \u003c/a\u003e\u003c/td\u003e\u003ctd\u003eSupervising Provider\u003c/td\u003e\u003ctd\u003eSupervising care provider.\u003c/td\u003e\u003c/tr\u003e\u003ctr\u003e\u003ctd style\u003d\"white-space:nowrap\"\u003eother\u003ca name\u003d\"claim-careteamrole-other\"\u003e \u003c/a\u003e\u003c/td\u003e\u003ctd\u003eOther\u003c/td\u003e\u003ctd\u003eOther role on the care team.\u003c/td\u003e\u003c/tr\u003e\u003c/table\u003e\u003c/div\u003e"
  },
  "extension": [
    {
      "url": "http://hl7.org/fhir/StructureDefinition/structuredefinition-wg",
      "valueCode": "fm"
    },
    {
      "url": "http://hl7.org/fhir/StructureDefinition/structuredefinition-standards-status",
      "valueCode": "draft"
    },
    {
      "url": "http://hl7.org/fhir/StructureDefinition/structuredefinition-fmm",
      "valueInteger": 1
    }
  ],
  "url": "http://terminology.hl7.org/CodeSystem/claimcareteamrole",
  "identifier": [
    {
      "system": "urn:ietf:rfc:3986",
      "value": "urn:oid:2.16.840.1.113883.4.642.1.1165"
    }
  ],
  "version": "4.0.0",
  "name": "ClaimCareTeamRoleCodes",
  "title": "Claim Care Team Role Codes",
  "status": "draft",
  "experimental": false,
  "publisher": "Financial Management",
  "contact": [
    {
      "telecom": [
        {
          "system": "url",
          "value": "http://hl7.org/fhir"
        }
      ]
    }
  ],
  "description": "This value set includes sample Claim Care Team Role codes.",
  "copyright": "This is an example set.",
  "caseSensitive": true,
  "valueSet": "http://hl7.org/fhir/ValueSet/claim-careteamrole",
  "content": "complete",
  "concept": [
    {
      "code": "primary",
      "display": "Primary provider",
      "definition": "The primary care provider."
    },
    {
      "code": "assist",
      "display": "Assisting Provider",
      "definition": "Assisting care provider."
    },
    {
      "code": "supervisor",
      "display": "Supervising Provider",
      "definition": "Supervising care provider."
    },
    {
      "code": "other",
      "display": "Other",
      "definition": "Other role on the care team."
    }
  ]
}