{
  "resourceType": "CodeSystem",
  "id": "conformance-expectation",
  "meta": {
    "lastUpdated": "2018-12-27T22:37:54.724+11:00"
  },
  "text": {
    "status": "generated",
    "div": "\u003cdiv xmlns\u003d\"http://www.w3.org/1999/xhtml\"\u003e\u003ch2\u003eConformanceExpectation\u003c/h2\u003e\u003cdiv\u003e\u003cp\u003eIndicates the degree of adherence to a specified behavior or capability expected for a system to be deemed conformant with a specification.\u003c/p\u003e\n\u003c/div\u003e\u003cp\u003eThis code system http://terminology.hl7.org/CodeSystem/conformance-expectation defines the following codes:\u003c/p\u003e\u003ctable class\u003d\"codes\"\u003e\u003ctr\u003e\u003ctd style\u003d\"white-space:nowrap\"\u003e\u003cb\u003eCode\u003c/b\u003e\u003c/td\u003e\u003ctd\u003e\u003cb\u003eDisplay\u003c/b\u003e\u003c/td\u003e\u003ctd\u003e\u003cb\u003eDefinition\u003c/b\u003e\u003c/td\u003e\u003c/tr\u003e\u003ctr\u003e\u003ctd style\u003d\"white-space:nowrap\"\u003eSHALL\u003ca name\u003d\"conformance-expectation-SHALL\"\u003e \u003c/a\u003e\u003c/td\u003e\u003ctd\u003eSHALL\u003c/td\u003e\u003ctd\u003eSupport for the specified capability is required to be considered conformant.\u003c/td\u003e\u003c/tr\u003e\u003ctr\u003e\u003ctd style\u003d\"white-space:nowrap\"\u003eSHOULD\u003ca name\u003d\"conformance-expectation-SHOULD\"\u003e \u003c/a\u003e\u003c/td\u003e\u003ctd\u003eSHOULD\u003c/td\u003e\u003ctd\u003eSupport for the specified capability is strongly encouraged, and failure to support it should only occur after careful consideration.\u003c/td\u003e\u003c/tr\u003e\u003ctr\u003e\u003ctd style\u003d\"white-space:nowrap\"\u003eMAY\u003ca name\u003d\"conformance-expectation-MAY\"\u003e \u003c/a\u003e\u003c/td\u003e\u003ctd\u003eMAY\u003c/td\u003e\u003ctd\u003eSupport for the specified capability is not necessary to be considered conformant, and the requirement should be considered strictly optional.\u003c/td\u003e\u003c/tr\u003e\u003ctr\u003e\u003ctd style\u003d\"white-space:nowrap\"\u003eSHOULD-NOT\u003ca name\u003d\"conformance-expectation-SHOULD-NOT\"\u003e \u003c/a\u003e\u003c/td\u003e\u003ctd\u003eSHOULD-NOT\u003c/td\u003e\u003ctd\u003eSupport for the specified capability is strongly discouraged and should occur only after careful consideration.\u003c/td\u003e\u003c/tr\u003e\u003c/table\u003e\u003c/div\u003e"
  },
  "url": "http://terminology.hl7.org/CodeSystem/conformance-expectation",
  "identifier": [
    {
      "system": "urn:ietf:rfc:3986",
      "value": "urn:oid:2.16.840.1.113883.4.642.1.1271"
    }
  ],
  "version": "4.0.0",
  "name": "ConformanceExpectation",
  "title": "ConformanceExpectation",
  "status": "draft",
  "experimental": false,
  "date": "2018-12-27T22:37:54+11:00",
  "publisher": "HL7 (FHIR Project)",
  "contact": [
    {
      "telecom": [
        {
          "system": "url",
          "value": "http://hl7.org/fhir"
        },
        {
          "system": "email",
          "value": "fhir@lists.hl7.org"
        }
      ]
    }
  ],
  "description": "Indicates the degree of adherence to a specified behavior or capability expected for a system to be deemed conformant with a specification.",
  "caseSensitive": true,
  "valueSet": "http://hl7.org/fhir/ValueSet/conformance-expectation",
  "content": "complete",
  "concept": [
    {
      "code": "SHALL",
      "display": "SHALL",
      "definition": "Support for the specified capability is required to be considered conformant."
    },
    {
      "code": "SHOULD",
      "display": "SHOULD",
      "definition": "Support for the specified capability is strongly encouraged, and failure to support it should only occur after careful consideration."
    },
    {
      "code": "MAY",
      "display": "MAY",
      "definition": "Support for the specified capability is not necessary to be considered conformant, and the requirement should be considered strictly optional."
    },
    {
      "code": "SHOULD-NOT",
      "display": "SHOULD-NOT",
      "definition": "Support for the specified capability is strongly discouraged and should occur only after careful consideration."
    }
  ]
}