{
  "resourceType": "CodeSystem",
  "id": "conceptmap-unmapped-mode",
  "meta": {
    "lastUpdated": "2018-12-27T22:37:54.724+11:00"
  },
  "text": {
    "status": "generated",
    "div": "\u003cdiv xmlns\u003d\"http://www.w3.org/1999/xhtml\"\u003e\u003ch2\u003eConceptMapGroupUnmappedMode\u003c/h2\u003e\u003cdiv\u003e\u003cp\u003eDefines which action to take if there is no match in the group.\u003c/p\u003e\n\u003c/div\u003e\u003cp\u003eThis code system http://hl7.org/fhir/conceptmap-unmapped-mode defines the following codes:\u003c/p\u003e\u003ctable class\u003d\"codes\"\u003e\u003ctr\u003e\u003ctd style\u003d\"white-space:nowrap\"\u003e\u003cb\u003eCode\u003c/b\u003e\u003c/td\u003e\u003ctd\u003e\u003cb\u003eDisplay\u003c/b\u003e\u003c/td\u003e\u003ctd\u003e\u003cb\u003eDefinition\u003c/b\u003e\u003c/td\u003e\u003c/tr\u003e\u003ctr\u003e\u003ctd style\u003d\"white-space:nowrap\"\u003eprovided\u003ca name\u003d\"conceptmap-unmapped-mode-provided\"\u003e \u003c/a\u003e\u003c/td\u003e\u003ctd\u003eProvided Code\u003c/td\u003e\u003ctd\u003eUse the code as provided in the $translate request.\u003c/td\u003e\u003c/tr\u003e\u003ctr\u003e\u003ctd style\u003d\"white-space:nowrap\"\u003efixed\u003ca name\u003d\"conceptmap-unmapped-mode-fixed\"\u003e \u003c/a\u003e\u003c/td\u003e\u003ctd\u003eFixed Code\u003c/td\u003e\u003ctd\u003eUse the code explicitly provided in the group.unmapped.\u003c/td\u003e\u003c/tr\u003e\u003ctr\u003e\u003ctd style\u003d\"white-space:nowrap\"\u003eother-map\u003ca name\u003d\"conceptmap-unmapped-mode-other-map\"\u003e \u003c/a\u003e\u003c/td\u003e\u003ctd\u003eOther Map\u003c/td\u003e\u003ctd\u003eUse the map identified by the canonical URL in the url element.\u003c/td\u003e\u003c/tr\u003e\u003c/table\u003e\u003c/div\u003e"
  },
  "extension": [
    {
      "url": "http://hl7.org/fhir/StructureDefinition/structuredefinition-wg",
      "valueCode": "vocab"
    },
    {
      "url": "http://hl7.org/fhir/StructureDefinition/structuredefinition-standards-status",
      "valueCode": "trial-use"
    },
    {
      "url": "http://hl7.org/fhir/StructureDefinition/structuredefinition-fmm",
      "valueInteger": 3
    }
  ],
  "url": "http://hl7.org/fhir/conceptmap-unmapped-mode",
  "identifier": [
    {
      "system": "urn:ietf:rfc:3986",
      "value": "urn:oid:2.16.840.1.113883.4.642.1.481"
    }
  ],
  "version": "4.0.0",
  "name": "ConceptMapGroupUnmappedMode",
  "title": "ConceptMapGroupUnmappedMode",
  "status": "draft",
  "experimental": false,
  "date": "2018-12-27T22:37:54+11:00",
  "publisher": "HL7 (FHIR Project)",
  "contact": [
    {
      "telecom": [
        {
          "system": "url",
          "value": "http://hl7.org/fhir"
        },
        {
          "system": "email",
          "value": "fhir@lists.hl7.org"
        }
      ]
    }
  ],
  "description": "Defines which action to take if there is no match in the group.",
  "caseSensitive": true,
  "valueSet": "http://hl7.org/fhir/ValueSet/conceptmap-unmapped-mode",
  "content": "complete",
  "concept": [
    {
      "code": "provided",
      "display": "Provided Code",
      "definition": "Use the code as provided in the $translate request."
    },
    {
      "code": "fixed",
      "display": "Fixed Code",
      "definition": "Use the code explicitly provided in the group.unmapped."
    },
    {
      "code": "other-map",
      "display": "Other Map",
      "definition": "Use the map identified by the canonical URL in the url element."
    }
  ]
}