{
  "resourceType": "CodeSystem",
  "id": "service-provision-conditions",
  "meta": {
    "lastUpdated": "2017-04-19T07:44:43.294+10:00"
  },
  "text": {
    "status": "generated",
    "div": "<div xmlns=\"http://www.w3.org/1999/xhtml\"><h2>ServiceProvisionConditions</h2><div><p>The code(s) that detail the conditions under which the healthcare service is available/offered.</p>\n</div><p>This code system http://hl7.org/fhir/service-provision-conditions defines the following codes:</p><table class=\"codes\"><tr><td><b>Code</b></td><td><b>Display</b></td><td><b>Definition</b></td></tr><tr><td>free<a name=\"service-provision-conditions-free\"> </a></td><td>Free</td><td>This service is available for no patient cost.</td></tr><tr><td>disc<a name=\"service-provision-conditions-disc\"> </a></td><td>Discounts Available</td><td>There are discounts available on this service for qualifying patients.</td></tr><tr><td>cost<a name=\"service-provision-conditions-cost\"> </a></td><td>Fees apply</td><td>Fees apply for this service.</td></tr></table></div>"
  },
  "extension": [
    {
      "url": "http://hl7.org/fhir/StructureDefinition/structuredefinition-ballot-status",
      "valueString": "Informative"
    },
    {
      "url": "http://hl7.org/fhir/StructureDefinition/structuredefinition-fmm",
      "valueInteger": 1
    },
    {
      "url": "http://hl7.org/fhir/StructureDefinition/structuredefinition-wg",
      "valueCode": "pa"
    }
  ],
  "url": "http://hl7.org/fhir/service-provision-conditions",
  "identifier": {
    "system": "urn:ietf:rfc:3986",
    "value": "urn:oid:2.16.840.1.113883.4.642.1.509"
  },
  "version": "3.0.1",
  "name": "ServiceProvisionConditions",
  "status": "draft",
  "experimental": false,
  "date": "2017-04-19T07:44:43+10:00",
  "publisher": "HL7 (FHIR Project)",
  "contact": [
    {
      "telecom": [
        {
          "system": "url",
          "value": "http://hl7.org/fhir"
        },
        {
          "system": "email",
          "value": "fhir@lists.hl7.org"
        }
      ]
    }
  ],
  "description": "The code(s) that detail the conditions under which the healthcare service is available/offered.",
  "caseSensitive": true,
  "valueSet": "http://hl7.org/fhir/ValueSet/service-provision-conditions",
  "content": "complete",
  "concept": [
    {
      "code": "free",
      "display": "Free",
      "definition": "This service is available for no patient cost."
    },
    {
      "code": "disc",
      "display": "Discounts Available",
      "definition": "There are discounts available on this service for qualifying patients."
    },
    {
      "code": "cost",
      "display": "Fees apply",
      "definition": "Fees apply for this service."
    }
  ]
}