{
  "resourceType": "CodeSystem",
  "id": "supplyrequest-status",
  "meta": {
    "lastUpdated": "2017-04-19T07:44:43.294+10:00"
  },
  "text": {
    "status": "generated",
    "div": "<div xmlns=\"http://www.w3.org/1999/xhtml\"><h2>SupplyRequestStatus</h2><div><p>Status of the supply request</p>\n</div><p>This code system http://hl7.org/fhir/supplyrequest-status defines the following codes:</p><table class=\"codes\"><tr><td><b>Code</b></td><td><b>Display</b></td><td><b>Definition</b></td></tr><tr><td>draft<a name=\"supplyrequest-status-draft\"> </a></td><td>Draft</td><td>The request has been created but is not yet complete or ready for action</td></tr><tr><td>active<a name=\"supplyrequest-status-active\"> </a></td><td>Active</td><td>The request is ready to be acted upon</td></tr><tr><td>suspended<a name=\"supplyrequest-status-suspended\"> </a></td><td>Suspended</td><td>The authorization/request to act has been temporarily withdrawn but is expected to resume in the future</td></tr><tr><td>cancelled<a name=\"supplyrequest-status-cancelled\"> </a></td><td>Cancelled</td><td>The authorization/request to act has been terminated prior to the full completion of the intended actions.  No further activity should occur.</td></tr><tr><td>completed<a name=\"supplyrequest-status-completed\"> </a></td><td>Completed</td><td>Activity against the request has been sufficiently completed to the satisfaction of the requester</td></tr><tr><td>entered-in-error<a name=\"supplyrequest-status-entered-in-error\"> </a></td><td>Entered in Error</td><td>This electronic record should never have existed, though it is possible that real-world decisions were based on it.  (If real-world activity has occurred, the status should be &quot;cancelled&quot; rather than &quot;entered-in-error&quot;.)</td></tr><tr><td>unknown<a name=\"supplyrequest-status-unknown\"> </a></td><td>Unknown</td><td>The authoring system does not know which of the status values currently applies for this request.  Note: This concept is not to be used for &quot;other&quot; - one of the listed statuses is presumed to apply, it's just not known which one.</td></tr></table></div>"
  },
  "extension": [
    {
      "url": "http://hl7.org/fhir/StructureDefinition/structuredefinition-ballot-status",
      "valueString": "Informative"
    },
    {
      "url": "http://hl7.org/fhir/StructureDefinition/structuredefinition-fmm",
      "valueInteger": 1
    },
    {
      "url": "http://hl7.org/fhir/StructureDefinition/structuredefinition-wg",
      "valueCode": "oo"
    }
  ],
  "url": "http://hl7.org/fhir/supplyrequest-status",
  "identifier": {
    "system": "urn:ietf:rfc:3986",
    "value": "urn:oid:2.16.840.1.113883.4.642.1.682"
  },
  "version": "3.0.1",
  "name": "SupplyRequestStatus",
  "status": "draft",
  "experimental": false,
  "date": "2017-04-19T07:44:43+10:00",
  "publisher": "HL7 (FHIR Project)",
  "contact": [
    {
      "telecom": [
        {
          "system": "url",
          "value": "http://hl7.org/fhir"
        },
        {
          "system": "email",
          "value": "fhir@lists.hl7.org"
        }
      ]
    }
  ],
  "description": "Status of the supply request",
  "caseSensitive": true,
  "valueSet": "http://hl7.org/fhir/ValueSet/supplyrequest-status",
  "content": "complete",
  "concept": [
    {
      "code": "draft",
      "display": "Draft",
      "definition": "The request has been created but is not yet complete or ready for action"
    },
    {
      "code": "active",
      "display": "Active",
      "definition": "The request is ready to be acted upon"
    },
    {
      "code": "suspended",
      "display": "Suspended",
      "definition": "The authorization/request to act has been temporarily withdrawn but is expected to resume in the future"
    },
    {
      "code": "cancelled",
      "display": "Cancelled",
      "definition": "The authorization/request to act has been terminated prior to the full completion of the intended actions.  No further activity should occur."
    },
    {
      "code": "completed",
      "display": "Completed",
      "definition": "Activity against the request has been sufficiently completed to the satisfaction of the requester"
    },
    {
      "code": "entered-in-error",
      "display": "Entered in Error",
      "definition": "This electronic record should never have existed, though it is possible that real-world decisions were based on it.  (If real-world activity has occurred, the status should be \"cancelled\" rather than \"entered-in-error\".)"
    },
    {
      "code": "unknown",
      "display": "Unknown",
      "definition": "The authoring system does not know which of the status values currently applies for this request.  Note: This concept is not to be used for \"other\" - one of the listed statuses is presumed to apply, it's just not known which one."
    }
  ]
}