{
  "resourceType": "CodeSystem",
  "id": "task-performer-type",
  "meta": {
    "lastUpdated": "2017-04-19T07:44:43.294+10:00"
  },
  "text": {
    "status": "generated",
    "div": "<div xmlns=\"http://www.w3.org/1999/xhtml\"><h2>TaskPerformerType</h2><div><p>The type(s) of task performers allowed</p>\n</div><p>This code system http://hl7.org/fhir/task-performer-type defines the following codes:</p><table class=\"codes\"><tr><td><b>Lvl</b></td><td><b>Code</b></td><td><b>Display</b></td><td><b>Definition</b></td></tr><tr><td>1</td><td>requester<a name=\"task-performer-type-requester\"> </a></td><td>Requester</td><td>A workflow participant that requests services.</td></tr><tr><td>1</td><td>dispatcher<a name=\"task-performer-type-dispatcher\"> </a></td><td>Dispatcher</td><td>A workflow participant that dispatches services (assigns another task to a participant).</td></tr><tr><td>2</td><td>  scheduler<a name=\"task-performer-type-scheduler\"> </a></td><td>Scheduler</td><td>A workflow participant that schedules (dispatches and sets the time or date for performance of) services.</td></tr><tr><td>1</td><td>performer<a name=\"task-performer-type-performer\"> </a></td><td>Performer</td><td>A workflow participant that performs services.</td></tr><tr><td>1</td><td>monitor<a name=\"task-performer-type-monitor\"> </a></td><td>Monitor</td><td>A workflow participant that monitors task activity.</td></tr><tr><td>1</td><td>manager<a name=\"task-performer-type-manager\"> </a></td><td>Manager</td><td>A workflow participant that manages task activity.</td></tr><tr><td>1</td><td>acquirer<a name=\"task-performer-type-acquirer\"> </a></td><td>Acquirer</td><td>A workflow participant that acquires resources (specimens, images, etc) necessary to perform the task.</td></tr><tr><td>1</td><td>reviewer<a name=\"task-performer-type-reviewer\"> </a></td><td>Reviewer</td><td>A workflow participant that reviews task inputs or outputs.</td></tr></table></div>"
  },
  "extension": [
    {
      "url": "http://hl7.org/fhir/StructureDefinition/structuredefinition-ballot-status",
      "valueString": "Informative"
    },
    {
      "url": "http://hl7.org/fhir/StructureDefinition/structuredefinition-fmm",
      "valueInteger": 2
    },
    {
      "url": "http://hl7.org/fhir/StructureDefinition/structuredefinition-wg",
      "valueCode": "oo"
    }
  ],
  "url": "http://hl7.org/fhir/task-performer-type",
  "identifier": {
    "system": "urn:ietf:rfc:3986",
    "value": "urn:oid:2.16.840.1.113883.4.642.1.772"
  },
  "version": "3.0.1",
  "name": "TaskPerformerType",
  "status": "draft",
  "experimental": false,
  "date": "2017-04-19T07:44:43+10:00",
  "publisher": "HL7 (FHIR Project)",
  "contact": [
    {
      "telecom": [
        {
          "system": "url",
          "value": "http://hl7.org/fhir"
        },
        {
          "system": "email",
          "value": "fhir@lists.hl7.org"
        }
      ]
    }
  ],
  "description": "The type(s) of task performers allowed",
  "caseSensitive": true,
  "valueSet": "http://hl7.org/fhir/ValueSet/task-performer-type",
  "content": "complete",
  "concept": [
    {
      "code": "requester",
      "display": "Requester",
      "definition": "A workflow participant that requests services."
    },
    {
      "code": "dispatcher",
      "display": "Dispatcher",
      "definition": "A workflow participant that dispatches services (assigns another task to a participant).",
      "concept": [
        {
          "code": "scheduler",
          "display": "Scheduler",
          "definition": "A workflow participant that schedules (dispatches and sets the time or date for performance of) services."
        }
      ]
    },
    {
      "code": "performer",
      "display": "Performer",
      "definition": "A workflow participant that performs services."
    },
    {
      "code": "monitor",
      "display": "Monitor",
      "definition": "A workflow participant that monitors task activity."
    },
    {
      "code": "manager",
      "display": "Manager",
      "definition": "A workflow participant that manages task activity."
    },
    {
      "code": "acquirer",
      "display": "Acquirer",
      "definition": "A workflow participant that acquires resources (specimens, images, etc) necessary to perform the task."
    },
    {
      "code": "reviewer",
      "display": "Reviewer",
      "definition": "A workflow participant that reviews task inputs or outputs."
    }
  ]
}