{
  "resourceType": "CodeSystem",
  "id": "service-modifiers",
  "meta": {
    "lastUpdated": "2017-04-19T07:44:43.294+10:00",
    "profile": [
      "http://hl7.org/fhir/StructureDefinition/shareablecodesystem"
    ]
  },
  "text": {
    "status": "generated",
    "div": "<div xmlns=\"http://www.w3.org/1999/xhtml\"><h2>Example Service Modifier Codes</h2><div><p>This value set includes sample Service Modifier codes which may support differential payment.</p>\n</div><p><b>Copyright Statement:</b> This is an example set.</p><p>This code system http://hl7.org/fhir/ex-servicemodifier defines the following codes:</p><table class=\"codes\"><tr><td><b>Code</b></td><td><b>Display</b></td><td><b>Definition</b></td></tr><tr><td>sr<a name=\"service-modifiers-sr\"> </a></td><td>Side of the Road</td><td>Services provided on the side of the raod or such other non-conventional setting.</td></tr><tr><td>ah<a name=\"service-modifiers-ah\"> </a></td><td>After hours</td><td>Services provided outside or normal business hours.</td></tr></table></div>"
  },
  "extension": [
    {
      "url": "http://hl7.org/fhir/StructureDefinition/structuredefinition-ballot-status",
      "valueString": "Informative"
    },
    {
      "url": "http://hl7.org/fhir/StructureDefinition/structuredefinition-fmm",
      "valueInteger": 0
    }
  ],
  "url": "http://hl7.org/fhir/ex-servicemodifier",
  "identifier": {
    "system": "urn:ietf:rfc:3986",
    "value": "urn:oid:2.16.840.1.113883.4.642.1.565"
  },
  "version": "3.0.1",
  "name": "Example Service Modifier Codes",
  "status": "draft",
  "experimental": true,
  "publisher": "Financial Management",
  "contact": [
    {
      "telecom": [
        {
          "system": "url",
          "value": "http://hl7.org/fhir"
        }
      ]
    }
  ],
  "description": "This value set includes sample Service Modifier codes which may support differential payment.",
  "copyright": "This is an example set.",
  "caseSensitive": true,
  "valueSet": "http://hl7.org/fhir/ValueSet/service-modifiers",
  "content": "complete",
  "concept": [
    {
      "code": "sr",
      "display": "Side of the Road",
      "definition": "Services provided on the side of the raod or such other non-conventional setting."
    },
    {
      "code": "ah",
      "display": "After hours",
      "definition": "Services provided outside or normal business hours."
    }
  ]
}