{
  "resourceType": "CodeSystem",
  "id": "vaccination-protocol-dose-status",
  "meta": {
    "lastUpdated": "2017-04-19T07:44:43.294+10:00",
    "profile": [
      "http://hl7.org/fhir/StructureDefinition/shareablecodesystem"
    ]
  },
  "text": {
    "status": "generated",
    "div": "<div xmlns=\"http://www.w3.org/1999/xhtml\"><h2>Vaccination Protocol Dose Status codes</h2><div><p>The value set to instantiate this attribute should be drawn from a terminologically robust code system that consists of or contains concepts to support describing the validity of a dose relative to a particular recommended schedule. This value set is provided as a suggestive example.</p>\n</div><p>This code system http://hl7.org/fhir/vaccination-protocol-dose-status defines the following codes:</p><table class=\"codes\"><tr><td><b>Code</b></td><td><b>Display</b></td><td><b>Definition</b></td></tr><tr><td>count<a name=\"vaccination-protocol-dose-status-count\"> </a></td><td>Counts</td><td>The dose counts toward fulfilling a path to immunity for a patient, providing protection against the target disease.</td></tr><tr><td>nocount<a name=\"vaccination-protocol-dose-status-nocount\"> </a></td><td>Does not Count</td><td>The dose does not count toward fulfilling a path to immunity for a patient.</td></tr></table></div>"
  },
  "extension": [
    {
      "url": "http://hl7.org/fhir/StructureDefinition/structuredefinition-ballot-status",
      "valueString": "Informative"
    },
    {
      "url": "http://hl7.org/fhir/StructureDefinition/structuredefinition-fmm",
      "valueInteger": 1
    },
    {
      "url": "http://hl7.org/fhir/StructureDefinition/structuredefinition-wg",
      "valueCode": "pher"
    }
  ],
  "url": "http://hl7.org/fhir/vaccination-protocol-dose-status",
  "identifier": {
    "system": "urn:ietf:rfc:3986",
    "value": "urn:oid:2.16.840.1.113883.4.642.1.289"
  },
  "version": "3.0.1",
  "name": "Vaccination Protocol Dose Status codes",
  "status": "draft",
  "experimental": true,
  "publisher": "FHIR Project team",
  "contact": [
    {
      "telecom": [
        {
          "system": "url",
          "value": "http://hl7.org/fhir"
        }
      ]
    }
  ],
  "description": "The value set to instantiate this attribute should be drawn from a terminologically robust code system that consists of or contains concepts to support describing the validity of a dose relative to a particular recommended schedule. This value set is provided as a suggestive example.",
  "caseSensitive": true,
  "valueSet": "http://hl7.org/fhir/ValueSet/vaccination-protocol-dose-status",
  "content": "complete",
  "concept": [
    {
      "code": "count",
      "display": "Counts",
      "definition": "The dose counts toward fulfilling a path to immunity for a patient, providing protection against the target disease."
    },
    {
      "code": "nocount",
      "display": "Does not Count",
      "definition": "The dose does not count toward fulfilling a path to immunity for a patient."
    }
  ]
}