{
  "resourceType": "SearchParameter",
  "id": "condition-extensions-Condition-part-of",
  "url": "http://hl7.org/fhir/SearchParameter/condition-extensions-Condition-part-of",
  "name": "part-of",
  "status": "draft",
  "experimental": true,
  "code": "part-of",
  "base": [
    "Condition"
  ],
  "type": "reference",
  "description": "Matches on the partOf extension value",
  "xpath": "f:Condition/f:extension[@url='http://hl7.org/fhir/StructureDefinition/condition-partOf'] | f:Condition/f:extension[@url='http://hl7.org/fhir/StructureDefinition/condition-partOf']",
  "xpathUsage": "normal"
}