{
  "resourceType": "Consent",
  "id": "consent-example-notThis",
  "text": {
    "status": "generated",
    "div": "<div xmlns=\"http://www.w3.org/1999/xhtml\">The following scenario is based on existing jurisdictional policy and are realized in existing systems in Canada. \n\tThe default policy is one of implied consent for the provision of care, so these scenarios all deal with withdrawal or withholding consent for that purpose. \n\tIn other jurisdictions, where an express consent model is used (Opt-In), these would examples would contain the phrase &quot;consent to&quot; rather \n\tthan &quot;withhold&quot; or &quot;withdraw&quot; consent for.\n    <p>\n\tspecific to use-case 2. Withhold or withdraw consent for disclosure of a specific record (e.g. Lab Order/Result) \n\t</p><p>\n    Patient &quot;P. van de Heuvel&quot; Primary Care Provider, Dr. Philip Primary, has ordered a set of lab test which Adam \n   wishes to keep as private as possible.  At the sample collection facility, he indicates that he would \n   like withhold consent to disclose the order and all results associated with that specific order from \n   all other providers  \n   </p>\n   </div>"
  },
  "status": "active",
  "patient": {
    "reference": "Patient/f001",
    "display": "P. van de Heuvel"
  },
  "dateTime": "2015-11-18",
  "organization": [
    {
      "reference": "Organization/Infoway",
      "display": "Canada Infoway"
    }
  ],
  "sourceAttachment": {
    "title": "The terms of the consent in lawyer speak."
  },
  "policyRule": "http://hl7.org/fhir/ConsentPolicy/opt-in",
  "except": [
    {
      "type": "deny",
      "data": [
        {
          "meaning": "related",
          "reference": {
            "reference": "Task/f201"
          }
        }
      ]
    }
  ]
}