{
  "resourceType": "Endpoint",
  "id": "example-iid",
  "text": {
    "status": "generated",
    "div": "<div xmlns=\"http://www.w3.org/1999/xhtml\">\n\t\t\tExample of an Imaging IID type endpoint\n\t\t</div>"
  },
  "status": "active",
  "connectionType": {
    "system": "http://hl7.org/fhir/endpoint-connection-type",
    "code": "ihe-iid"
  },
  "name": "PACS Hospital Invoke Image Display endpoint",
  "payloadType": [
    {
      "text": "DICOM IID"
    }
  ],
  "address": "https://pacs.hospital.org/IHEInvokeImageDisplay"
}