{
  "resourceType": "Medication",
  "id": "med0306",
  "text": {
    "status": "generated",
    "div": "<div xmlns=\"http://www.w3.org/1999/xhtml\"><p><b>Generated Narrative with Details</b></p><p><b>id</b>: med0306</p><p><b>contained</b>: </p><p><b>code</b>: Adcetris <span>(Details : {http://hl7.org/fhir/sid/ndc code '51144-050-01' = '51144-050-01', given as 'Adcetris'})</span></p><p><b>isBrand</b>: true</p><p><b>manufacturer</b>: id: org3; name: Seattle Genetics Inc</p><p><b>form</b>: Lyophilized powder for injectable solution (qualifier value)  <span>(Details : {SNOMED CT code '421637006' = 'Lyophilised powder for injectable solution', given as 'Lyophilized powder for injectable solution (qualifier value) '})</span></p><blockquote><p><b>package</b></p><h3>Batches</h3><table><tr><td>-</td><td><b>LotNumber</b></td><td><b>ExpirationDate</b></td></tr><tr><td>*</td><td>12345</td><td>31/10/2019</td></tr></table></blockquote></div>"
  },
  "contained": [
    {
      "resourceType": "Organization",
      "id": "org3",
      "name": "Seattle Genetics Inc"
    }
  ],
  "code": {
    "coding": [
      {
        "system": "http://hl7.org/fhir/sid/ndc",
        "code": "51144-050-01",
        "display": "Adcetris"
      }
    ]
  },
  "isBrand": true,
  "manufacturer": {
    "reference": "#org3"
  },
  "form": {
    "coding": [
      {
        "system": "http://snomed.info/sct",
        "code": "421637006",
        "display": "Lyophilized powder for injectable solution (qualifier value) "
      }
    ]
  },
  "package": {
    "batch": [
      {
        "lotNumber": "12345",
        "expirationDate": "2019-10-31"
      }
    ]
  }
}