{
  "resourceType": "MedicationDispense",
  "id": "meddisp0321",
  "text": {
    "status": "generated",
    "div": "<div xmlns=\"http://www.w3.org/1999/xhtml\"><p><b>Generated Narrative with Details</b></p><p><b>id</b>: meddisp0321</p><p><b>status</b>: in-progress</p><p><b>medication</b>: Vicodin 5mg Hydrocodone, 500mg Acetaminophen tablet  <span>(Details : {http://hl7.org/fhir/sid/ndc code '49999-051-30' = '49999-051-30', given as 'Vicodin 5mg Hydrocodone, 500mg Acetaminophen tablet '})</span></p><p><b>subject</b>: <a>Donald Duck</a></p><h3>Performers</h3><table><tr><td>-</td><td><b>Actor</b></td><td><b>OnBehalfOf</b></td></tr><tr><td>*</td><td><a>Practitioner/f006</a></td><td><a>Organization/2.16.840.1.113883.19.5</a></td></tr></table><p><b>authorizingPrescription</b>: <a>MedicationRequest/medrx0321</a></p><p><b>type</b>: Refill - Part Fill <span>(Details : {http://hl7.org/fhir/v3/ActCode code 'RFP' = 'Refill - Part Fill', given as 'Refill - Part Fill'})</span></p><p><b>quantity</b>: 30 TAB<span> (Details: UCUM code TAB = 'TAB')</span></p><p><b>daysSupply</b>: 10 Day<span> (Details: UCUM code d = 'd')</span></p><p><b>whenPrepared</b>: 15/01/2015 10:20:00 AM</p><p><b>dosageInstruction</b>: </p></div>"
  },
  "status": "in-progress",
  "medicationCodeableConcept": {
    "coding": [
      {
        "system": "http://hl7.org/fhir/sid/ndc",
        "code": "49999-051-30",
        "display": "Vicodin 5mg Hydrocodone, 500mg Acetaminophen tablet "
      }
    ]
  },
  "subject": {
    "reference": "Patient/pat1",
    "display": "Donald Duck"
  },
  "performer": [
    {
      "actor": {
        "reference": "Practitioner/f006"
      },
      "onBehalfOf": {
        "reference": "Organization/2.16.840.1.113883.19.5"
      }
    }
  ],
  "authorizingPrescription": [
    {
      "reference": "MedicationRequest/medrx0321"
    }
  ],
  "type": {
    "coding": [
      {
        "system": "http://hl7.org/fhir/v3/ActCode",
        "code": "RFP",
        "display": "Refill - Part Fill"
      }
    ]
  },
  "quantity": {
    "value": 30,
    "system": "http://unitsofmeasure.org",
    "code": "TAB"
  },
  "daysSupply": {
    "value": 10,
    "unit": "Day",
    "system": "http://unitsofmeasure.org",
    "code": "d"
  },
  "whenPrepared": "2015-01-15T10:20:00Z",
  "dosageInstruction": [
    {
      "sequence": 1,
      "text": "1 tablet every four hours as needed for pain",
      "additionalInstruction": [
        {
          "coding": [
            {
              "system": "http://snomed.info/sct",
              "code": "418914006",
              "display": "Warning. May cause drowsiness. If affected do not drive or operate machinery. Avoid alcoholic drink (qualifier value)"
            }
          ]
        }
      ],
      "timing": {
        "repeat": {
          "frequency": 1,
          "period": 4,
          "periodUnit": "h"
        }
      },
      "asNeededCodeableConcept": {
        "coding": [
          {
            "system": "http://snomed.info/sct",
            "code": "203082005",
            "display": "Fibromyalgia (disorder)"
          }
        ]
      },
      "route": {
        "coding": [
          {
            "system": "http://snomed.info/sct",
            "code": "26643006",
            "display": "Oral Route"
          }
        ]
      },
      "doseQuantity": {
        "value": 1,
        "unit": "TAB",
        "system": "http://hl7.org/fhir/v3/orderableDrugForm",
        "code": "TAB"
      }
    }
  ]
}