{
  "resourceType": "MedicationRequest",
  "id": "medrx0307",
  "text": {
    "status": "generated",
    "div": "<div xmlns=\"http://www.w3.org/1999/xhtml\"><p><b>Generated Narrative with Details</b></p><p><b>id</b>: medrx0307</p><p><b>contained</b>: </p><p><b>identifier</b>: 12345689 (OFFICIAL)</p><p><b>status</b>: completed</p><p><b>intent</b>: order</p><p><b>medication</b>: id: med0308; Percocet tablet <span>(Details : {http://hl7.org/fhir/sid/ndc code '16590-619-30' = '16590-619-30', given as 'Percocet tablet'})</span></p><p><b>subject</b>: <a>Donald Duck</a></p><p><b>context</b>: <a>encounter who leads to this prescription</a></p><p><b>authoredOn</b>: 15/01/2015</p><h3>Requesters</h3><table><tr><td>-</td><td><b>Agent</b></td><td><b>OnBehalfOf</b></td></tr><tr><td>*</td><td><a>Patrick Pump</a></td><td><a>Organization/f002</a></td></tr></table><p><b>dosageInstruction</b>: </p><h3>DispenseRequests</h3><table><tr><td>-</td><td><b>ValidityPeriod</b></td><td><b>Quantity</b></td><td><b>ExpectedSupplyDuration</b></td></tr><tr><td>*</td><td>15/01/2015 --&gt; 15/01/2016</td><td>30 TAB<span> (Details: http://hl7.org/fhir/v3/orderableDrugForm code TAB = 'Tablet')</span></td><td>10 days<span> (Details: UCUM code d = 'd')</span></td></tr></table><h3>Substitutions</h3><table><tr><td>-</td><td><b>Allowed</b></td><td><b>Reason</b></td></tr><tr><td>*</td><td>true</td><td>formulary policy <span>(Details : {http://hl7.org/fhir/v3/ActReason code 'FP' = 'formulary policy', given as 'formulary policy'})</span></td></tr></table></div>"
  },
  "contained": [
    {
      "resourceType": "Medication",
      "id": "med0308",
      "code": {
        "coding": [
          {
            "system": "http://hl7.org/fhir/sid/ndc",
            "code": "16590-619-30",
            "display": "Percocet tablet"
          }
        ]
      }
    }
  ],
  "identifier": [
    {
      "use": "official",
      "system": "http://www.bmc.nl/portal/prescriptions",
      "value": "12345689"
    }
  ],
  "status": "completed",
  "intent": "order",
  "medicationReference": {
    "reference": "#med0308"
  },
  "subject": {
    "reference": "Patient/pat1",
    "display": "Donald Duck"
  },
  "context": {
    "reference": "Encounter/f001",
    "display": "encounter who leads to this prescription"
  },
  "authoredOn": "2015-01-15",
  "requester": {
    "agent": {
      "reference": "Practitioner/f007",
      "display": "Patrick Pump"
    },
    "onBehalfOf": {
      "reference": "Organization/f002"
    }
  },
  "dosageInstruction": [
    {
      "sequence": 1,
      "text": "1 tablet every four hours as needed for pain",
      "additionalInstruction": [
        {
          "coding": [
            {
              "system": "http://snomed.info/sct",
              "code": "418914006",
              "display": "Warning. May cause drowsiness. If affected do not drive or operate machinery. Avoid alcoholic drink (qualifier value)"
            }
          ]
        }
      ],
      "timing": {
        "repeat": {
          "frequency": 1,
          "period": 4,
          "periodUnit": "h"
        }
      },
      "asNeededCodeableConcept": {
        "coding": [
          {
            "system": "http://snomed.info/sct",
            "code": "203082005",
            "display": "Fibromyalgia (disorder)"
          }
        ]
      },
      "route": {
        "coding": [
          {
            "system": "http://snomed.info/sct",
            "code": "26643006",
            "display": "Oral Route"
          }
        ]
      },
      "doseQuantity": {
        "value": 1,
        "unit": "TAB",
        "system": "http://hl7.org/fhir/v3/orderableDrugForm",
        "code": "TAB"
      }
    }
  ],
  "dispenseRequest": {
    "validityPeriod": {
      "start": "2015-01-15",
      "end": "2016-01-15"
    },
    "quantity": {
      "value": 30,
      "unit": "TAB",
      "system": "http://hl7.org/fhir/v3/orderableDrugForm",
      "code": "TAB"
    },
    "expectedSupplyDuration": {
      "value": 10,
      "unit": "days",
      "system": "http://unitsofmeasure.org",
      "code": "d"
    }
  },
  "substitution": {
    "allowed": true,
    "reason": {
      "coding": [
        {
          "system": "http://hl7.org/fhir/v3/ActReason",
          "code": "FP",
          "display": "formulary policy"
        }
      ]
    }
  }
}