{
  "resourceType": "MedicationRequest",
  "id": "medrx0326",
  "text": {
    "status": "generated",
    "div": "<div xmlns=\"http://www.w3.org/1999/xhtml\"><p><b>Generated Narrative with Details</b></p><p><b>id</b>: medrx0326</p><p><b>identifier</b>: 12345689 (OFFICIAL)</p><p><b>status</b>: on-hold</p><p><b>intent</b>: order</p><p><b>medication</b>: Proventil HFA 90mcg/actuat metered dose inhaler, 200 actuat <span>(Details : {RxNorm code '746763' = '746763', given as 'Proventil HFA 90mcg/actuat metered dose inhaler, 200 actuat'})</span></p><p><b>subject</b>: <a>Donald Duck</a></p><p><b>authoredOn</b>: 15/01/2015</p><h3>Requesters</h3><table><tr><td>-</td><td><b>Agent</b></td><td><b>OnBehalfOf</b></td></tr><tr><td>*</td><td><a>Patrick Pump</a></td><td><a>Organization/f002</a></td></tr></table><p><b>dosageInstruction</b>: </p><h3>DispenseRequests</h3><table><tr><td>-</td><td><b>ValidityPeriod</b></td><td><b>NumberOfRepeatsAllowed</b></td><td><b>Quantity</b></td><td><b>ExpectedSupplyDuration</b></td></tr><tr><td>*</td><td>15/01/2015 --&gt; 15/01/2016</td><td>3</td><td>30 mL<span> (Details: UCUM code mL = 'mL')</span></td><td>30 days<span> (Details: UCUM code d = 'd')</span></td></tr></table><h3>Substitutions</h3><table><tr><td>-</td><td><b>Allowed</b></td><td><b>Reason</b></td></tr><tr><td>*</td><td>true</td><td>formulary policy <span>(Details : {http://hl7.org/fhir/v3/ActReason code 'FP' = 'formulary policy', given as 'formulary policy'})</span></td></tr></table></div>"
  },
  "identifier": [
    {
      "use": "official",
      "system": "http://www.bmc.nl/portal/prescriptions",
      "value": "12345689"
    }
  ],
  "status": "on-hold",
  "intent": "order",
  "medicationCodeableConcept": {
    "coding": [
      {
        "system": "http://www.nlm.nih.gov/research/umls/rxnorm",
        "code": "746763",
        "display": "Proventil HFA 90mcg/actuat metered dose inhaler, 200 actuat"
      }
    ]
  },
  "subject": {
    "reference": "Patient/pat1",
    "display": "Donald Duck"
  },
  "authoredOn": "2015-01-15",
  "requester": {
    "agent": {
      "reference": "Practitioner/f007",
      "display": "Patrick Pump"
    },
    "onBehalfOf": {
      "reference": "Organization/f002"
    }
  },
  "dosageInstruction": [
    {
      "sequence": 1,
      "text": "Use two sprays twice daily",
      "additionalInstruction": [
        {
          "text": "Shake Well"
        }
      ],
      "timing": {
        "repeat": {
          "frequency": 2,
          "period": 1,
          "periodUnit": "d"
        }
      },
      "doseQuantity": {
        "value": 1,
        "unit": "ea",
        "system": "http://unitsofmeasure.org",
        "code": "ea"
      }
    }
  ],
  "dispenseRequest": {
    "validityPeriod": {
      "start": "2015-01-15",
      "end": "2016-01-15"
    },
    "numberOfRepeatsAllowed": 3,
    "quantity": {
      "value": 30,
      "unit": "mL",
      "system": "http://unitsofmeasure.org",
      "code": "mL"
    },
    "expectedSupplyDuration": {
      "value": 30,
      "unit": "days",
      "system": "http://unitsofmeasure.org",
      "code": "d"
    }
  },
  "substitution": {
    "allowed": true,
    "reason": {
      "coding": [
        {
          "system": "http://hl7.org/fhir/v3/ActReason",
          "code": "FP",
          "display": "formulary policy"
        }
      ]
    }
  }
}