{
  "resourceType": "Observation",
  "id": "body-height",
  "meta": {
    "profile": [
      "http://hl7.org/fhir/StructureDefinition/vitalsigns"
    ]
  },
  "text": {
    "status": "generated",
    "div": "<div xmlns=\"http://www.w3.org/1999/xhtml\"><p><b>Generated Narrative with Details</b></p><p><b>id</b>: body-height</p><p><b>meta</b>: </p><p><b>status</b>: final</p><p><b>category</b>: Vital Signs <span>(Details : {http://hl7.org/fhir/observation-category code 'vital-signs' = 'Vital Signs', given as 'Vital Signs'})</span></p><p><b>code</b>: Body height <span>(Details : {LOINC code '8302-2' = 'Body height', given as 'Body height'})</span></p><p><b>subject</b>: <a>Patient/example</a></p><p><b>effective</b>: 02/07/1999</p><p><b>value</b>: 66.899999999999991 in<span> (Details: UCUM code [in_i] = 'in_i')</span></p></div>"
  },
  "status": "final",
  "category": [
    {
      "coding": [
        {
          "system": "http://hl7.org/fhir/observation-category",
          "code": "vital-signs",
          "display": "Vital Signs"
        }
      ],
      "text": "Vital Signs"
    }
  ],
  "code": {
    "coding": [
      {
        "system": "http://loinc.org",
        "code": "8302-2",
        "display": "Body height"
      }
    ],
    "text": "Body height"
  },
  "subject": {
    "reference": "Patient/example"
  },
  "effectiveDateTime": "1999-07-02",
  "valueQuantity": {
    "value": 66.899999999999991,
    "unit": "in",
    "system": "http://unitsofmeasure.org",
    "code": "[in_i]"
  }
}