{
  "resourceType": "Observation",
  "id": "respiratory-rate",
  "meta": {
    "profile": [
      "http://hl7.org/fhir/StructureDefinition/vitalsigns"
    ]
  },
  "text": {
    "status": "generated",
    "div": "<div xmlns=\"http://www.w3.org/1999/xhtml\"><p><b>Generated Narrative with Details</b></p><p><b>id</b>: respiratory-rate</p><p><b>meta</b>: </p><p><b>status</b>: final</p><p><b>category</b>: Vital Signs <span>(Details : {http://hl7.org/fhir/observation-category code 'vital-signs' = 'Vital Signs', given as 'Vital Signs'})</span></p><p><b>code</b>: Respiratory rate <span>(Details : {LOINC code '9279-1' = 'Respiratory rate', given as 'Respiratory rate'})</span></p><p><b>subject</b>: <a>Patient/example</a></p><p><b>effective</b>: 02/07/1999</p><p><b>value</b>: 26 breaths/minute<span> (Details: UCUM code /min = '/min')</span></p></div>"
  },
  "status": "final",
  "category": [
    {
      "coding": [
        {
          "system": "http://hl7.org/fhir/observation-category",
          "code": "vital-signs",
          "display": "Vital Signs"
        }
      ],
      "text": "Vital Signs"
    }
  ],
  "code": {
    "coding": [
      {
        "system": "http://loinc.org",
        "code": "9279-1",
        "display": "Respiratory rate"
      }
    ],
    "text": "Respiratory rate"
  },
  "subject": {
    "reference": "Patient/example"
  },
  "effectiveDateTime": "1999-07-02",
  "valueQuantity": {
    "value": 26,
    "unit": "breaths/minute",
    "system": "http://unitsofmeasure.org",
    "code": "/min"
  }
}