{
  "resourceType": "OperationDefinition",
  "id": "Questionnaire-populate",
  "text": {
    "status": "generated",
    "div": "<div xmlns=\"http://www.w3.org/1999/xhtml\"><h2>Populate Questionnaire</h2><p>OPERATION: Populate Questionnaire</p><p>The official URL for this operation definition is: </p><pre>http://hl7.org/fhir/OperationDefinition/Questionnaire-populate</pre><div><p>Generates a <a href=\"questionnaireresponse.html\">QuestionnaireResponse</a> instance  based on a specified <a href=\"questionnaire.html\">Questionnaire</a>, filling in answers to questions where possible based on information provided as part of the operation or already known by the server about the subject of the <a href=\"questionnaire.html\">Questionnaire</a>.</p>\n<p>If the operation is not called at the instance level, one and only one of the identifier, questionnaire or questionnaireRef 'in' parameters must be provided. If called at the instance level, these parameters will be ignored.</p>\n<p>The response will contain a <a href=\"questionnaireresponse.html\">QuestionnaireResponse</a> instance based on the specified <a href=\"questionnaire.html\">Questionnaire</a> and/or an <a href=\"operationoutcome.html\">OperationOutcome</a> resource with errors or warnings.</p>\n<p>The <a href=\"questionnaireresponse.html\">QuestionnaireResponse</a> instance will be populated with an unanswered set of questions following the group and question structure of the specified <a href=\"questionnaire.html\">Questionnaire</a>.  If  <em>content</em> parameters were specified or the <em>local</em> parameter was set to true, some of the questions may have answers filled in as well.  In the case of repeating questions or groups, typically only one repetition will be provided unless answer values exist that would support populating multiple repetitions.</p>\n<p>Population of the <a href=\"questionnaireresponse.html\">QuestionnaireResponse</a> with appropriate data is dependent on the questions and/or groups in the <a href=\"questionnaire.html\">Questionnaire</a> having metadata that allows the server to recognize the questions, e.g. through Questionnaire.item.definition or through use of the <a href=\"conceptmap.html\">ConceptMap</a> resource.</p>\n<p>Regardless of the mechanism used to link the questions in a questionnaire to a &quot;known&quot; mappable concept, solutions using this operation should ensure that the details of the question and associated linkage element are sufficiently similar as to safely allow auto-population; i.e. the question text and context must be sufficiently the same, the value set for the question must fall within the value set for the mapped element, the data types must be the same or convertible, etc.</p>\n</div><p>URL: [base]/Questionnaire/$populate</p><p>URL: [base]/Questionnaire/[id]/$populate</p><p>Parameters</p><table class=\"grid\"><tr><td><b>Use</b></td><td><b>Name</b></td><td><b>Cardinality</b></td><td><b>Type</b></td><td><b>Binding</b></td><td><b>Documentation</b></td></tr><tr><td>IN</td><td>identifier</td><td>0..1</td><td>uri</td><td/><td><div><p>A logical questionnaire identifier (i.e. ''Questionnaire.identifier''). The server must know the questionnaire or be able to retrieve it from other known repositories.</p>\n</div></td></tr><tr><td>IN</td><td>questionnaire</td><td>0..1</td><td>Questionnaire</td><td/><td><div><p>The <a href=\"questionnaire.html\">Questionnaire</a> is provided directly as part of the request. Servers may choose not to accept questionnaires in this fashion</p>\n</div></td></tr><tr><td>IN</td><td>questionnaireRef</td><td>0..1</td><td>Reference</td><td/><td><div><p>The <a href=\"questionnaire.html\">Questionnaire</a> is provided as a resource reference. Servers may choose not to accept questionnaires in this fashion or may fail if they cannot resolve or access the referenced questionnaire.</p>\n</div></td></tr><tr><td>IN</td><td>subject</td><td>1..1</td><td>Reference</td><td/><td><div><p>The resource that is to be the <em>QuestionnaireResponse.subject</em>. The <a href=\"questionnaireresponse.html\">QuestionnaireResponse</a> instance will reference the provided subject.  In addition, if the <em>local</em> parameter is set to true, server information about the specified subject will be used to populate the instance.</p>\n</div></td></tr><tr><td>IN</td><td>content</td><td>0..*</td><td>Reference</td><td/><td><div><p>Resources containing information to be used to help populate the <a href=\"questionnaireresponse.html\">QuestionnaireResponse</a>.  These may be FHIR resources or may be binaries containing FHIR documents, CDA documents or other source materials.  Servers may not support all possible source materials and may ignore materials they do not recognize.  (They MAY provide warnings if ignoring submitted resources.)</p>\n</div></td></tr><tr><td>IN</td><td>local</td><td>0..1</td><td>boolean</td><td/><td><div><p>If specified and set to 'true' (and the server is capable), the server should use what resources and other knowledge it has about the referenced subject when pre-populating answers to questions.</p>\n</div></td></tr><tr><td>OUT</td><td>questionnaire</td><td>1..1</td><td>QuestionnaireResponse</td><td/><td><div><p>The partially (or fully)-populated set of answers for the specified Questionnaire</p>\n</div></td></tr><tr><td>OUT</td><td>issues</td><td>0..1</td><td>OperationOutcome</td><td/><td><div><p>A list of hints and warnings about problems encountered while populating the questionnaire. These might be show to the user as an advisory note. Note: if the questionnaire cannot be populated at all, then the operation should fail, and an OperationOutcome is returned directly with the failure, rather than using this parameter</p>\n</div></td></tr></table><div><p>While it is theoretically possible for a <a href=\"questionnaireresponse.html\">QuestionnaireResponse</a> instance to be completely auto-populated and submitted without human review, the intention of this transaction is merely to reduce redundant data entry.  A client <strong>SHOULD</strong> ensure that a human submitter has an opportunity to review the auto-populated answers to confirm correctness as well as to complete or expand on information provided by the auto-population process.</p>\n<p>When creating an &quot;empty&quot; questionnaire, the general algorithm is to create a QuestionnaireResponse with one item for every item in the source Questionnaire, including items with &quot;enableWhen&quot;, &quot;display&quot; items, etc.  If a question has a default, the default answer should be populated.  And the QuestionnaireResponse should point back to the originating Questionnaire.  Repeating items will typically only include a single repetition.  Other extensions and/or elements may also be populated if the system is aware of appropriate values.</p>\n<p>Complex form designs with conditional logic or tight constraints on cardinalities may be challenging to auto-populate.  A server MAY choose to traverse the questionnaire as if it were a human respondent, answering only those questions that are enabled based on previously answered questions.  However, doing so may result in minimal population.  Alternatively, systems may choose to populate all known answers, independent of dependencies and other constraints.  This may cause questions to be answered that should not be answered.  It will be up to the client to appropriately prune the final populated questionnaire once human review has taken place.</p>\n<p>Invoking this operation with the ''content'' parameter may involve the disclosure of personally identifiable healthcare information to the system which is performing the population process.  No such disclosures should be made unless the system on which the operation is being invoked is a &quot;trusted&quot; system and appropriate agreements are in place to protect the confidentiality of any information shared with that system.</p>\n</div></div>"
  },
  "url": "http://hl7.org/fhir/OperationDefinition/Questionnaire-populate",
  "name": "Populate Questionnaire",
  "status": "draft",
  "kind": "operation",
  "date": "2017-04-19T07:44:43+10:00",
  "publisher": "HL7 (FHIR Project)",
  "contact": [
    {
      "telecom": [
        {
          "system": "url",
          "value": "http://hl7.org/fhir"
        },
        {
          "system": "email",
          "value": "fhir@lists.hl7.org"
        }
      ]
    }
  ],
  "description": "Generates a [QuestionnaireResponse](questionnaireresponse.html) instance  based on a specified [Questionnaire](questionnaire.html), filling in answers to questions where possible based on information provided as part of the operation or already known by the server about the subject of the [Questionnaire](questionnaire.html).\n\nIf the operation is not called at the instance level, one and only one of the identifier, questionnaire or questionnaireRef 'in' parameters must be provided. If called at the instance level, these parameters will be ignored.\n\nThe response will contain a [QuestionnaireResponse](questionnaireresponse.html) instance based on the specified [Questionnaire](questionnaire.html) and/or an [OperationOutcome](operationoutcome.html) resource with errors or warnings.\n\nThe [QuestionnaireResponse](questionnaireresponse.html) instance will be populated with an unanswered set of questions following the group and question structure of the specified [Questionnaire](questionnaire.html).  If  *content* parameters were specified or the *local* parameter was set to true, some of the questions may have answers filled in as well.  In the case of repeating questions or groups, typically only one repetition will be provided unless answer values exist that would support populating multiple repetitions.\n\nPopulation of the [QuestionnaireResponse](questionnaireresponse.html) with appropriate data is dependent on the questions and/or groups in the [Questionnaire](questionnaire.html) having metadata that allows the server to recognize the questions, e.g. through Questionnaire.item.definition or through use of the [ConceptMap](conceptmap.html) resource.\n\nRegardless of the mechanism used to link the questions in a questionnaire to a \"known\" mappable concept, solutions using this operation should ensure that the details of the question and associated linkage element are sufficiently similar as to safely allow auto-population; i.e. the question text and context must be sufficiently the same, the value set for the question must fall within the value set for the mapped element, the data types must be the same or convertible, etc.",
  "code": "populate",
  "comment": "While it is theoretically possible for a [QuestionnaireResponse](questionnaireresponse.html) instance to be completely auto-populated and submitted without human review, the intention of this transaction is merely to reduce redundant data entry.  A client **SHOULD** ensure that a human submitter has an opportunity to review the auto-populated answers to confirm correctness as well as to complete or expand on information provided by the auto-population process.\n\nWhen creating an \"empty\" questionnaire, the general algorithm is to create a QuestionnaireResponse with one item for every item in the source Questionnaire, including items with \"enableWhen\", \"display\" items, etc.  If a question has a default, the default answer should be populated.  And the QuestionnaireResponse should point back to the originating Questionnaire.  Repeating items will typically only include a single repetition.  Other extensions and/or elements may also be populated if the system is aware of appropriate values.\n\nComplex form designs with conditional logic or tight constraints on cardinalities may be challenging to auto-populate.  A server MAY choose to traverse the questionnaire as if it were a human respondent, answering only those questions that are enabled based on previously answered questions.  However, doing so may result in minimal population.  Alternatively, systems may choose to populate all known answers, independent of dependencies and other constraints.  This may cause questions to be answered that should not be answered.  It will be up to the client to appropriately prune the final populated questionnaire once human review has taken place.\n\nInvoking this operation with the ''content'' parameter may involve the disclosure of personally identifiable healthcare information to the system which is performing the population process.  No such disclosures should be made unless the system on which the operation is being invoked is a \"trusted\" system and appropriate agreements are in place to protect the confidentiality of any information shared with that system.",
  "resource": [
    "Questionnaire"
  ],
  "system": false,
  "type": true,
  "instance": true,
  "parameter": [
    {
      "name": "identifier",
      "use": "in",
      "min": 0,
      "max": "1",
      "documentation": "A logical questionnaire identifier (i.e. ''Questionnaire.identifier''). The server must know the questionnaire or be able to retrieve it from other known repositories.",
      "type": "uri"
    },
    {
      "name": "questionnaire",
      "use": "in",
      "min": 0,
      "max": "1",
      "documentation": "The [Questionnaire](questionnaire.html) is provided directly as part of the request. Servers may choose not to accept questionnaires in this fashion",
      "type": "Questionnaire"
    },
    {
      "name": "questionnaireRef",
      "use": "in",
      "min": 0,
      "max": "1",
      "documentation": "The [Questionnaire](questionnaire.html) is provided as a resource reference. Servers may choose not to accept questionnaires in this fashion or may fail if they cannot resolve or access the referenced questionnaire.",
      "type": "Reference",
      "profile": {
        "reference": "http://hl7.org/fhir/StructureDefinition/Questionnaire"
      }
    },
    {
      "name": "subject",
      "use": "in",
      "min": 1,
      "max": "1",
      "documentation": "The resource that is to be the *QuestionnaireResponse.subject*. The [QuestionnaireResponse](questionnaireresponse.html) instance will reference the provided subject.  In addition, if the *local* parameter is set to true, server information about the specified subject will be used to populate the instance.",
      "type": "Reference"
    },
    {
      "name": "content",
      "use": "in",
      "min": 0,
      "max": "*",
      "documentation": "Resources containing information to be used to help populate the [QuestionnaireResponse](questionnaireresponse.html).  These may be FHIR resources or may be binaries containing FHIR documents, CDA documents or other source materials.  Servers may not support all possible source materials and may ignore materials they do not recognize.  (They MAY provide warnings if ignoring submitted resources.)",
      "type": "Reference"
    },
    {
      "name": "local",
      "use": "in",
      "min": 0,
      "max": "1",
      "documentation": "If specified and set to 'true' (and the server is capable), the server should use what resources and other knowledge it has about the referenced subject when pre-populating answers to questions.",
      "type": "boolean"
    },
    {
      "name": "questionnaire",
      "use": "out",
      "min": 1,
      "max": "1",
      "documentation": "The partially (or fully)-populated set of answers for the specified Questionnaire",
      "type": "QuestionnaireResponse"
    },
    {
      "name": "issues",
      "use": "out",
      "min": 0,
      "max": "1",
      "documentation": "A list of hints and warnings about problems encountered while populating the questionnaire. These might be show to the user as an advisory note. Note: if the questionnaire cannot be populated at all, then the operation should fail, and an OperationOutcome is returned directly with the failure, rather than using this parameter",
      "type": "OperationOutcome"
    }
  ]
}