{
  "resourceType": "OperationDefinition",
  "id": "Measure-data-requirements",
  "text": {
    "status": "generated",
    "div": "<div xmlns=\"http://www.w3.org/1999/xhtml\"><h2>Data Requirements</h2><p>OPERATION: Data Requirements</p><p>The official URL for this operation definition is: </p><pre>http://hl7.org/fhir/OperationDefinition/Measure-data-requirements</pre><div><p>The data-requirements operation aggregates and returns the parameters and data requirements for the measure and all its dependencies as a single module definition</p>\n</div><p>URL: [base]/Measure/[id]/$data-requirements</p><p>Parameters</p><table class=\"grid\"><tr><td><b>Use</b></td><td><b>Name</b></td><td><b>Cardinality</b></td><td><b>Type</b></td><td><b>Binding</b></td><td><b>Documentation</b></td></tr><tr><td>IN</td><td>periodStart</td><td>1..1</td><td>date</td><td/><td><div><p>The start of the measurement period. In keeping with the semantics of the date parameter used in the FHIR search operation, the period will start at the beginning of the period implied by the supplied timestamp. E.g. a value of 2014 would set the period start to be 2014-01-01T00:00:00 inclusive</p>\n</div></td></tr><tr><td>IN</td><td>periodEnd</td><td>1..1</td><td>date</td><td/><td><div><p>The end of the measurement period. The period will end at the end of the period implied by the supplied timestamp. E.g. a value of 2014 would set the period end to be 2014-12-31T23:59:59 inclusive</p>\n</div></td></tr><tr><td>OUT</td><td>return</td><td>1..1</td><td>Library</td><td/><td><div><p>The result of the requirements gathering is a module-definition Library that describes the aggregate parameters, data requirements, and dependencies of the measure</p>\n</div></td></tr></table><div><p>The effect of invoking this operation is to determine the aggregate set of data requirements and dependencies for the measure. The result is a Library resource with a type of module-definition that contains all the parameter definitions and data requirements of the libraries referenced by the measures. Implementations SHOULD aggregate data requirements intelligently (i.e. by collapsing overlapping data requirements)</p>\n</div></div>"
  },
  "url": "http://hl7.org/fhir/OperationDefinition/Measure-data-requirements",
  "name": "Data Requirements",
  "status": "draft",
  "kind": "operation",
  "date": "2017-04-19T07:44:43+10:00",
  "publisher": "HL7 (FHIR Project)",
  "contact": [
    {
      "telecom": [
        {
          "system": "url",
          "value": "http://hl7.org/fhir"
        },
        {
          "system": "email",
          "value": "fhir@lists.hl7.org"
        }
      ]
    }
  ],
  "description": "The data-requirements operation aggregates and returns the parameters and data requirements for the measure and all its dependencies as a single module definition",
  "code": "data-requirements",
  "comment": "The effect of invoking this operation is to determine the aggregate set of data requirements and dependencies for the measure. The result is a Library resource with a type of module-definition that contains all the parameter definitions and data requirements of the libraries referenced by the measures. Implementations SHOULD aggregate data requirements intelligently (i.e. by collapsing overlapping data requirements)",
  "resource": [
    "Measure"
  ],
  "system": false,
  "type": false,
  "instance": true,
  "parameter": [
    {
      "name": "periodStart",
      "use": "in",
      "min": 1,
      "max": "1",
      "documentation": "The start of the measurement period. In keeping with the semantics of the date parameter used in the FHIR search operation, the period will start at the beginning of the period implied by the supplied timestamp. E.g. a value of 2014 would set the period start to be 2014-01-01T00:00:00 inclusive",
      "type": "date"
    },
    {
      "name": "periodEnd",
      "use": "in",
      "min": 1,
      "max": "1",
      "documentation": "The end of the measurement period. The period will end at the end of the period implied by the supplied timestamp. E.g. a value of 2014 would set the period end to be 2014-12-31T23:59:59 inclusive",
      "type": "date"
    },
    {
      "name": "return",
      "use": "out",
      "min": 1,
      "max": "1",
      "documentation": "The result of the requirements gathering is a module-definition Library that describes the aggregate parameters, data requirements, and dependencies of the measure",
      "type": "Library"
    }
  ]
}