{
  "resourceType": "PlanDefinition",
  "id": "exclusive-breastfeeding-intervention-02",
  "text": {
    "status": "generated",
    "div": "<div xmlns=\"http://www.w3.org/1999/xhtml\">\n         <table class=\"grid dict\">\n            <tr>\n               <td>\n                  <b>Id: </b>\n               </td>\n            </tr>\n            <tr>\n               <td style=\"padding-left: 25px; padding-right: 25px;\">PlanDefinition/exclusive-breastfeeding-intervention-02</td>\n            </tr>\n         </table>\n         <p/>\n         <table class=\"grid dict\">\n            <tr>\n               <td>\n                  <b>Identifier: </b>\n               </td>\n            </tr>\n            <tr>\n               <td style=\"padding-left: 25px; padding-right: 25px;\">\n                  <b>value: </b>\n                  <span>exclusive-breastfeeding-intervention-02</span>\n               </td>\n            </tr>\n         </table>\n         <p/>\n         <table class=\"grid dict\">\n            <tr>\n               <td>\n                  <b>Title: </b>\n               </td>\n            </tr>\n            <tr>\n               <td style=\"padding-left: 25px; padding-right: 25px;\">Exclusive Breastfeeding Intervention-02</td>\n            </tr>\n         </table>\n         <p/>\n         <table class=\"grid dict\">\n            <tr>\n               <td>\n                  <b>Status: </b>\n               </td>\n            </tr>\n            <tr>\n               <td style=\"padding-left: 25px; padding-right: 25px;\">active</td>\n            </tr>\n         </table>\n         <p/>\n         <table class=\"grid dict\">\n            <tr>\n               <td>\n                  <b>Description: </b>\n               </td>\n            </tr>\n            <tr>\n               <td style=\"padding-left: 25px; padding-right: 25px;\">Exclusive breastfeeding intervention intended to improve outcomes for exclusive breastmilk feeding of newborns by notifying the provider to sign the breastmilk feeding readiness assessment order, if necessary.</td>\n            </tr>\n         </table>\n         <p/>\n         <table class=\"grid dict\">\n            <tr>\n               <td>\n                  <b>Topic: </b>\n               </td>\n            </tr>\n            <tr>\n               <td style=\"padding-left: 25px; padding-right: 25px;\">\n                  <span>\n                     <b>text: </b>\n                     <span>Exclusive Breastfeeding</span>\n                  </span>\n               </td>\n            </tr>\n         </table>\n         <p/>\n         <table class=\"grid dict\">\n            <tr>\n               <td>\n                  <b>Library: </b>\n               </td>\n            </tr>\n            <tr>\n               <td style=\"padding-left: 25px; padding-right: 25px;\">\n                  <b>reference: </b>\n                  <span>Library/library-exclusive-breastfeeding-cds-logic</span>\n               </td>\n            </tr>\n         </table>\n         <p/>\n         <h2>Actions</h2>\n         <p style=\"width: 100%;\" class=\"hierarchy\">\n            <span>\n               <b>Step: </b>\n               <br/>\n               <span style=\"padding-left: 25px;\">\n                  <b>title: </b>\n                  <span>Mother should be administered a breastfeeding readiness assessment.</span>\n                  <br/>\n               </span>\n               <span style=\"padding-left: 25px;\">\n                  <b>condition: </b>\n                  <br/>\n                  <span style=\"padding-left: 50px;\">\n                     <b>type: </b>\n                     <span>applicability</span>\n                     <br/>\n                  </span>\n                  <span style=\"padding-left: 50px;\">\n                     <b>expression: </b>\n                     <span>Should Notify Provider to Sign Assessment Order</span>\n                     <br/>\n                  </span>\n               </span>\n               <span style=\"padding-left: 25px;\">\n                  <span>\n                     <b>Step: </b>\n                     <br/>\n                     <span style=\"padding-left: 50px;\">\n                        <b>title: </b>\n                        <span>Notify the provider to sign the order.</span>\n                        <br/>\n                     </span>\n                     <span style=\"padding-left: 50px;\">\n                        <b>text: </b>\n                        <span>A Breastfeeding Readiness Assessment is recommended, please authorize or reject the order.</span>\n                        <br/>\n                     </span>\n                  </span>\n               </span>\n            </span>\n         </p>\n      </div>"
  },
  "identifier": [
    {
      "use": "official",
      "value": "exclusive-breastfeeding-intervention-02"
    }
  ],
  "version": "1.0.0",
  "title": "Exclusive Breastfeeding Intervention-02",
  "status": "active",
  "date": "2015-03-08",
  "description": "Exclusive breastfeeding intervention intended to improve outcomes for exclusive breastmilk feeding of newborns by notifying the provider to sign the breastmilk feeding readiness assessment order, if necessary.",
  "topic": [
    {
      "text": "Exclusive Breastfeeding"
    }
  ],
  "relatedArtifact": [
    {
      "type": "derived-from",
      "resource": {
        "reference": "Measure/measure-exclusive-breastfeeding"
      }
    }
  ],
  "library": [
    {
      "reference": "Library/library-exclusive-breastfeeding-cds-logic"
    }
  ],
  "action": [
    {
      "title": "Mother should be administered a breastfeeding readiness assessment.",
      "triggerDefinition": [
        {
          "type": "named-event",
          "eventName": "Admission"
        },
        {
          "type": "named-event",
          "eventName": "Birth"
        },
        {
          "type": "named-event",
          "eventName": "Infant Transfer to Recovery"
        },
        {
          "type": "named-event",
          "eventName": "Transfer to Post-Partum"
        }
      ],
      "condition": [
        {
          "kind": "applicability",
          "expression": "Should Notify Provider to Sign Assessment Order"
        }
      ],
      "action": [
        {
          "title": "Notify the provider to sign the order.",
          "textEquivalent": "A Breastfeeding Readiness Assessment is recommended, please authorize or reject the order.",
          "type": {
            "code": "create"
          },
          "dynamicValue": [
            {
              "path": "/",
              "expression": "Communication Request to Provider"
            }
          ]
        }
      ]
    }
  ]
}