{
  "resourceType": "ProcedureRequest",
  "id": "og-example1",
  "text": {
    "status": "generated",
    "div": "<div xmlns=\"http://www.w3.org/1999/xhtml\"><p><b>Generated Narrative with Details</b></p><p><b>id</b>: og-example1</p><p><b>status</b>: active</p><p><b>intent</b>: original-order</p><p><b>code</b>: ABCB4 gene mutation analysis <span>(Details : {LOINC code '49874-1' = 'ABCB4 gene mutation analysis in Blood or Tissue by Molecular genetics method Narrative)</span></p><p><b>subject</b>: <a>Patient/example</a></p><p><b>context</b>: <a>Encounter/example</a></p><p><b>occurrence</b>: 12/05/2014 4:16:00 PM</p><h3>Requesters</h3><table><tr><td>-</td><td><b>Agent</b></td></tr><tr><td>*</td><td><a>Practitioner/example</a></td></tr></table><p><b>performer</b>: <a>Practitioner/example</a></p></div>"
  },
  "status": "active",
  "intent": "original-order",
  "code": {
    "coding": [
      {
        "system": "http://loinc.org",
        "code": "49874-1"
      }
    ],
    "text": "ABCB4 gene mutation analysis"
  },
  "subject": {
    "reference": "Patient/example"
  },
  "context": {
    "reference": "Encounter/example"
  },
  "occurrenceDateTime": "2014-05-12T16:16:00-07:00",
  "requester": {
    "agent": {
      "reference": "Practitioner/example"
    }
  },
  "performer": {
    "reference": "Practitioner/example"
  }
}