{
  "resourceType": "ProcedureRequest",
  "id": "physical-therapy",
  "text": {
    "status": "generated",
    "div": "<div xmlns=\"http://www.w3.org/1999/xhtml\"><p><b>Generated Narrative with Details</b></p><p><b>id</b>: physical-therapy</p><p><b>status</b>: completed</p><p><b>intent</b>: order</p><p><b>category</b>: Evaluation <span>(Details : {SNOMED CT code '386053000' = 'Patient evaluation procedure', given as 'Evaluation procedure (procedure)'})</span></p><p><b>code</b>: Assessment of passive range of motion <span>(Details : {SNOMED CT code '710830005' = 'Assessment of passive range of motion', given as 'Assessment of passive range of motion (procedure)'})</span></p><p><b>subject</b>: <a>Patient/example</a></p><p><b>occurrence</b>: 27/09/2016</p><p><b>authoredOn</b>: 20/09/2016</p><h3>Requesters</h3><table><tr><td>-</td><td><b>Agent</b></td><td><b>OnBehalfOf</b></td></tr><tr><td>*</td><td>Ollie Ortho, MD</td><td>Sawbones Orthopedic Clinic</td></tr></table><p><b>performer</b>: Paul Therapist, PT</p><p><b>reasonCode</b>: assessment of mobility limitations due to osteoarthritis <span>(Details )</span></p><p><b>bodySite</b>: Both knees <span>(Details : {SNOMED CT code '36701003' = 'Both knees', given as 'Both knees (body structure)'})</span></p></div>"
  },
  "status": "completed",
  "intent": "order",
  "category": [
    {
      "coding": [
        {
          "system": "http://snomed.info/sct",
          "code": "386053000",
          "display": "Evaluation procedure (procedure)"
        }
      ],
      "text": "Evaluation"
    }
  ],
  "code": {
    "coding": [
      {
        "system": "http://snomed.info/sct",
        "code": "710830005",
        "display": "Assessment of passive range of motion (procedure)"
      }
    ],
    "text": "Assessment of passive range of motion"
  },
  "subject": {
    "reference": "Patient/example"
  },
  "occurrenceDateTime": "2016-09-27",
  "authoredOn": "2016-09-20",
  "requester": {
    "agent": {
      "display": "Ollie Ortho, MD"
    },
    "onBehalfOf": {
      "display": "Sawbones Orthopedic Clinic"
    }
  },
  "performer": {
    "display": "Paul Therapist, PT"
  },
  "reasonCode": [
    {
      "text": "assessment of mobility limitations due to osteoarthritis"
    }
  ],
  "bodySite": [
    {
      "coding": [
        {
          "system": "http://snomed.info/sct",
          "code": "36701003",
          "display": "Both knees (body structure)"
        }
      ],
      "text": "Both knees"
    }
  ]
}