{
  "resourceType": "Procedure",
  "id": "example-implant",
  "text": {
    "status": "generated",
    "div": "<div xmlns=\"http://www.w3.org/1999/xhtml\"><p><b>Generated Narrative with Details</b></p><p><b>id</b>: example-implant</p><p><b>status</b>: completed</p><p><b>code</b>: Implant Pacemaker <span>(Details : {SNOMED CT code '25267002' = 'Insertion of intracardiac pacemaker', given as 'Insertion of intracardiac pacemaker (procedure)'})</span></p><p><b>subject</b>: <a>Patient/example</a></p><p><b>performed</b>: 05/04/2015</p><h3>Performers</h3><table><tr><td>-</td><td><b>Actor</b></td></tr><tr><td>*</td><td><a>Dr Cecil Surgeon</a></td></tr></table><p><b>reasonCode</b>: Bradycardia <span>(Details )</span></p><p><b>followUp</b>: ROS 5 days  - 2013-04-10 <span>(Details )</span></p><p><b>note</b>: Routine Appendectomy. Appendix was inflamed and in retro-caecal position</p><h3>FocalDevices</h3><table><tr><td>-</td><td><b>Action</b></td><td><b>Manipulated</b></td></tr><tr><td>*</td><td>Implanted <span>(Details : {http://hl7.org/fhir/device-action code 'implanted' = 'Implanted)</span></td><td><a>Device/example-pacemaker</a></td></tr></table></div>"
  },
  "status": "completed",
  "code": {
    "coding": [
      {
        "system": "http://snomed.info/sct",
        "code": "25267002",
        "display": "Insertion of intracardiac pacemaker (procedure)"
      }
    ],
    "text": "Implant Pacemaker"
  },
  "subject": {
    "reference": "Patient/example"
  },
  "performedDateTime": "2015-04-05",
  "performer": [
    {
      "actor": {
        "reference": "Practitioner/example",
        "display": "Dr Cecil Surgeon"
      }
    }
  ],
  "reasonCode": [
    {
      "text": "Bradycardia"
    }
  ],
  "followUp": [
    {
      "text": "ROS 5 days  - 2013-04-10"
    }
  ],
  "note": [
    {
      "text": "Routine Appendectomy. Appendix was inflamed and in retro-caecal position"
    }
  ],
  "focalDevice": [
    {
      "action": {
        "coding": [
          {
            "system": "http://hl7.org/fhir/device-action",
            "code": "implanted"
          }
        ]
      },
      "manipulated": {
        "reference": "Device/example-pacemaker"
      }
    }
  ]
}