﻿{
  "types": [
    "Provenance"
  ],
  "Provenance": {
    "elements": {
      "Provenance.reason": {
        "removed-types": [
          "CodeableConcept"
        ],
        "added-types": [
          "Coding"
        ]
      },
      "Provenance.activity": {
        "removed-types": [
          "CodeableConcept"
        ],
        "added-types": [
          "Coding"
        ],
        "binding-valueset-changed": true,
        "binding-status": "changed",
        "old-binding": {
          "reference": "http://hl7.org/fhir/ValueSet/v3-ProvenanceEventCurrentState",
          "strength": "extensible"
        },
        "new-binding": {
          "reference": "http://hl7.org/fhir/ValueSet/provenance-activity-type",
          "strength": "extensible"
        }
      },
      "Provenance.agent": {
        "old-min": 0,
        "new-min": 1
      },
      "Provenance.agent.role": {
        "old-min": 1,
        "new-min": 0,
        "old-max": "1",
        "new-max": "*",
        "removed-types": [
          "Coding"
        ],
        "added-types": [
          "CodeableConcept"
        ],
        "binding-valueset-changed": true,
        "binding-status": "changed",
        "old-binding": {
          "reference": "http://hl7.org/fhir/ValueSet/provenance-agent-role",
          "strength": "extensible"
        },
        "new-binding": {
          "reference": "http://hl7.org/fhir/ValueSet/security-role-type",
          "strength": "extensible"
        }
      },
      "Provenance.agent.who[x]": {
        "status": "new"
      },
      "Provenance.agent.onBehalfOf[x]": {
        "status": "new"
      },
      "Provenance.agent.relatedAgentType": {
        "status": "new"
      },
      "Provenance.entity.what[x]": {
        "status": "new"
      },
      "Provenance.entity.agent": {
        "old-max": "1",
        "new-max": "*"
      },
      "Provenance.agent.actor": {
        "status": "deleted"
      },
      "Provenance.agent.userId": {
        "status": "deleted"
      },
      "Provenance.agent.relatedAgent": {
        "status": "deleted"
      },
      "Provenance.entity.type": {
        "status": "deleted"
      },
      "Provenance.entity.reference": {
        "status": "deleted"
      },
      "Provenance.entity.display": {
        "status": "deleted"
      }
    },
    "status": "changed"
  }
}