{
  "resourceType": "Task",
  "id": "example6",
  "text": {
    "status": "generated",
    "div": "<div xmlns=\"http://www.w3.org/1999/xhtml\"><p><b>Generated Narrative with Details</b></p><p><b>id</b>: example6</p><p><b>identifier</b>: 20170201-001 (OFFICIAL)</p><p><b>basedOn</b>: General Wellness Careplan</p><p><b>groupIdentifier</b>: G20170201-001 (OFFICIAL)</p><p><b>status</b>: completed</p><p><b>businessStatus</b>: test completed and posted <span>(Details )</span></p><p><b>intent</b>: order</p><p><b>priority</b>: routine</p><p><b>code</b>: Lipid Panel <span>(Details )</span></p><p><b>description</b>: Create order for getting specimen, Set up inhouse testing,  generate order for any sendouts and submit with specimen</p><p><b>focus</b>: <a>Lipid Panel Request</a></p><p><b>for</b>: <a>Peter James Chalmers</a></p><p><b>context</b>: <a>Example In-Patient Encounter</a></p><p><b>executionPeriod</b>: 31/10/2016 8:25:05 AM --&gt; 31/10/2016 6:45:05 PM</p><p><b>authoredOn</b>: 31/10/2016 8:25:05 AM</p><p><b>lastModified</b>: 31/10/2016 6:45:05 PM</p><h3>Requesters</h3><table><tr><td>-</td><td><b>Agent</b></td><td><b>OnBehalfOf</b></td></tr><tr><td>*</td><td><a>Dr Adam Careful</a></td><td><a>Good Health Clinic</a></td></tr></table><p><b>performerType</b>: Performer <span>(Details : {http://hl7.org/fhir/task-performer-type code 'performer' = 'Performer', given as 'Performer'})</span></p><p><b>owner</b>: <a>Clinical Laboratory @ Acme Hospital</a></p><p><b>reason</b>: The Task.reason should only be included if there is no Task.focus or if it differs from the reason indicated on the focus <span>(Details )</span></p><p><b>note</b>: This is an example to demonstrate using task for actioning a procedurerequest and to illustrate how to populate many of the task elements - this is the parent task that will be broken into subtask to grab the specimen and a sendout lab test </p><h3>Restrictions</h3><table><tr><td>-</td><td><b>Repetitions</b></td><td><b>Period</b></td></tr><tr><td>*</td><td>1</td><td>?? --&gt; 02/11/2016 9:45:05 AM</td></tr></table><blockquote><p><b>output</b></p><p><b>type</b>: DiagnosticReport generated <span>(Details )</span></p><p><b>value</b>: <a>DiagnosticReport/lipids</a></p></blockquote><blockquote><p><b>output</b></p><p><b>type</b>: collected specimen <span>(Details )</span></p><p><b>value</b>: <a>Specimen/101</a></p></blockquote></div>"
  },
  "identifier": [
    {
      "use": "official",
      "system": "http:/goodhealth.org/identifiers",
      "value": "20170201-001"
    }
  ],
  "basedOn": [
    {
      "display": "General Wellness Careplan"
    }
  ],
  "groupIdentifier": {
    "use": "official",
    "system": "http:/goodhealth.org/accession/identifiers",
    "value": "G20170201-001"
  },
  "status": "completed",
  "businessStatus": {
    "text": "test completed and posted"
  },
  "intent": "order",
  "priority": "routine",
  "code": {
    "text": "Lipid Panel"
  },
  "description": "Create order for getting specimen, Set up inhouse testing,  generate order for any sendouts and submit with specimen",
  "focus": {
    "reference": "ProcedureRequest/lipid",
    "display": "Lipid Panel Request"
  },
  "for": {
    "reference": "Patient/example",
    "display": "Peter James Chalmers"
  },
  "context": {
    "reference": "Encounter/example",
    "display": "Example In-Patient Encounter"
  },
  "executionPeriod": {
    "start": "2016-10-31T08:25:05+10:00",
    "end": "2016-10-31T18:45:05+10:00"
  },
  "authoredOn": "2016-10-31T08:25:05+10:00",
  "lastModified": "2016-10-31T18:45:05+10:00",
  "requester": {
    "agent": {
      "reference": "Practitioner/example",
      "display": "Dr Adam Careful"
    },
    "onBehalfOf": {
      "reference": "Organization/2.16.840.1.113883.19.5",
      "display": "Good Health Clinic"
    }
  },
  "performerType": [
    {
      "coding": [
        {
          "system": "http://hl7.org/fhir/task-performer-type",
          "code": "performer",
          "display": "Performer"
        }
      ],
      "text": "Performer"
    }
  ],
  "owner": {
    "reference": "Organization/1832473e-2fe0-452d-abe9-3cdb9879522f",
    "display": "Clinical Laboratory @ Acme Hospital"
  },
  "reason": {
    "text": "The Task.reason should only be included if there is no Task.focus or if it differs from the reason indicated on the focus"
  },
  "note": [
    {
      "text": "This is an example to demonstrate using task for actioning a procedurerequest and to illustrate how to populate many of the task elements - this is the parent task that will be broken into subtask to grab the specimen and a sendout lab test "
    }
  ],
  "restriction": {
    "repetitions": 1,
    "period": {
      "end": "2016-11-02T09:45:05+10:00"
    }
  },
  "output": [
    {
      "type": {
        "text": "DiagnosticReport generated"
      },
      "valueReference": {
        "reference": "DiagnosticReport/lipids"
      }
    },
    {
      "type": {
        "text": "collected specimen"
      },
      "valueReference": {
        "reference": "Specimen/101"
      }
    }
  ]
}