{
  "resourceType": "StructureDefinition",
  "id": "unsignedInt",
  "text": {
    "status": "generated",
    "div": "<div xmlns=\"http://www.w3.org/1999/xhtml\">to do</div>"
  },
  "url": "http://hl7.org/fhir/StructureDefinition/unsignedInt",
  "name": "unsignedInt",
  "status": "draft",
  "date": "2017-04-19T07:44:43+10:00",
  "publisher": "HL7 FHIR Standard",
  "contact": [
    {
      "telecom": [
        {
          "system": "url",
          "value": "http://hl7.org/fhir"
        }
      ]
    }
  ],
  "description": "Base StructureDefinition for unsignedInt type: An integer with a value that is not negative (e.g. >= 0)",
  "fhirVersion": "3.0.1",
  "kind": "primitive-type",
  "abstract": false,
  "type": "unsignedInt",
  "baseDefinition": "http://hl7.org/fhir/StructureDefinition/integer",
  "derivation": "specialization",
  "snapshot": {
    "element": [
      {
        "id": "unsignedInt",
        "path": "unsignedInt",
        "short": "Primitive Type unsignedInt",
        "definition": "An integer with a value that is not negative (e.g. >= 0)",
        "min": 0,
        "max": "*",
        "base": {
          "path": "unsignedInt",
          "min": 0,
          "max": "*"
        },
        "constraint": [
          {
            "key": "ele-1",
            "severity": "error",
            "human": "All FHIR elements must have a @value or children",
            "expression": "hasValue() | (children().count() > id.count())",
            "xpath": "@value|f:*|h:div",
            "source": "Element"
          }
        ]
      },
      {
        "id": "unsignedInt.id",
        "path": "unsignedInt.id",
        "representation": [
          "xmlAttr"
        ],
        "short": "xml:id (or equivalent in JSON)",
        "definition": "unique id for the element within a resource (for internal references)",
        "min": 0,
        "max": "1",
        "base": {
          "path": "Element.id",
          "min": 0,
          "max": "1"
        },
        "type": [
          {
            "code": "string"
          }
        ]
      },
      {
        "id": "unsignedInt.extension",
        "path": "unsignedInt.extension",
        "short": "Additional Content defined by implementations",
        "definition": "May be used to represent additional information that is not part of the basic definition of the resource. In order to make the use of extensions safe and manageable, there is a strict set of governance  applied to the definition and use of extensions. Though any implementer is allowed to define an extension, there is a set of requirements that SHALL be met as part of the definition of the extension.",
        "comment": "There can be no stigma associated with the use of extensions by any application, project, or standard - regardless of the institution or jurisdiction that uses or defines the extensions.  The use of extensions is what allows the FHIR specification to retain a core level of simplicity for everyone.",
        "alias": [
          "extensions",
          "user content"
        ],
        "min": 0,
        "max": "*",
        "base": {
          "path": "Element.extension",
          "min": 0,
          "max": "*"
        },
        "type": [
          {
            "code": "Extension"
          }
        ]
      },
      {
        "id": "unsignedInt.value",
        "path": "unsignedInt.value",
        "representation": [
          "xmlAttr"
        ],
        "short": "Primitive value for unsignedInt",
        "definition": "Primitive value for unsignedInt",
        "min": 0,
        "max": "1",
        "base": {
          "path": "integer.value",
          "min": 0,
          "max": "1"
        },
        "type": [
          {
            "extension": [
              {
                "url": "http://hl7.org/fhir/StructureDefinition/structuredefinition-regex",
                "valueString": "[0]|([1-9][0-9]*)"
              }
            ],
            "_code": {
              "extension": [
                {
                  "url": "http://hl7.org/fhir/StructureDefinition/structuredefinition-json-type",
                  "valueString": "number"
                },
                {
                  "url": "http://hl7.org/fhir/StructureDefinition/structuredefinition-xml-type",
                  "valueString": "xsd:nonNegativeInteger"
                },
                {
                  "url": "http://hl7.org/fhir/StructureDefinition/structuredefinition-rdf-type",
                  "valueString": "xsd:nonNegativeInteger"
                }
              ]
            }
          }
        ]
      }
    ]
  },
  "differential": {
    "element": [
      {
        "id": "unsignedInt",
        "path": "unsignedInt",
        "short": "Primitive Type unsignedInt",
        "definition": "An integer with a value that is not negative (e.g. >= 0)",
        "min": 0,
        "max": "*"
      },
      {
        "id": "unsignedInt.value",
        "path": "unsignedInt.value",
        "representation": [
          "xmlAttr"
        ],
        "short": "Primitive value for unsignedInt",
        "definition": "Primitive value for unsignedInt",
        "min": 0,
        "max": "1",
        "type": [
          {
            "extension": [
              {
                "url": "http://hl7.org/fhir/StructureDefinition/structuredefinition-regex",
                "valueString": "[0]|([1-9][0-9]*)"
              }
            ],
            "_code": {
              "extension": [
                {
                  "url": "http://hl7.org/fhir/StructureDefinition/structuredefinition-json-type",
                  "valueString": "number"
                },
                {
                  "url": "http://hl7.org/fhir/StructureDefinition/structuredefinition-xml-type",
                  "valueString": "xsd:nonNegativeInteger"
                },
                {
                  "url": "http://hl7.org/fhir/StructureDefinition/structuredefinition-rdf-type",
                  "valueString": "xsd:nonNegativeInteger"
                }
              ]
            }
          }
        ]
      }
    ]
  }
}