{
  "resourceType": "ValueSet",
  "id": "vaccination-protocol-dose-status-reason",
  "meta": {
    "lastUpdated": "2017-04-19T07:44:43.294+10:00",
    "profile": [
      "http://hl7.org/fhir/StructureDefinition/shareablevalueset"
    ]
  },
  "text": {
    "status": "generated",
    "div": "<div xmlns=\"http://www.w3.org/1999/xhtml\"><h2>Vaccination Protocol Dose Status Reason codes</h2><div><p>The value set to instantiate this attribute should be drawn from a terminologically robust code system that consists of or contains concepts to support describing the reason why an administered dose has been assigned a particular status. Often, this reason describes why a dose is considered invalid. This value set is provided as a suggestive example.</p>\n</div><p>This value set includes codes from the following code systems:</p><ul><li>Include all codes defined in <a href=\"codesystem-vaccination-protocol-dose-status-reason.html\"><code>http://hl7.org/fhir/vaccination-protocol-dose-status-reason</code></a></li></ul></div>"
  },
  "extension": [
    {
      "url": "http://hl7.org/fhir/StructureDefinition/structuredefinition-ballot-status",
      "valueString": "Informative"
    },
    {
      "url": "http://hl7.org/fhir/StructureDefinition/structuredefinition-fmm",
      "valueInteger": 1
    },
    {
      "url": "http://hl7.org/fhir/StructureDefinition/structuredefinition-wg",
      "valueCode": "pher"
    }
  ],
  "url": "http://hl7.org/fhir/ValueSet/vaccination-protocol-dose-status-reason",
  "identifier": [
    {
      "system": "urn:ietf:rfc:3986",
      "value": "urn:oid:2.16.840.1.113883.4.642.3.290"
    }
  ],
  "version": "3.0.1",
  "name": "Vaccination Protocol Dose Status Reason codes",
  "status": "draft",
  "experimental": true,
  "date": "2017-04-19T07:44:43+10:00",
  "publisher": "FHIR Project team",
  "contact": [
    {
      "telecom": [
        {
          "system": "url",
          "value": "http://hl7.org/fhir"
        }
      ]
    }
  ],
  "description": "The value set to instantiate this attribute should be drawn from a terminologically robust code system that consists of or contains concepts to support describing the reason why an administered dose has been assigned a particular status. Often, this reason describes why a dose is considered invalid. This value set is provided as a suggestive example.",
  "immutable": true,
  "compose": {
    "include": [
      {
        "system": "http://hl7.org/fhir/vaccination-protocol-dose-status-reason"
      }
    ]
  }
}