{
  "resourceType": "ValueSet",
  "id": "example-extensional",
  "meta": {
    "profile": [
      "http://hl7.org/fhir/StructureDefinition/shareablevalueset"
    ]
  },
  "text": {
    "status": "generated",
    "div": "<div xmlns=\"http://www.w3.org/1999/xhtml\">\n\t\t\t<p>Value set &quot;LOINC Codes for Cholesterol&quot;: This is an example value set that includes \n        all the  codes for serum cholesterol from LOINC v2.36.</p>\n\t\t\t<p>Developed by: FHIR project team (example)</p>\n\t\t\t<p>Published for testing on 13-June 2012</p>\n\t\t\t<p>This value set includes the following LOINC codes:</p>\n\t\t\t<ul>\n\t\t\t\t<li>14647-2: Cholesterol [Moles/Volume]</li>\n\t\t\t\t<li>2093-3: Cholesterol [Mass/Volume]</li>\n\t\t\t\t<li>35200-5: Cholesterol [Mass Or Moles/Volume] </li>\n\t\t\t\t<li>9342-7: Cholesterol [Percentile]</li>\n\t\t\t</ul>\n\t\t\t<p>This content from LOINC® is copyright © 1995 Regenstrief Institute, Inc. and the LOINC Committee, and available at no cost under the license at http://loinc.org/terms-of-use.</p>\n\t\t</div>"
  },
  "url": "http://hl7.org/fhir/ValueSet/example-extensional",
  "identifier": [
    {
      "system": "http://acme.com/identifiers/valuesets",
      "value": "loinc-cholesterol-int"
    }
  ],
  "version": "20150622",
  "name": "LOINC Codes for Cholesterol in Serum/Plasma",
  "status": "draft",
  "experimental": true,
  "date": "2015-06-22",
  "publisher": "HL7 International",
  "contact": [
    {
      "name": "FHIR project team",
      "telecom": [
        {
          "system": "url",
          "value": "http://hl7.org/fhir"
        }
      ]
    }
  ],
  "description": "This is an example value set that includes all the LOINC codes for serum/plasma cholesterol from v2.36.",
  "copyright": "This content from LOINC ® is copyright © 1995 Regenstrief Institute, Inc. and the LOINC Committee, and available at no cost under the license at http://loinc.org/terms-of-use.",
  "compose": {
    "lockedDate": "2012-06-13",
    "inactive": true,
    "include": [
      {
        "system": "http://loinc.org",
        "version": "2.36",
        "concept": [
          {
            "code": "14647-2",
            "display": "Cholesterol [Moles/Volume]"
          },
          {
            "code": "2093-3",
            "display": "Cholesterol [Mass/Volume]"
          },
          {
            "code": "35200-5",
            "display": "Cholesterol [Mass Or Moles/Volume]"
          },
          {
            "code": "9342-7",
            "display": "Cholesterol [Percentile]"
          }
        ]
      }
    ]
  }
}