{
  "resourceType": "ValueSet",
  "id": "immunization-site",
  "meta": {
    "lastUpdated": "2017-04-19T07:44:43.294+10:00",
    "profile": [
      "http://hl7.org/fhir/StructureDefinition/shareablevalueset"
    ]
  },
  "text": {
    "status": "generated",
    "div": "<div xmlns=\"http://www.w3.org/1999/xhtml\"><h2>Codes for Immunization Site of Administration</h2><div><p>The value set to instantiate this attribute should be drawn from a terminologically robust code system that consists of or contains concepts to support describing the body site where the vaccination occurred. This value set is provided as a suggestive example.</p>\n</div><p>This value set includes codes from the following code systems:</p><ul><li>Include these codes as defined in <a href=\"v3/ActSite/cs.html\"><code>http://hl7.org/fhir/v3/ActSite</code></a><table class=\"none\"><tr><td><b>Code</b></td><td><b>Display</b></td></tr><tr><td><a href=\"v3/ActSite/cs.html#v3-ActSite-LA\">LA</a></td><td>Left arm</td><td>left arm</td></tr><tr><td><a href=\"v3/ActSite/cs.html#v3-ActSite-RA\">RA</a></td><td>Right arm</td><td>right arm</td></tr></table></li></ul></div>"
  },
  "extension": [
    {
      "url": "http://hl7.org/fhir/StructureDefinition/structuredefinition-ballot-status",
      "valueString": "Informative"
    },
    {
      "url": "http://hl7.org/fhir/StructureDefinition/structuredefinition-fmm",
      "valueInteger": 1
    },
    {
      "url": "http://hl7.org/fhir/StructureDefinition/structuredefinition-wg",
      "valueCode": "pher"
    }
  ],
  "url": "http://hl7.org/fhir/ValueSet/immunization-site",
  "identifier": [
    {
      "system": "urn:ietf:rfc:3986",
      "value": "urn:oid:2.16.840.1.113883.4.642.3.283"
    }
  ],
  "version": "3.0.1",
  "name": "Codes for Immunization Site of Administration",
  "status": "draft",
  "experimental": true,
  "date": "2017-04-19T07:44:43+10:00",
  "publisher": "FHIR Project team",
  "contact": [
    {
      "telecom": [
        {
          "system": "url",
          "value": "http://hl7.org/fhir"
        }
      ]
    }
  ],
  "description": "The value set to instantiate this attribute should be drawn from a terminologically robust code system that consists of or contains concepts to support describing the body site where the vaccination occurred. This value set is provided as a suggestive example.",
  "compose": {
    "include": [
      {
        "system": "http://hl7.org/fhir/v3/ActSite",
        "concept": [
          {
            "code": "LA",
            "display": "Left arm"
          },
          {
            "code": "RA",
            "display": "Right arm"
          }
        ]
      }
    ]
  }
}