{
  "resourceType": "ValueSet",
  "id": "immunization-role",
  "meta": {
    "lastUpdated": "2017-04-19T07:44:43.294+10:00",
    "profile": [
      "http://hl7.org/fhir/StructureDefinition/shareablevalueset"
    ]
  },
  "text": {
    "status": "generated",
    "div": "<div xmlns=\"http://www.w3.org/1999/xhtml\"><h2>Immunization Role Codes</h2><div><p>The value set to instantiate this attribute should be drawn from a terminologically robust code system that consists of or contains concepts to support describing the role a practitioner may play in the immunization event. This value set is provided as a suggestive example.</p>\n</div><p>This value set includes codes from the following code systems:</p><ul><li>Include these codes as defined in <a href=\"v2/0443/index.html\"><code>http://hl7.org/fhir/v2/0443</code></a><table class=\"none\"><tr><td><b>Code</b></td><td><b>Display</b></td></tr><tr><td><a href=\"v2/0443/index.html#v2-0443-OP\">OP</a></td><td>Ordering Provider</td><td/></tr><tr><td><a href=\"v2/0443/index.html#v2-0443-AP\">AP</a></td><td>Administering Provider</td><td/></tr></table></li></ul></div>"
  },
  "extension": [
    {
      "url": "http://hl7.org/fhir/StructureDefinition/structuredefinition-ballot-status",
      "valueString": "Informative"
    },
    {
      "url": "http://hl7.org/fhir/StructureDefinition/structuredefinition-fmm",
      "valueInteger": 3
    },
    {
      "url": "http://hl7.org/fhir/StructureDefinition/structuredefinition-wg",
      "valueCode": "pher"
    }
  ],
  "url": "http://hl7.org/fhir/ValueSet/immunization-role",
  "identifier": [
    {
      "system": "urn:ietf:rfc:3986",
      "value": "urn:oid:2.16.840.1.113883.4.642.3.295"
    }
  ],
  "version": "3.0.1",
  "name": "Immunization Role Codes",
  "status": "draft",
  "experimental": true,
  "date": "2017-04-19T07:44:43+10:00",
  "publisher": "FHIR Project team",
  "contact": [
    {
      "telecom": [
        {
          "system": "url",
          "value": "http://www.hl7.org/Special/committees/pher/index.cfm"
        }
      ]
    }
  ],
  "description": "The value set to instantiate this attribute should be drawn from a terminologically robust code system that consists of or contains concepts to support describing the role a practitioner may play in the immunization event. This value set is provided as a suggestive example.",
  "extensible": true,
  "compose": {
    "include": [
      {
        "system": "http://hl7.org/fhir/v2/0443",
        "concept": [
          {
            "code": "OP"
          },
          {
            "code": "AP"
          }
        ]
      }
    ]
  }
}