{
  "resourceType": "ValueSet",
  "id": "relatedperson-relationshiptype",
  "meta": {
    "lastUpdated": "2017-04-19T07:44:43.294+10:00",
    "profile": [
      "http://hl7.org/fhir/StructureDefinition/shareablevalueset"
    ]
  },
  "text": {
    "status": "generated",
    "div": "<div xmlns=\"http://www.w3.org/1999/xhtml\"><h2>PatientRelationshipType</h2><div><p>A set of codes that can be used to indicate the relationship between a Patient and a Related Person.</p>\n</div><p>This value set includes codes from the following code systems:</p><ul><li>Include all codes defined in <a href=\"v2/0131/index.html\"><code>http://hl7.org/fhir/v2/0131</code></a></li><li>Include codes from <a href=\"v3/RoleCode/cs.html\"><code>http://hl7.org/fhir/v3/RoleCode</code></a> where concept  is-a  <a href=\"v3/RoleCode/cs.html#v3-RoleCode-_PersonalRelationshipRoleType\">_PersonalRelationshipRoleType</a></li></ul></div>"
  },
  "extension": [
    {
      "url": "http://hl7.org/fhir/StructureDefinition/structuredefinition-ballot-status",
      "valueString": "Informative"
    },
    {
      "url": "http://hl7.org/fhir/StructureDefinition/structuredefinition-fmm",
      "valueInteger": 2
    },
    {
      "url": "http://hl7.org/fhir/StructureDefinition/structuredefinition-wg",
      "valueCode": "pa"
    }
  ],
  "url": "http://hl7.org/fhir/ValueSet/relatedperson-relationshiptype",
  "identifier": [
    {
      "system": "urn:ietf:rfc:3986",
      "value": "urn:oid:2.16.840.1.113883.4.642.3.442"
    }
  ],
  "version": "3.0.1",
  "name": "PatientRelationshipType",
  "status": "draft",
  "experimental": true,
  "date": "2017-04-19T07:44:43+10:00",
  "publisher": "FHIR Project team",
  "contact": [
    {
      "telecom": [
        {
          "system": "url",
          "value": "http://hl7.org/fhir"
        }
      ]
    }
  ],
  "description": "A set of codes that can be used to indicate the relationship between a Patient and a Related Person.",
  "compose": {
    "include": [
      {
        "system": "http://hl7.org/fhir/v2/0131"
      },
      {
        "system": "http://hl7.org/fhir/v3/RoleCode",
        "filter": [
          {
            "property": "concept",
            "op": "is-a",
            "value": "_PersonalRelationshipRoleType"
          }
        ]
      }
    ]
  }
}