{
  "resourceType": "ValueSet",
  "id": "sequence-quality-method",
  "meta": {
    "lastUpdated": "2017-04-19T07:44:43.294+10:00",
    "profile": [
      "http://hl7.org/fhir/StructureDefinition/shareablevalueset"
    ]
  },
  "text": {
    "status": "generated",
    "div": "<div xmlns=\"http://www.w3.org/1999/xhtml\"><h2>FDA-Method</h2><div><p>This value set includes sequence quality method</p>\n</div><p><b>Copyright Statement:</b> Unless otherwise noted, the contents of the FDA website (www.fda.gov)—both text and graphics—are not copyrighted. They are in the public domain and may be republished, reprinted and otherwise used freely by anyone without the need to obtain permission from FDA. Credit to the U.S. Food and Drug Administration as the source is appreciated but not required. FDA appreciates being informed about the use of website materials. Contact FDA, HFI-50, Rockville, MD 20857 or email webmail@oc.fda.gov.</p><p>This value set includes codes from the following code systems:</p><ul><li>Include all codes defined in <code>https://precision.fda.gov/apps/</code></li><li>Include all codes defined in <code>https://precision.fda.gov/jobs/</code></li></ul></div>"
  },
  "extension": [
    {
      "url": "http://hl7.org/fhir/StructureDefinition/structuredefinition-ballot-status",
      "valueString": "Informative"
    },
    {
      "url": "http://hl7.org/fhir/StructureDefinition/structuredefinition-fmm",
      "valueInteger": 1
    },
    {
      "url": "http://hl7.org/fhir/StructureDefinition/structuredefinition-wg",
      "valueCode": "cg"
    }
  ],
  "url": "http://hl7.org/fhir/ValueSet/sequence-quality-method",
  "identifier": [
    {
      "system": "urn:ietf:rfc:3986",
      "value": "urn:oid:2.16.840.1.113883.4.642.3.218"
    }
  ],
  "version": "3.0.1",
  "name": "FDA-Method",
  "status": "draft",
  "experimental": true,
  "date": "2017-04-19T07:44:43+10:00",
  "publisher": "FHIR Project team",
  "contact": [
    {
      "telecom": [
        {
          "system": "url",
          "value": "http://hl7.org/fhir"
        }
      ]
    }
  ],
  "description": "This value set includes sequence quality method",
  "copyright": "Unless otherwise noted, the contents of the FDA website (www.fda.gov)—both text and graphics—are not copyrighted. They are in the public domain and may be republished, reprinted and otherwise used freely by anyone without the need to obtain permission from FDA. Credit to the U.S. Food and Drug Administration as the source is appreciated but not required. FDA appreciates being informed about the use of website materials. Contact FDA, HFI-50, Rockville, MD 20857 or email webmail@oc.fda.gov.",
  "compose": {
    "include": [
      {
        "system": "https://precision.fda.gov/apps/"
      },
      {
        "system": "https://precision.fda.gov/jobs/"
      }
    ]
  }
}