{
  "resourceType": "ValueSet",
  "id": "provenance-activity-type",
  "meta": {
    "lastUpdated": "2017-04-19T07:44:43.294+10:00",
    "profile": [
      "http://hl7.org/fhir/StructureDefinition/shareablevalueset"
    ]
  },
  "text": {
    "status": "generated",
    "div": "<div xmlns=\"http://www.w3.org/1999/xhtml\">  This is a value set of representative FHIR Activity Type codes. </div>"
  },
  "extension": [
    {
      "url": "http://hl7.org/fhir/StructureDefinition/structuredefinition-ballot-status",
      "valueString": "Informative"
    },
    {
      "url": "http://hl7.org/fhir/StructureDefinition/structuredefinition-fmm",
      "valueInteger": 3
    },
    {
      "url": "http://hl7.org/fhir/StructureDefinition/structuredefinition-wg",
      "valueCode": "sec"
    }
  ],
  "url": "http://hl7.org/fhir/ValueSet/provenance-activity-type",
  "identifier": [
    {
      "system": "urn:ietf:rfc:3986",
      "value": "urn:oid:2.16.840.1.113883.4.642.3.429"
    }
  ],
  "version": "1.1.0",
  "name": "ProvenanceActivityType",
  "status": "draft",
  "experimental": true,
  "date": "2017-01-30T18:00:00+01:00",
  "publisher": "HL7 Security Work Group",
  "contact": [
    {
      "telecom": [
        {
          "system": "url",
          "value": "http://hl7.org/fhir"
        },
        {
          "system": "email",
          "value": "fhir@lists.hl7.org"
        }
      ]
    }
  ],
  "description": "This value set contains representative Activity Type codes, which includes codes from the HL7 DocumentCompletion, ActStatus, and DataOperations code system, W3C PROV-DM and PROV-N concepts and display names, several HL7 Lifecycle Event codes for which there are agreed upon definitions, and non-duplicated codes from the HL7 Security and Privacy Ontology Operations codes.",
  "copyright": "This is a value set of representative Activity Type codes.",
  "extensible": true,
  "compose": {
    "include": [
      {
        "system": "http://hl7.org/fhir/v3/DocumentCompletion"
      },
      {
        "system": "http://hl7.org/fhir/v3/ActStatus"
      },
      {
        "system": "http://hl7.org/fhir/v3/DataOperation"
      },
      {
        "valueSet": [
          "http://hl7.org/fhir/ValueSet/v3-ObligationPolicy"
        ]
      },
      {
        "system": "http://hl7.org/fhir/w3c-provenance-activity-type"
      },
      {
        "system": "http://hl7.org/fhir/extra-activity-type"
      }
    ]
  }
}