{
  "resourceType": "ValueSet",
  "id": "system-restful-interaction",
  "meta": {
    "lastUpdated": "2017-04-19T07:44:43.294+10:00",
    "profile": [
      "http://hl7.org/fhir/StructureDefinition/shareablevalueset"
    ]
  },
  "text": {
    "status": "generated",
    "div": "<div xmlns=\"http://www.w3.org/1999/xhtml\"><h2>SystemRestfulInteraction</h2><div><p>Operations supported by REST at the system level.</p>\n</div><p>This value set includes codes from the following code systems:</p><ul><li>Include these codes as defined in <a href=\"codesystem-restful-interaction.html\"><code>http://hl7.org/fhir/restful-interaction</code></a><table class=\"none\"><tr><td><b>Code</b></td><td><b>Display</b></td></tr><tr><td><a href=\"codesystem-restful-interaction.html#restful-interaction-transaction\">transaction</a></td><td>transaction</td><td>Update, create or delete a set of resources as a single transaction.</td></tr><tr><td><a href=\"codesystem-restful-interaction.html#restful-interaction-batch\">batch</a></td><td>batch</td><td>perform a set of a separate interactions in a single http operation</td></tr><tr><td><a href=\"codesystem-restful-interaction.html#restful-interaction-search-system\">search-system</a></td><td>search-system</td><td>Search all resources based on some filter criteria.</td></tr><tr><td><a href=\"codesystem-restful-interaction.html#restful-interaction-history-system\">history-system</a></td><td>history-system</td><td>Retrieve the change history for all resources on a system.</td></tr></table></li></ul></div>"
  },
  "extension": [
    {
      "url": "http://hl7.org/fhir/StructureDefinition/structuredefinition-ballot-status",
      "valueString": "Informative"
    },
    {
      "url": "http://hl7.org/fhir/StructureDefinition/structuredefinition-fmm",
      "valueInteger": 3
    },
    {
      "url": "http://hl7.org/fhir/StructureDefinition/structuredefinition-wg",
      "valueCode": "fhir"
    }
  ],
  "url": "http://hl7.org/fhir/ValueSet/system-restful-interaction",
  "identifier": [
    {
      "system": "urn:ietf:rfc:3986",
      "value": "urn:oid:2.16.840.1.113883.4.642.3.171"
    }
  ],
  "version": "3.0.1",
  "name": "SystemRestfulInteraction",
  "status": "draft",
  "experimental": false,
  "date": "2017-04-19T07:44:43+10:00",
  "publisher": "HL7 (FHIR Project)",
  "contact": [
    {
      "telecom": [
        {
          "system": "url",
          "value": "http://hl7.org/fhir"
        },
        {
          "system": "email",
          "value": "fhir@lists.hl7.org"
        }
      ]
    }
  ],
  "description": "Operations supported by REST at the system level.",
  "compose": {
    "include": [
      {
        "system": "http://hl7.org/fhir/restful-interaction",
        "concept": [
          {
            "code": "transaction"
          },
          {
            "code": "batch"
          },
          {
            "code": "search-system"
          },
          {
            "code": "history-system"
          }
        ]
      }
    ]
  }
}