{
  "resourceType": "SearchParameter",
  "id": "valueset-extensions-ValueSet-workflow",
  "url": "http://hl7.org/fhir/SearchParameter/valueset-extensions-ValueSet-workflow",
  "name": "workflow",
  "status": "draft",
  "experimental": true,
  "code": "workflow",
  "type": "token",
  "description": "Optional Extensions Element",
  "xpath": "f:ValueSet/f:extension[@url='http://hl7.org/fhir/StructureDefinition/valueset-workflowStatus'] | /f:#workflowStatus",
  "xpathUsage": "normal",
  "base": ["ValueSet"]
}