{
  "resourceType": "ActivityDefinition",
  "id": "provide-mosquito-prevention-advice",
  "text": {
    "status": "generated",
    "div": "\u003cdiv xmlns\u003d\"http://www.w3.org/1999/xhtml\"\u003e\n         \u003ctable class\u003d\"grid dict\"\u003e\n            \u003ctr\u003e\n               \u003ctd\u003e\n                  \u003cb\u003eId: \u003c/b\u003e\n               \u003c/td\u003e\n            \u003c/tr\u003e\n            \u003ctr\u003e\n               \u003ctd style\u003d\"padding-left: 25px; padding-right: 25px;\"\u003eActivityDefinition/provide-mosquito-prevention-advice\u003c/td\u003e\n            \u003c/tr\u003e\n         \u003c/table\u003e\n         \u003cp/\u003e\n         \u003ctable class\u003d\"grid dict\"\u003e\n            \u003ctr\u003e\n               \u003ctd\u003e\n                  \u003cb\u003eStatus: \u003c/b\u003e\n               \u003c/td\u003e\n            \u003c/tr\u003e\n            \u003ctr\u003e\n               \u003ctd style\u003d\"padding-left: 25px; padding-right: 25px;\"\u003edraft\u003c/td\u003e\n            \u003c/tr\u003e\n         \u003c/table\u003e\n         \u003cp/\u003e\n         \u003ctable class\u003d\"grid dict\"\u003e\n            \u003ctr\u003e\n               \u003ctd\u003e\n                  \u003cb\u003eDescription: \u003c/b\u003e\n               \u003c/td\u003e\n            \u003c/tr\u003e\n            \u003ctr\u003e\n               \u003ctd style\u003d\"padding-left: 25px; padding-right: 25px;\"\u003eProvide mosquito prevention advice\u003c/td\u003e\n            \u003c/tr\u003e\n         \u003c/table\u003e\n         \u003cp/\u003e\n         \u003ctable class\u003d\"grid dict\"\u003e\n            \u003ctr\u003e\n               \u003ctd\u003e\n                  \u003cb\u003eRelated: \u003c/b\u003e\n               \u003c/td\u003e\n            \u003c/tr\u003e\n            \u003ctr style\u003d\"vertical-align: top;\"\u003e\n               \u003ctd style\u003d\"padding-left: 25px; padding-right: 25px;\"\u003e\n                  \u003cp style\u003d\"margin-top: 5px;\"\u003e\n                     \u003cb\u003etype: \u003c/b\u003e\n                     \u003cspan\u003edocumentation\u003c/span\u003e\n                  \u003c/p\u003e\n                  \u003cp style\u003d\"margin-top: 5px;\"\u003e\n                     \u003cb\u003edisplay: \u003c/b\u003e\n                     \u003cspan\u003eAdvice for patients about how to avoid Mosquito bites.\u003c/span\u003e\n                  \u003c/p\u003e\n                  \u003cp style\u003d\"margin-top: 5px;\"\u003e\n                     \u003cb\u003eurl: \u003c/b\u003e\n                     \u003cspan\u003ehttp://www.cdc.gov/zika/prevention/index.html\u003c/span\u003e\n                  \u003c/p\u003e\n               \u003c/td\u003e\n            \u003c/tr\u003e\n         \u003c/table\u003e\n         \u003ctable class\u003d\"grid dict\"\u003e\n            \u003ctr\u003e\n               \u003ctd\u003e\n                  \u003cb\u003eRelated: \u003c/b\u003e\n               \u003c/td\u003e\n            \u003c/tr\u003e\n            \u003ctr style\u003d\"vertical-align: top;\"\u003e\n               \u003ctd style\u003d\"padding-left: 25px; padding-right: 25px;\"\u003e\n                  \u003cp style\u003d\"margin-top: 5px;\"\u003e\n                     \u003cb\u003etype: \u003c/b\u003e\n                     \u003cspan\u003edocumentation\u003c/span\u003e\n                  \u003c/p\u003e\n                  \u003cp style\u003d\"margin-top: 5px;\"\u003e\n                     \u003cb\u003edisplay: \u003c/b\u003e\n                     \u003cspan\u003eAdvice for patients about which mosquito repellents are effective and safe to use in pregnancy. [DEET, IF3535 and Picardin are safe during]\u003c/span\u003e\n                  \u003c/p\u003e\n                  \u003cp style\u003d\"margin-top: 5px;\"\u003e\n                     \u003cb\u003eurl: \u003c/b\u003e\n                     \u003cspan\u003ehttps://www.epa.gov/insect-repellents/find-insect-repellent-right-you\u003c/span\u003e\n                  \u003c/p\u003e\n               \u003c/td\u003e\n            \u003c/tr\u003e\n         \u003c/table\u003e\n         \u003cp/\u003e\n         \u003ctable class\u003d\"grid dict\"\u003e\n            \u003ctr\u003e\n               \u003ctd\u003e\n                  \u003cb\u003eCategory: \u003c/b\u003e\n               \u003c/td\u003e\n            \u003c/tr\u003e\n            \u003ctr\u003e\n               \u003ctd style\u003d\"padding-left: 25px; padding-right: 25px;\"\u003ecommunication\u003c/td\u003e\n            \u003c/tr\u003e\n         \u003c/table\u003e\n         \u003cp/\u003e\n         \u003ctable class\u003d\"grid dict\"\u003e\n            \u003ctr\u003e\n               \u003ctd\u003e\n                  \u003cb\u003eCode: \u003c/b\u003e\n               \u003c/td\u003e\n            \u003c/tr\u003e\n            \u003ctr\u003e\n               \u003ctd style\u003d\"padding-right: 25px;\"\u003e\n                  \u003cspan style\u003d\"padding-left: 25px;\"\u003e\n                     \u003cb\u003etext: \u003c/b\u003e\n                     \u003cspan\u003eProvide Mosquito Prevention Advice\u003c/span\u003e\n                     \u003cbr/\u003e\n                  \u003c/span\u003e\n               \u003c/td\u003e\n            \u003c/tr\u003e\n         \u003c/table\u003e\n         \u003cp/\u003e\n         \u003ctable class\u003d\"grid dict\"\u003e\n            \u003ctr\u003e\n               \u003ctd\u003e\n                  \u003cb\u003eParticipant: \u003c/b\u003e\n               \u003c/td\u003e\n            \u003c/tr\u003e\n            \u003ctr style\u003d\"vertical-align: top;\"\u003e\n               \u003ctd style\u003d\"padding-left: 25px; padding-right: 25px;\"\u003epractitioner\u003c/td\u003e\n            \u003c/tr\u003e\n         \u003c/table\u003e\n      \u003c/div\u003e"
  },
  "url": "http://example.org/ActivityDefinition/provide-mosquito-prevention-advice",
  "status": "draft",
  "description": "Provide mosquito prevention advice",
  "relatedArtifact": [
    {
      "type": "documentation",
      "display": "Advice for patients about how to avoid Mosquito bites.",
      "url": "http://www.cdc.gov/zika/prevention/index.html"
    },
    {
      "type": "documentation",
      "display": "Advice for patients about which mosquito repellents are effective and safe to use in pregnancy. [DEET, IF3535 and Picardin are safe during]",
      "url": "https://www.epa.gov/insect-repellents/find-insect-repellent-right-you"
    }
  ],
  "library": [
    "Library/zika-virus-intervention-logic"
  ],
  "kind": "CommunicationRequest",
  "code": {
    "text": "Provide Mosquito Prevention Advice"
  },
  "timingTiming": null,
  "participant": [
    {
      "type": "practitioner"
    }
  ]
}