{
  "resourceType": "Claim",
  "id": "860150",
  "text": {
    "status": "generated",
    "div": "\u003cdiv xmlns\u003d\"http://www.w3.org/1999/xhtml\"\u003eA human-readable rendering of the Claim\u003c/div\u003e"
  },
  "identifier": [
    {
      "system": "http://happypdocs.com/claim",
      "value": "8612345"
    }
  ],
  "status": "active",
  "type": {
    "coding": [
      {
        "system": "http://terminology.hl7.org/CodeSystem/claim-type",
        "code": "professional"
      }
    ]
  },
  "use": "claim",
  "patient": {
    "reference": "Patient/1"
  },
  "created": "2014-08-16T12:09:24+00:06",
  "insurer": {
    "reference": "Organization/2"
  },
  "provider": {
    "reference": "Organization/1"
  },
  "priority": {
    "coding": [
      {
        "code": "normal"
      }
    ]
  },
  "payee": {
    "type": {
      "coding": [
        {
          "code": "provider"
        }
      ]
    }
  },
  "careTeam": [
    {
      "sequence": 1,
      "provider": {
        "reference": "Practitioner/example"
      }
    }
  ],
  "diagnosis": [
    {
      "sequence": 1,
      "diagnosisCodeableConcept": {
        "coding": [
          {
            "code": "654456"
          }
        ]
      }
    }
  ],
  "insurance": [
    {
      "sequence": 1,
      "focal": true,
      "coverage": {
        "reference": "Coverage/9876B1"
      }
    }
  ],
  "item": [
    {
      "sequence": 1,
      "careTeamSequence": [
        1
      ],
      "productOrService": {
        "coding": [
          {
            "system": "http://hl7.org/fhir/ex-serviceproduct",
            "code": "exam"
          }
        ]
      },
      "servicedDate": "2014-08-16",
      "unitPrice": {
        "value": 75.00,
        "currency": "USD"
      },
      "net": {
        "value": 75.00,
        "currency": "USD"
      }
    }
  ],
  "meta": {
    "tag": [
      {
        "system": "http://terminology.hl7.org/CodeSystem/v3-ActReason",
        "code": "HTEST",
        "display": "test health data"
      }
    ]
  }
}