{
  "resourceType": "CoverageEligibilityResponse",
  "id": "E2500",
  "text": {
    "status": "generated",
    "div": "\u003cdiv xmlns\u003d\"http://www.w3.org/1999/xhtml\"\u003eA human-readable rendering of the CoverageEligibilityResponse.\u003c/div\u003e"
  },
  "identifier": [
    {
      "system": "http://www.BenefitsInc.com/fhir/coverageeligibilityresponse",
      "value": "881234"
    }
  ],
  "status": "active",
  "purpose": [
    "validation"
  ],
  "patient": {
    "reference": "Patient/pat1"
  },
  "created": "2014-08-16T11:15:33+10:00",
  "request": {
    "reference": "http://www.BenefitsInc.com/fhir/coverageeligibilityrequest/225476332402"
  },
  "outcome": "complete",
  "disposition": "Policy is currently in-force.",
  "insurer": {
    "reference": "Organization/2"
  },
  "insurance": [
    {
      "coverage": {
        "reference": "Coverage/9876B1"
      },
      "inforce": true
    }
  ],
  "meta": {
    "tag": [
      {
        "system": "http://terminology.hl7.org/CodeSystem/v3-ActReason",
        "code": "HTEST",
        "display": "test health data"
      }
    ]
  }
}