{
  "resourceType": "Bundle",
  "id": "f202",
  "type": "collection",
  "entry": [
    {
      "fullUrl": "https://example.com/base/DiagnosticReport/f202",
      "resource": {
        "resourceType": "DiagnosticReport",
        "id": "f202",
        "text": {
          "status": "generated",
          "div": "\u003cdiv xmlns\u003d\"http://www.w3.org/1999/xhtml\"\u003e\u003cp\u003e\u003cb\u003eGenerated Narrative with Details\u003c/b\u003e\u003c/p\u003e\u003cp\u003e\u003cb\u003eid\u003c/b\u003e: f202\u003c/p\u003e\u003cp\u003e\u003cb\u003ebasedOn\u003c/b\u003e: \u003ca\u003eServiceRequest/req\u003c/a\u003e\u003c/p\u003e\u003cp\u003e\u003cb\u003estatus\u003c/b\u003e: final\u003c/p\u003e\u003cp\u003e\u003cb\u003ecategory\u003c/b\u003e: Laboratory test \u003cspan\u003e(Details : {SNOMED CT code \u002715220000\u0027 \u003d \u0027Laboratory test\u0027, given as \u0027Laboratory test\u0027}; {http://terminology.hl7.org/CodeSystem/v2-0074 code \u0027LAB\u0027 \u003d \u0027Laboratory)\u003c/span\u003e\u003c/p\u003e\u003cp\u003e\u003cb\u003ecode\u003c/b\u003e: Blood culture for bacteria, including anaerobic screen \u003cspan\u003e(Details : {SNOMED CT code \u0027104177005\u0027 \u003d \u0027Blood culture for bacteria, including anaerobic screen\u0027, given as \u0027Blood culture for bacteria, including anaerobic screen\u0027})\u003c/span\u003e\u003c/p\u003e\u003cp\u003e\u003cb\u003esubject\u003c/b\u003e: \u003ca\u003eRoel\u003c/a\u003e\u003c/p\u003e\u003cp\u003e\u003cb\u003eissued\u003c/b\u003e: 11/03/2013 10:28:00 AM\u003c/p\u003e\u003cp\u003e\u003cb\u003eperformer\u003c/b\u003e: \u003ca\u003eAUMC\u003c/a\u003e\u003c/p\u003e\u003cp\u003e\u003cb\u003eresult\u003c/b\u003e: \u003ca\u003eResults for staphylococcus analysis on Roel\u0027s blood culture\u003c/a\u003e\u003c/p\u003e\u003cp\u003e\u003cb\u003econclusion\u003c/b\u003e: Blood culture tested positive on staphylococcus aureus\u003c/p\u003e\u003cp\u003e\u003cb\u003econclusionCode\u003c/b\u003e: Bacteremia due to staphylococcus \u003cspan\u003e(Details : {SNOMED CT code \u0027428763004\u0027 \u003d \u0027Bacteremia due to Staphylococcus aureus\u0027, given as \u0027Bacteremia due to staphylococcus\u0027})\u003c/span\u003e\u003c/p\u003e\u003c/div\u003e"
        },
        "basedOn": [
          {
            "reference": "ServiceRequest/req"
          }
        ],
        "status": "final",
        "category": [
          {
            "coding": [
              {
                "system": "http://snomed.info/sct",
                "code": "15220000",
                "display": "Laboratory test"
              },
              {
                "system": "http://terminology.hl7.org/CodeSystem/v2-0074",
                "code": "LAB"
              }
            ]
          }
        ],
        "code": {
          "coding": [
            {
              "system": "http://snomed.info/sct",
              "code": "104177005",
              "display": "Blood culture for bacteria, including anaerobic screen"
            }
          ]
        },
        "subject": {
          "reference": "Patient/f201",
          "display": "Roel"
        },
        "issued": "2013-03-11T10:28:00+01:00",
        "performer": [
          {
            "reference": "Organization/f201",
            "display": "AUMC"
          }
        ],
        "result": [
          {
            "reference": "Observation/f206",
            "display": "Results for staphylococcus analysis on Roel\u0027s blood culture"
          }
        ],
        "conclusion": "Blood culture tested positive on staphylococcus aureus",
        "conclusionCode": [
          {
            "coding": [
              {
                "system": "http://snomed.info/sct",
                "code": "428763004",
                "display": "Bacteremia due to staphylococcus"
              }
            ]
          }
        ]
      }
    },
    {
      "fullUrl": "https://example.com/base/ServiceRequest/req",
      "resource": {
        "resourceType": "ServiceRequest",
        "id": "req",
        "text": {
          "status": "generated",
          "div": "\u003cdiv xmlns\u003d\"http://www.w3.org/1999/xhtml\"\u003e\u003cp\u003e\u003cb\u003eGenerated Narrative with Details\u003c/b\u003e\u003c/p\u003e\u003cp\u003e\u003cb\u003eid\u003c/b\u003e: req\u003c/p\u003e\u003cp\u003e\u003cb\u003estatus\u003c/b\u003e: active\u003c/p\u003e\u003cp\u003e\u003cb\u003eintent\u003c/b\u003e: original-order\u003c/p\u003e\u003cp\u003e\u003cb\u003ecode\u003c/b\u003e: Blood culture for bacteria, including anaerobic screen \u003cspan\u003e(Details : {SNOMED CT code \u0027104177005\u0027 \u003d \u0027Blood culture for bacteria, including anaerobic screen\u0027, given as \u0027Blood culture for bacteria, including anaerobic screen\u0027})\u003c/span\u003e\u003c/p\u003e\u003cp\u003e\u003cb\u003esubject\u003c/b\u003e: \u003ca\u003eRoel\u003c/a\u003e\u003c/p\u003e\u003cp\u003e\u003cb\u003eencounter\u003c/b\u003e: \u003ca\u003eRoel\u0027s encounter on March elevanth 2013\u003c/a\u003e\u003c/p\u003e\u003cp\u003e\u003cb\u003erequester\u003c/b\u003e: \u003ca\u003eDokter Bronsig\u003c/a\u003e\u003c/p\u003e\u003c/div\u003e"
        },
        "status": "active",
        "intent": "original-order",
        "code": {
          "coding": [
            {
              "system": "http://snomed.info/sct",
              "code": "104177005",
              "display": "Blood culture for bacteria, including anaerobic screen"
            }
          ]
        },
        "subject": {
          "reference": "Patient/f201",
          "display": "Roel"
        },
        "encounter": {
          "reference": "Encounter/f203",
          "display": "Roel\u0027s encounter on March elevanth 2013"
        },
        "requester": {
          "reference": "Practitioner/f201",
          "display": "Dokter Bronsig"
        }
      }
    }
  ],
  "meta": {
    "tag": [
      {
        "system": "http://terminology.hl7.org/CodeSystem/v3-ActReason",
        "code": "HTEST",
        "display": "test health data"
      }
    ]
  }
}