{
  "resourceType": "MeasureReport",
  "id": "measurereport-cms146-cat1-example",
  "text": {
    "status": "generated",
    "div": "\u003cdiv xmlns\u003d\"http://www.w3.org/1999/xhtml\"\u003e\n         \u003ctable class\u003d\"grid dict\"\u003e\n            \u003ctr\u003e\n               \u003ctd\u003e\n                  \u003cb\u003eId: \u003c/b\u003e\n               \u003c/td\u003e\n            \u003c/tr\u003e\n            \u003ctr\u003e\n               \u003ctd style\u003d\"padding-left: 25px; padding-right: 25px;\"\u003eMeasureReport/measurereport-cms146-cat1-example\u003c/td\u003e\n            \u003c/tr\u003e\n         \u003c/table\u003e\n         \u003cp/\u003e\n         \u003ctable class\u003d\"grid dict\"\u003e\n            \u003ctr\u003e\n               \u003ctd\u003e\n                  \u003cb\u003eMeasure: \u003c/b\u003e\n               \u003c/td\u003e\n            \u003c/tr\u003e\n            \u003ctr\u003e\n               \u003ctd style\u003d\"padding-left: 25px; padding-right: 25px;\"\u003e\n                  \u003cspan style\u003d\"padding-left: 25px;\"\u003e\n                     \u003cb\u003ereference: \u003c/b\u003e\n                     \u003cspan\u003eMeasure/CMS146\u003c/span\u003e\n                     \u003cbr/\u003e\n                  \u003c/span\u003e\n               \u003c/td\u003e\n            \u003c/tr\u003e\n         \u003c/table\u003e\n         \u003cp/\u003e\n         \u003ctable class\u003d\"grid dict\"\u003e\n            \u003ctr\u003e\n               \u003ctd\u003e\n                  \u003cb\u003eType: \u003c/b\u003e\n               \u003c/td\u003e\n            \u003c/tr\u003e\n            \u003ctr\u003e\n               \u003ctd style\u003d\"padding-left: 25px; padding-right: 25px;\"\u003eindividual\u003c/td\u003e\n            \u003c/tr\u003e\n         \u003c/table\u003e\n         \u003cp/\u003e\n         \u003ctable class\u003d\"grid dict\"\u003e\n            \u003ctr\u003e\n               \u003ctd\u003e\n                  \u003cb\u003ePatient: \u003c/b\u003e\n               \u003c/td\u003e\n            \u003c/tr\u003e\n            \u003ctr\u003e\n               \u003ctd style\u003d\"padding-left: 25px; padding-right: 25px;\"\u003e\n                  \u003cspan style\u003d\"padding-left: 25px;\"\u003e\n                     \u003cb\u003ereference: \u003c/b\u003e\n                     \u003cspan\u003ePatient/123\u003c/span\u003e\n                     \u003cbr/\u003e\n                  \u003c/span\u003e\n               \u003c/td\u003e\n            \u003c/tr\u003e\n         \u003c/table\u003e\n         \u003cp/\u003e\n         \u003ctable class\u003d\"grid dict\"\u003e\n            \u003ctr\u003e\n               \u003ctd\u003e\n                  \u003cb\u003ePeriod: \u003c/b\u003e\n               \u003c/td\u003e\n            \u003c/tr\u003e\n            \u003ctr\u003e\n               \u003ctd style\u003d\"padding-left: 25px; padding-right: 25px;\"\u003e\n                  \u003cb\u003estart: \u003c/b\u003e\n                  \u003cspan\u003eWed Jan 01 00:00:00 MST 2014\u003c/span\u003e\n               \u003c/td\u003e\n            \u003c/tr\u003e\n            \u003ctr\u003e\n               \u003ctd style\u003d\"padding-left: 25px; padding-right: 25px;\"\u003e\n                  \u003cb\u003eend: \u003c/b\u003e\n                  \u003cspan\u003eMon Mar 31 00:00:00 MDT 2014\u003c/span\u003e\n               \u003c/td\u003e\n            \u003c/tr\u003e\n         \u003c/table\u003e\n         \u003cp/\u003e\n         \u003ctable class\u003d\"grid dict\"\u003e\n            \u003ctr\u003e\n               \u003ctd\u003e\n                  \u003cb\u003eStatus: \u003c/b\u003e\n               \u003c/td\u003e\n            \u003c/tr\u003e\n            \u003ctr\u003e\n               \u003ctd style\u003d\"padding-left: 25px; padding-right: 25px;\"\u003ecomplete\u003c/td\u003e\n            \u003c/tr\u003e\n         \u003c/table\u003e\n         \u003cp/\u003e\n         \u003ctable class\u003d\"grid dict\"\u003e\n            \u003ctr\u003e\n               \u003ctd\u003e\n                  \u003cb\u003eReporting Organization: \u003c/b\u003e\n               \u003c/td\u003e\n            \u003c/tr\u003e\n            \u003ctr\u003e\n               \u003ctd style\u003d\"padding-left: 25px; padding-right: 25px;\"\u003e\n                  \u003cp style\u003d\"margin-bottom: 5px;\"\u003e\n                     \u003cspan\u003e\n                        \u003cb\u003ename: \u003c/b\u003e\n                        \u003cspan\u003eGood Health Hospital\u003c/span\u003e\n                     \u003c/span\u003e\n                  \u003c/p\u003e\n               \u003c/td\u003e\n            \u003c/tr\u003e\n         \u003c/table\u003e\n         \u003ctable class\u003d\"grid dict\"\u003e\n            \u003ctr\u003e\n               \u003ctd\u003e\n                  \u003cb\u003eGroup:\u003c/b\u003e\n               \u003c/td\u003e\n            \u003c/tr\u003e\n            \u003ctr\u003e\n               \u003ctd style\u003d\"padding-left: 25px;\"\u003e\n                  \u003cp style\u003d\"margin-bottom: 5px;\"\u003e\n                     \u003cb\u003evalue: \u003c/b\u003e\n                     \u003cspan\u003eCMS146-group-1\u003c/span\u003e\n                  \u003c/p\u003e\n               \u003c/td\u003e\n            \u003c/tr\u003e\n            \u003ctr\u003e\n               \u003ctd style\u003d\"padding-left: 25px;\"\u003e\n                  \u003cb\u003ePopulation:\u003c/b\u003e\n                  \u003cp style\u003d\"padding-left: 25px; margin-bottom: 5px;\"\u003e\n                     \u003cb\u003etype: \u003c/b\u003e\n                     \u003cspan\u003einitial-population\u003c/span\u003e\n                  \u003c/p\u003e\n                  \u003cp style\u003d\"padding-left: 25px; margin-bottom: 5px;\"\u003e\n                     \u003cb\u003ecount: \u003c/b\u003e\n                     \u003cspan\u003e1\u003c/span\u003e\n                  \u003c/p\u003e\n               \u003c/td\u003e\n            \u003c/tr\u003e\n            \u003ctr\u003e\n               \u003ctd style\u003d\"padding-left: 25px;\"\u003e\n                  \u003cb\u003ePopulation:\u003c/b\u003e\n                  \u003cp style\u003d\"padding-left: 25px; margin-bottom: 5px;\"\u003e\n                     \u003cb\u003etype: \u003c/b\u003e\n                     \u003cspan\u003enumerator\u003c/span\u003e\n                  \u003c/p\u003e\n                  \u003cp style\u003d\"padding-left: 25px; margin-bottom: 5px;\"\u003e\n                     \u003cb\u003ecount: \u003c/b\u003e\n                     \u003cspan\u003e1\u003c/span\u003e\n                  \u003c/p\u003e\n               \u003c/td\u003e\n            \u003c/tr\u003e\n            \u003ctr\u003e\n               \u003ctd style\u003d\"padding-left: 25px;\"\u003e\n                  \u003cb\u003ePopulation:\u003c/b\u003e\n                  \u003cp style\u003d\"padding-left: 25px; margin-bottom: 5px;\"\u003e\n                     \u003cb\u003etype: \u003c/b\u003e\n                     \u003cspan\u003edenominator\u003c/span\u003e\n                  \u003c/p\u003e\n                  \u003cp style\u003d\"padding-left: 25px; margin-bottom: 5px;\"\u003e\n                     \u003cb\u003ecount: \u003c/b\u003e\n                     \u003cspan\u003e1\u003c/span\u003e\n                  \u003c/p\u003e\n               \u003c/td\u003e\n            \u003c/tr\u003e\n            \u003ctr\u003e\n               \u003ctd style\u003d\"padding-left: 25px;\"\u003e\n                  \u003cb\u003ePopulation:\u003c/b\u003e\n                  \u003cp style\u003d\"padding-left: 25px; margin-bottom: 5px;\"\u003e\n                     \u003cb\u003etype: \u003c/b\u003e\n                     \u003cspan\u003edenominator-exclusion\u003c/span\u003e\n                  \u003c/p\u003e\n                  \u003cp style\u003d\"padding-left: 25px; margin-bottom: 5px;\"\u003e\n                     \u003cb\u003ecount: \u003c/b\u003e\n                     \u003cspan\u003e0\u003c/span\u003e\n                  \u003c/p\u003e\n               \u003c/td\u003e\n            \u003c/tr\u003e\n            \u003ctr\u003e\n               \u003ctd style\u003d\"padding-left: 25px; padding-right: 25px;\"\u003e\n                  \u003cb\u003eStratifier:\u003c/b\u003e\n                  \u003cp style\u003d\"padding-left: 25px; margin-bottom: 5px;\"\u003e\n                     \u003cspan\u003e\n                        \u003cb\u003evalue: \u003c/b\u003e\n                        \u003cspan\u003eCMS146-group-1\u003c/span\u003e\n                     \u003c/span\u003e\n                  \u003c/p\u003e\n                  \u003cp style\u003d\"padding-left: 25px; margin-bottom: 5px;\"\u003e\n                     \u003cb\u003eGroup:\u003c/b\u003e\n                     \u003cbr/\u003e\n                     \u003cspan style\u003d\"padding-left: 25px;\"\u003e\n                        \u003cb\u003evalue: \u003c/b\u003e\n                     \u003c/span\u003e\n                     \u003cspan\u003etrue\u003c/span\u003e\n                     \u003cbr/\u003e\n                     \u003cspan\u003e\n                        \u003cspan style\u003d\"padding-left: 25px;\"\u003e\n                           \u003cb\u003ePopulation:\u003c/b\u003e\n                        \u003c/span\u003e\n                        \u003cbr/\u003e\n                        \u003cspan style\u003d\"padding-left: 50px;\"\u003e\n                           \u003cb\u003etype: \u003c/b\u003e\n                        \u003c/span\u003e\n                        \u003cspan\u003einitial-population\u003c/span\u003e\n                        \u003cspan\u003e\n                           \u003cbr/\u003e\n                           \u003cspan style\u003d\"padding-left: 50px;\"\u003e\n                              \u003cb\u003ecount: \u003c/b\u003e\n                           \u003c/span\u003e\n                           \u003cspan\u003e1\u003c/span\u003e\n                        \u003c/span\u003e\n                        \u003cbr/\u003e\n                     \u003c/span\u003e\n                     \u003cspan\u003e\n                        \u003cspan style\u003d\"padding-left: 25px;\"\u003e\n                           \u003cb\u003ePopulation:\u003c/b\u003e\n                        \u003c/span\u003e\n                        \u003cbr/\u003e\n                        \u003cspan style\u003d\"padding-left: 50px;\"\u003e\n                           \u003cb\u003etype: \u003c/b\u003e\n                        \u003c/span\u003e\n                        \u003cspan\u003enumerator\u003c/span\u003e\n                        \u003cspan\u003e\n                           \u003cbr/\u003e\n                           \u003cspan style\u003d\"padding-left: 50px;\"\u003e\n                              \u003cb\u003ecount: \u003c/b\u003e\n                           \u003c/span\u003e\n                           \u003cspan\u003e1\u003c/span\u003e\n                        \u003c/span\u003e\n                        \u003cbr/\u003e\n                     \u003c/span\u003e\n                     \u003cspan\u003e\n                        \u003cspan style\u003d\"padding-left: 25px;\"\u003e\n                           \u003cb\u003ePopulation:\u003c/b\u003e\n                        \u003c/span\u003e\n                        \u003cbr/\u003e\n                        \u003cspan style\u003d\"padding-left: 50px;\"\u003e\n                           \u003cb\u003etype: \u003c/b\u003e\n                        \u003c/span\u003e\n                        \u003cspan\u003edenominator\u003c/span\u003e\n                        \u003cspan\u003e\n                           \u003cbr/\u003e\n                           \u003cspan style\u003d\"padding-left: 50px;\"\u003e\n                              \u003cb\u003ecount: \u003c/b\u003e\n                           \u003c/span\u003e\n                           \u003cspan\u003e1\u003c/span\u003e\n                        \u003c/span\u003e\n                        \u003cbr/\u003e\n                     \u003c/span\u003e\n                     \u003cspan\u003e\n                        \u003cspan style\u003d\"padding-left: 25px;\"\u003e\n                           \u003cb\u003ePopulation:\u003c/b\u003e\n                        \u003c/span\u003e\n                        \u003cbr/\u003e\n                        \u003cspan style\u003d\"padding-left: 50px;\"\u003e\n                           \u003cb\u003etype: \u003c/b\u003e\n                        \u003c/span\u003e\n                        \u003cspan\u003edenominator-exclusion\u003c/span\u003e\n                        \u003cspan\u003e\n                           \u003cbr/\u003e\n                           \u003cspan style\u003d\"padding-left: 50px;\"\u003e\n                              \u003cb\u003ecount: \u003c/b\u003e\n                           \u003c/span\u003e\n                           \u003cspan\u003e0\u003c/span\u003e\n                        \u003c/span\u003e\n                        \u003cbr/\u003e\n                     \u003c/span\u003e\n                  \u003c/p\u003e\n                  \u003cp style\u003d\"padding-left: 25px; margin-bottom: 5px;\"\u003e\n                     \u003cb\u003eGroup:\u003c/b\u003e\n                     \u003cbr/\u003e\n                     \u003cspan style\u003d\"padding-left: 25px;\"\u003e\n                        \u003cb\u003evalue: \u003c/b\u003e\n                     \u003c/span\u003e\n                     \u003cspan\u003efalse\u003c/span\u003e\n                     \u003cbr/\u003e\n                     \u003cspan\u003e\n                        \u003cspan style\u003d\"padding-left: 25px;\"\u003e\n                           \u003cb\u003ePopulation:\u003c/b\u003e\n                        \u003c/span\u003e\n                        \u003cbr/\u003e\n                        \u003cspan style\u003d\"padding-left: 50px;\"\u003e\n                           \u003cb\u003etype: \u003c/b\u003e\n                        \u003c/span\u003e\n                        \u003cspan\u003einitial-population\u003c/span\u003e\n                        \u003cspan\u003e\n                           \u003cbr/\u003e\n                           \u003cspan style\u003d\"padding-left: 50px;\"\u003e\n                              \u003cb\u003ecount: \u003c/b\u003e\n                           \u003c/span\u003e\n                           \u003cspan\u003e0\u003c/span\u003e\n                        \u003c/span\u003e\n                        \u003cbr/\u003e\n                     \u003c/span\u003e\n                     \u003cspan\u003e\n                        \u003cspan style\u003d\"padding-left: 25px;\"\u003e\n                           \u003cb\u003ePopulation:\u003c/b\u003e\n                        \u003c/span\u003e\n                        \u003cbr/\u003e\n                        \u003cspan style\u003d\"padding-left: 50px;\"\u003e\n                           \u003cb\u003etype: \u003c/b\u003e\n                        \u003c/span\u003e\n                        \u003cspan\u003enumerator\u003c/span\u003e\n                        \u003cspan\u003e\n                           \u003cbr/\u003e\n                           \u003cspan style\u003d\"padding-left: 50px;\"\u003e\n                              \u003cb\u003ecount: \u003c/b\u003e\n                           \u003c/span\u003e\n                           \u003cspan\u003e0\u003c/span\u003e\n                        \u003c/span\u003e\n                        \u003cbr/\u003e\n                     \u003c/span\u003e\n                     \u003cspan\u003e\n                        \u003cspan style\u003d\"padding-left: 25px;\"\u003e\n                           \u003cb\u003ePopulation:\u003c/b\u003e\n                        \u003c/span\u003e\n                        \u003cbr/\u003e\n                        \u003cspan style\u003d\"padding-left: 50px;\"\u003e\n                           \u003cb\u003etype: \u003c/b\u003e\n                        \u003c/span\u003e\n                        \u003cspan\u003edenominator\u003c/span\u003e\n                        \u003cspan\u003e\n                           \u003cbr/\u003e\n                           \u003cspan style\u003d\"padding-left: 50px;\"\u003e\n                              \u003cb\u003ecount: \u003c/b\u003e\n                           \u003c/span\u003e\n                           \u003cspan\u003e0\u003c/span\u003e\n                        \u003c/span\u003e\n                        \u003cbr/\u003e\n                     \u003c/span\u003e\n                     \u003cspan\u003e\n                        \u003cspan style\u003d\"padding-left: 25px;\"\u003e\n                           \u003cb\u003ePopulation:\u003c/b\u003e\n                        \u003c/span\u003e\n                        \u003cbr/\u003e\n                        \u003cspan style\u003d\"padding-left: 50px;\"\u003e\n                           \u003cb\u003etype: \u003c/b\u003e\n                        \u003c/span\u003e\n                        \u003cspan\u003edenominator-exclusion\u003c/span\u003e\n                        \u003cspan\u003e\n                           \u003cbr/\u003e\n                           \u003cspan style\u003d\"padding-left: 50px;\"\u003e\n                              \u003cb\u003ecount: \u003c/b\u003e\n                           \u003c/span\u003e\n                           \u003cspan\u003e0\u003c/span\u003e\n                        \u003c/span\u003e\n                        \u003cbr/\u003e\n                     \u003c/span\u003e\n                  \u003c/p\u003e\n               \u003c/td\u003e\n            \u003c/tr\u003e\n            \u003ctr\u003e\n               \u003ctd style\u003d\"padding-left: 25px; padding-right: 25px;\"\u003e\n                  \u003cb\u003eStratifier:\u003c/b\u003e\n                  \u003cp style\u003d\"padding-left: 25px; margin-bottom: 5px;\"\u003e\n                     \u003cspan\u003e\n                        \u003cb\u003evalue: \u003c/b\u003e\n                        \u003cspan\u003eCMS146-group-1\u003c/span\u003e\n                     \u003c/span\u003e\n                  \u003c/p\u003e\n                  \u003cp style\u003d\"padding-left: 25px; margin-bottom: 5px;\"\u003e\n                     \u003cb\u003eGroup:\u003c/b\u003e\n                     \u003cbr/\u003e\n                     \u003cspan style\u003d\"padding-left: 25px;\"\u003e\n                        \u003cb\u003evalue: \u003c/b\u003e\n                     \u003c/span\u003e\n                     \u003cspan\u003etrue\u003c/span\u003e\n                     \u003cbr/\u003e\n                     \u003cspan\u003e\n                        \u003cspan style\u003d\"padding-left: 25px;\"\u003e\n                           \u003cb\u003ePopulation:\u003c/b\u003e\n                        \u003c/span\u003e\n                        \u003cbr/\u003e\n                        \u003cspan style\u003d\"padding-left: 50px;\"\u003e\n                           \u003cb\u003etype: \u003c/b\u003e\n                        \u003c/span\u003e\n                        \u003cspan\u003einitial-population\u003c/span\u003e\n                        \u003cspan\u003e\n                           \u003cbr/\u003e\n                           \u003cspan style\u003d\"padding-left: 50px;\"\u003e\n                              \u003cb\u003ecount: \u003c/b\u003e\n                           \u003c/span\u003e\n                           \u003cspan\u003e0\u003c/span\u003e\n                        \u003c/span\u003e\n                        \u003cbr/\u003e\n                     \u003c/span\u003e\n                     \u003cspan\u003e\n                        \u003cspan style\u003d\"padding-left: 25px;\"\u003e\n                           \u003cb\u003ePopulation:\u003c/b\u003e\n                        \u003c/span\u003e\n                        \u003cbr/\u003e\n                        \u003cspan style\u003d\"padding-left: 50px;\"\u003e\n                           \u003cb\u003etype: \u003c/b\u003e\n                        \u003c/span\u003e\n                        \u003cspan\u003enumerator\u003c/span\u003e\n                        \u003cspan\u003e\n                           \u003cbr/\u003e\n                           \u003cspan style\u003d\"padding-left: 50px;\"\u003e\n                              \u003cb\u003ecount: \u003c/b\u003e\n                           \u003c/span\u003e\n                           \u003cspan\u003e0\u003c/span\u003e\n                        \u003c/span\u003e\n                        \u003cbr/\u003e\n                     \u003c/span\u003e\n                     \u003cspan\u003e\n                        \u003cspan style\u003d\"padding-left: 25px;\"\u003e\n                           \u003cb\u003ePopulation:\u003c/b\u003e\n                        \u003c/span\u003e\n                        \u003cbr/\u003e\n                        \u003cspan style\u003d\"padding-left: 50px;\"\u003e\n                           \u003cb\u003etype: \u003c/b\u003e\n                        \u003c/span\u003e\n                        \u003cspan\u003edenominator\u003c/span\u003e\n                        \u003cspan\u003e\n                           \u003cbr/\u003e\n                           \u003cspan style\u003d\"padding-left: 50px;\"\u003e\n                              \u003cb\u003ecount: \u003c/b\u003e\n                           \u003c/span\u003e\n                           \u003cspan\u003e0\u003c/span\u003e\n                        \u003c/span\u003e\n                        \u003cbr/\u003e\n                     \u003c/span\u003e\n                     \u003cspan\u003e\n                        \u003cspan style\u003d\"padding-left: 25px;\"\u003e\n                           \u003cb\u003ePopulation:\u003c/b\u003e\n                        \u003c/span\u003e\n                        \u003cbr/\u003e\n                        \u003cspan style\u003d\"padding-left: 50px;\"\u003e\n                           \u003cb\u003etype: \u003c/b\u003e\n                        \u003c/span\u003e\n                        \u003cspan\u003edenominator-exclusion\u003c/span\u003e\n                        \u003cspan\u003e\n                           \u003cbr/\u003e\n                           \u003cspan style\u003d\"padding-left: 50px;\"\u003e\n                              \u003cb\u003ecount: \u003c/b\u003e\n                           \u003c/span\u003e\n                           \u003cspan\u003e0\u003c/span\u003e\n                        \u003c/span\u003e\n                        \u003cbr/\u003e\n                     \u003c/span\u003e\n                  \u003c/p\u003e\n                  \u003cp style\u003d\"padding-left: 25px; margin-bottom: 5px;\"\u003e\n                     \u003cb\u003eGroup:\u003c/b\u003e\n                     \u003cbr/\u003e\n                     \u003cspan style\u003d\"padding-left: 25px;\"\u003e\n                        \u003cb\u003evalue: \u003c/b\u003e\n                     \u003c/span\u003e\n                     \u003cspan\u003efalse\u003c/span\u003e\n                     \u003cbr/\u003e\n                     \u003cspan\u003e\n                        \u003cspan style\u003d\"padding-left: 25px;\"\u003e\n                           \u003cb\u003ePopulation:\u003c/b\u003e\n                        \u003c/span\u003e\n                        \u003cbr/\u003e\n                        \u003cspan style\u003d\"padding-left: 50px;\"\u003e\n                           \u003cb\u003etype: \u003c/b\u003e\n                        \u003c/span\u003e\n                        \u003cspan\u003einitial-population\u003c/span\u003e\n                        \u003cspan\u003e\n                           \u003cbr/\u003e\n                           \u003cspan style\u003d\"padding-left: 50px;\"\u003e\n                              \u003cb\u003ecount: \u003c/b\u003e\n                           \u003c/span\u003e\n                           \u003cspan\u003e1\u003c/span\u003e\n                        \u003c/span\u003e\n                        \u003cbr/\u003e\n                     \u003c/span\u003e\n                     \u003cspan\u003e\n                        \u003cspan style\u003d\"padding-left: 25px;\"\u003e\n                           \u003cb\u003ePopulation:\u003c/b\u003e\n                        \u003c/span\u003e\n                        \u003cbr/\u003e\n                        \u003cspan style\u003d\"padding-left: 50px;\"\u003e\n                           \u003cb\u003etype: \u003c/b\u003e\n                        \u003c/span\u003e\n                        \u003cspan\u003enumerator\u003c/span\u003e\n                        \u003cspan\u003e\n                           \u003cbr/\u003e\n                           \u003cspan style\u003d\"padding-left: 50px;\"\u003e\n                              \u003cb\u003ecount: \u003c/b\u003e\n                           \u003c/span\u003e\n                           \u003cspan\u003e1\u003c/span\u003e\n                        \u003c/span\u003e\n                        \u003cbr/\u003e\n                     \u003c/span\u003e\n                     \u003cspan\u003e\n                        \u003cspan style\u003d\"padding-left: 25px;\"\u003e\n                           \u003cb\u003ePopulation:\u003c/b\u003e\n                        \u003c/span\u003e\n                        \u003cbr/\u003e\n                        \u003cspan style\u003d\"padding-left: 50px;\"\u003e\n                           \u003cb\u003etype: \u003c/b\u003e\n                        \u003c/span\u003e\n                        \u003cspan\u003edenominator\u003c/span\u003e\n                        \u003cspan\u003e\n                           \u003cbr/\u003e\n                           \u003cspan style\u003d\"padding-left: 50px;\"\u003e\n                              \u003cb\u003ecount: \u003c/b\u003e\n                           \u003c/span\u003e\n                           \u003cspan\u003e1\u003c/span\u003e\n                        \u003c/span\u003e\n                        \u003cbr/\u003e\n                     \u003c/span\u003e\n                     \u003cspan\u003e\n                        \u003cspan style\u003d\"padding-left: 25px;\"\u003e\n                           \u003cb\u003ePopulation:\u003c/b\u003e\n                        \u003c/span\u003e\n                        \u003cbr/\u003e\n                        \u003cspan style\u003d\"padding-left: 50px;\"\u003e\n                           \u003cb\u003etype: \u003c/b\u003e\n                        \u003c/span\u003e\n                        \u003cspan\u003edenominator-exclusion\u003c/span\u003e\n                        \u003cspan\u003e\n                           \u003cbr/\u003e\n                           \u003cspan style\u003d\"padding-left: 50px;\"\u003e\n                              \u003cb\u003ecount: \u003c/b\u003e\n                           \u003c/span\u003e\n                           \u003cspan\u003e0\u003c/span\u003e\n                        \u003c/span\u003e\n                        \u003cbr/\u003e\n                     \u003c/span\u003e\n                  \u003c/p\u003e\n               \u003c/td\u003e\n            \u003c/tr\u003e\n            \u003ctr\u003e\n               \u003ctd style\u003d\"padding-left: 25px; padding-right: 25px;\"\u003e\n                  \u003cb\u003eStratifier:\u003c/b\u003e\n                  \u003cp style\u003d\"padding-left: 25px; margin-bottom: 5px;\"\u003e\n                     \u003cspan\u003e\n                        \u003cb\u003evalue: \u003c/b\u003e\n                        \u003cspan\u003eCMS146-group-1\u003c/span\u003e\n                     \u003c/span\u003e\n                  \u003c/p\u003e\n                  \u003cp style\u003d\"padding-left: 25px; margin-bottom: 5px;\"\u003e\n                     \u003cb\u003eGroup:\u003c/b\u003e\n                     \u003cbr/\u003e\n                     \u003cspan style\u003d\"padding-left: 25px;\"\u003e\n                        \u003cb\u003evalue: \u003c/b\u003e\n                     \u003c/span\u003e\n                     \u003cspan\u003emale\u003c/span\u003e\n                     \u003cbr/\u003e\n                     \u003cspan\u003e\n                        \u003cspan style\u003d\"padding-left: 25px;\"\u003e\n                           \u003cb\u003ePopulation:\u003c/b\u003e\n                        \u003c/span\u003e\n                        \u003cbr/\u003e\n                        \u003cspan style\u003d\"padding-left: 50px;\"\u003e\n                           \u003cb\u003etype: \u003c/b\u003e\n                        \u003c/span\u003e\n                        \u003cspan\u003einitial-population\u003c/span\u003e\n                        \u003cspan\u003e\n                           \u003cbr/\u003e\n                           \u003cspan style\u003d\"padding-left: 50px;\"\u003e\n                              \u003cb\u003ecount: \u003c/b\u003e\n                           \u003c/span\u003e\n                           \u003cspan\u003e1\u003c/span\u003e\n                        \u003c/span\u003e\n                        \u003cbr/\u003e\n                     \u003c/span\u003e\n                     \u003cspan\u003e\n                        \u003cspan style\u003d\"padding-left: 25px;\"\u003e\n                           \u003cb\u003ePopulation:\u003c/b\u003e\n                        \u003c/span\u003e\n                        \u003cbr/\u003e\n                        \u003cspan style\u003d\"padding-left: 50px;\"\u003e\n                           \u003cb\u003etype: \u003c/b\u003e\n                        \u003c/span\u003e\n                        \u003cspan\u003enumerator\u003c/span\u003e\n                        \u003cspan\u003e\n                           \u003cbr/\u003e\n                           \u003cspan style\u003d\"padding-left: 50px;\"\u003e\n                              \u003cb\u003ecount: \u003c/b\u003e\n                           \u003c/span\u003e\n                           \u003cspan\u003e1\u003c/span\u003e\n                        \u003c/span\u003e\n                        \u003cbr/\u003e\n                     \u003c/span\u003e\n                     \u003cspan\u003e\n                        \u003cspan style\u003d\"padding-left: 25px;\"\u003e\n                           \u003cb\u003ePopulation:\u003c/b\u003e\n                        \u003c/span\u003e\n                        \u003cbr/\u003e\n                        \u003cspan style\u003d\"padding-left: 50px;\"\u003e\n                           \u003cb\u003etype: \u003c/b\u003e\n                        \u003c/span\u003e\n                        \u003cspan\u003edenominator\u003c/span\u003e\n                        \u003cspan\u003e\n                           \u003cbr/\u003e\n                           \u003cspan style\u003d\"padding-left: 50px;\"\u003e\n                              \u003cb\u003ecount: \u003c/b\u003e\n                           \u003c/span\u003e\n                           \u003cspan\u003e1\u003c/span\u003e\n                        \u003c/span\u003e\n                        \u003cbr/\u003e\n                     \u003c/span\u003e\n                     \u003cspan\u003e\n                        \u003cspan style\u003d\"padding-left: 25px;\"\u003e\n                           \u003cb\u003ePopulation:\u003c/b\u003e\n                        \u003c/span\u003e\n                        \u003cbr/\u003e\n                        \u003cspan style\u003d\"padding-left: 50px;\"\u003e\n                           \u003cb\u003etype: \u003c/b\u003e\n                        \u003c/span\u003e\n                        \u003cspan\u003edenominator-exclusion\u003c/span\u003e\n                        \u003cspan\u003e\n                           \u003cbr/\u003e\n                           \u003cspan style\u003d\"padding-left: 50px;\"\u003e\n                              \u003cb\u003ecount: \u003c/b\u003e\n                           \u003c/span\u003e\n                           \u003cspan\u003e0\u003c/span\u003e\n                        \u003c/span\u003e\n                        \u003cbr/\u003e\n                     \u003c/span\u003e\n                  \u003c/p\u003e\n                  \u003cp style\u003d\"padding-left: 25px; margin-bottom: 5px;\"\u003e\n                     \u003cb\u003eGroup:\u003c/b\u003e\n                     \u003cbr/\u003e\n                     \u003cspan style\u003d\"padding-left: 25px;\"\u003e\n                        \u003cb\u003evalue: \u003c/b\u003e\n                     \u003c/span\u003e\n                     \u003cspan\u003efemale\u003c/span\u003e\n                     \u003cbr/\u003e\n                     \u003cspan\u003e\n                        \u003cspan style\u003d\"padding-left: 25px;\"\u003e\n                           \u003cb\u003ePopulation:\u003c/b\u003e\n                        \u003c/span\u003e\n                        \u003cbr/\u003e\n                        \u003cspan style\u003d\"padding-left: 50px;\"\u003e\n                           \u003cb\u003etype: \u003c/b\u003e\n                        \u003c/span\u003e\n                        \u003cspan\u003einitial-population\u003c/span\u003e\n                        \u003cspan\u003e\n                           \u003cbr/\u003e\n                           \u003cspan style\u003d\"padding-left: 50px;\"\u003e\n                              \u003cb\u003ecount: \u003c/b\u003e\n                           \u003c/span\u003e\n                           \u003cspan\u003e0\u003c/span\u003e\n                        \u003c/span\u003e\n                        \u003cbr/\u003e\n                     \u003c/span\u003e\n                     \u003cspan\u003e\n                        \u003cspan style\u003d\"padding-left: 25px;\"\u003e\n                           \u003cb\u003ePopulation:\u003c/b\u003e\n                        \u003c/span\u003e\n                        \u003cbr/\u003e\n                        \u003cspan style\u003d\"padding-left: 50px;\"\u003e\n                           \u003cb\u003etype: \u003c/b\u003e\n                        \u003c/span\u003e\n                        \u003cspan\u003enumerator\u003c/span\u003e\n                        \u003cspan\u003e\n                           \u003cbr/\u003e\n                           \u003cspan style\u003d\"padding-left: 50px;\"\u003e\n                              \u003cb\u003ecount: \u003c/b\u003e\n                           \u003c/span\u003e\n                           \u003cspan\u003e0\u003c/span\u003e\n                        \u003c/span\u003e\n                        \u003cbr/\u003e\n                     \u003c/span\u003e\n                     \u003cspan\u003e\n                        \u003cspan style\u003d\"padding-left: 25px;\"\u003e\n                           \u003cb\u003ePopulation:\u003c/b\u003e\n                        \u003c/span\u003e\n                        \u003cbr/\u003e\n                        \u003cspan style\u003d\"padding-left: 50px;\"\u003e\n                           \u003cb\u003etype: \u003c/b\u003e\n                        \u003c/span\u003e\n                        \u003cspan\u003edenominator\u003c/span\u003e\n                        \u003cspan\u003e\n                           \u003cbr/\u003e\n                           \u003cspan style\u003d\"padding-left: 50px;\"\u003e\n                              \u003cb\u003ecount: \u003c/b\u003e\n                           \u003c/span\u003e\n                           \u003cspan\u003e0\u003c/span\u003e\n                        \u003c/span\u003e\n                        \u003cbr/\u003e\n                     \u003c/span\u003e\n                     \u003cspan\u003e\n                        \u003cspan style\u003d\"padding-left: 25px;\"\u003e\n                           \u003cb\u003ePopulation:\u003c/b\u003e\n                        \u003c/span\u003e\n                        \u003cbr/\u003e\n                        \u003cspan style\u003d\"padding-left: 50px;\"\u003e\n                           \u003cb\u003etype: \u003c/b\u003e\n                        \u003c/span\u003e\n                        \u003cspan\u003edenominator-exclusion\u003c/span\u003e\n                        \u003cspan\u003e\n                           \u003cbr/\u003e\n                           \u003cspan style\u003d\"padding-left: 50px;\"\u003e\n                              \u003cb\u003ecount: \u003c/b\u003e\n                           \u003c/span\u003e\n                           \u003cspan\u003e0\u003c/span\u003e\n                        \u003c/span\u003e\n                        \u003cbr/\u003e\n                     \u003c/span\u003e\n                  \u003c/p\u003e\n                  \u003cp style\u003d\"padding-left: 25px; margin-bottom: 5px;\"\u003e\n                     \u003cb\u003eGroup:\u003c/b\u003e\n                     \u003cbr/\u003e\n                     \u003cspan style\u003d\"padding-left: 25px;\"\u003e\n                        \u003cb\u003evalue: \u003c/b\u003e\n                     \u003c/span\u003e\n                     \u003cspan\u003eother\u003c/span\u003e\n                     \u003cbr/\u003e\n                     \u003cspan\u003e\n                        \u003cspan style\u003d\"padding-left: 25px;\"\u003e\n                           \u003cb\u003ePopulation:\u003c/b\u003e\n                        \u003c/span\u003e\n                        \u003cbr/\u003e\n                        \u003cspan style\u003d\"padding-left: 50px;\"\u003e\n                           \u003cb\u003etype: \u003c/b\u003e\n                        \u003c/span\u003e\n                        \u003cspan\u003einitial-population\u003c/span\u003e\n                        \u003cspan\u003e\n                           \u003cbr/\u003e\n                           \u003cspan style\u003d\"padding-left: 50px;\"\u003e\n                              \u003cb\u003ecount: \u003c/b\u003e\n                           \u003c/span\u003e\n                           \u003cspan\u003e0\u003c/span\u003e\n                        \u003c/span\u003e\n                        \u003cbr/\u003e\n                     \u003c/span\u003e\n                     \u003cspan\u003e\n                        \u003cspan style\u003d\"padding-left: 25px;\"\u003e\n                           \u003cb\u003ePopulation:\u003c/b\u003e\n                        \u003c/span\u003e\n                        \u003cbr/\u003e\n                        \u003cspan style\u003d\"padding-left: 50px;\"\u003e\n                           \u003cb\u003etype: \u003c/b\u003e\n                        \u003c/span\u003e\n                        \u003cspan\u003enumerator\u003c/span\u003e\n                        \u003cspan\u003e\n                           \u003cbr/\u003e\n                           \u003cspan style\u003d\"padding-left: 50px;\"\u003e\n                              \u003cb\u003ecount: \u003c/b\u003e\n                           \u003c/span\u003e\n                           \u003cspan\u003e0\u003c/span\u003e\n                        \u003c/span\u003e\n                        \u003cbr/\u003e\n                     \u003c/span\u003e\n                     \u003cspan\u003e\n                        \u003cspan style\u003d\"padding-left: 25px;\"\u003e\n                           \u003cb\u003ePopulation:\u003c/b\u003e\n                        \u003c/span\u003e\n                        \u003cbr/\u003e\n                        \u003cspan style\u003d\"padding-left: 50px;\"\u003e\n                           \u003cb\u003etype: \u003c/b\u003e\n                        \u003c/span\u003e\n                        \u003cspan\u003edenominator\u003c/span\u003e\n                        \u003cspan\u003e\n                           \u003cbr/\u003e\n                           \u003cspan style\u003d\"padding-left: 50px;\"\u003e\n                              \u003cb\u003ecount: \u003c/b\u003e\n                           \u003c/span\u003e\n                           \u003cspan\u003e0\u003c/span\u003e\n                        \u003c/span\u003e\n                        \u003cbr/\u003e\n                     \u003c/span\u003e\n                     \u003cspan\u003e\n                        \u003cspan style\u003d\"padding-left: 25px;\"\u003e\n                           \u003cb\u003ePopulation:\u003c/b\u003e\n                        \u003c/span\u003e\n                        \u003cbr/\u003e\n                        \u003cspan style\u003d\"padding-left: 50px;\"\u003e\n                           \u003cb\u003etype: \u003c/b\u003e\n                        \u003c/span\u003e\n                        \u003cspan\u003edenominator-exclusion\u003c/span\u003e\n                        \u003cspan\u003e\n                           \u003cbr/\u003e\n                           \u003cspan style\u003d\"padding-left: 50px;\"\u003e\n                              \u003cb\u003ecount: \u003c/b\u003e\n                           \u003c/span\u003e\n                           \u003cspan\u003e0\u003c/span\u003e\n                        \u003c/span\u003e\n                        \u003cbr/\u003e\n                     \u003c/span\u003e\n                  \u003c/p\u003e\n                  \u003cp style\u003d\"padding-left: 25px; margin-bottom: 5px;\"\u003e\n                     \u003cb\u003eGroup:\u003c/b\u003e\n                     \u003cbr/\u003e\n                     \u003cspan style\u003d\"padding-left: 25px;\"\u003e\n                        \u003cb\u003evalue: \u003c/b\u003e\n                     \u003c/span\u003e\n                     \u003cspan\u003eunknown\u003c/span\u003e\n                     \u003cbr/\u003e\n                     \u003cspan\u003e\n                        \u003cspan style\u003d\"padding-left: 25px;\"\u003e\n                           \u003cb\u003ePopulation:\u003c/b\u003e\n                        \u003c/span\u003e\n                        \u003cbr/\u003e\n                        \u003cspan style\u003d\"padding-left: 50px;\"\u003e\n                           \u003cb\u003etype: \u003c/b\u003e\n                        \u003c/span\u003e\n                        \u003cspan\u003einitial-population\u003c/span\u003e\n                        \u003cspan\u003e\n                           \u003cbr/\u003e\n                           \u003cspan style\u003d\"padding-left: 50px;\"\u003e\n                              \u003cb\u003ecount: \u003c/b\u003e\n                           \u003c/span\u003e\n                           \u003cspan\u003e0\u003c/span\u003e\n                        \u003c/span\u003e\n                        \u003cbr/\u003e\n                     \u003c/span\u003e\n                     \u003cspan\u003e\n                        \u003cspan style\u003d\"padding-left: 25px;\"\u003e\n                           \u003cb\u003ePopulation:\u003c/b\u003e\n                        \u003c/span\u003e\n                        \u003cbr/\u003e\n                        \u003cspan style\u003d\"padding-left: 50px;\"\u003e\n                           \u003cb\u003etype: \u003c/b\u003e\n                        \u003c/span\u003e\n                        \u003cspan\u003enumerator\u003c/span\u003e\n                        \u003cspan\u003e\n                           \u003cbr/\u003e\n                           \u003cspan style\u003d\"padding-left: 50px;\"\u003e\n                              \u003cb\u003ecount: \u003c/b\u003e\n                           \u003c/span\u003e\n                           \u003cspan\u003e0\u003c/span\u003e\n                        \u003c/span\u003e\n                        \u003cbr/\u003e\n                     \u003c/span\u003e\n                     \u003cspan\u003e\n                        \u003cspan style\u003d\"padding-left: 25px;\"\u003e\n                           \u003cb\u003ePopulation:\u003c/b\u003e\n                        \u003c/span\u003e\n                        \u003cbr/\u003e\n                        \u003cspan style\u003d\"padding-left: 50px;\"\u003e\n                           \u003cb\u003etype: \u003c/b\u003e\n                        \u003c/span\u003e\n                        \u003cspan\u003edenominator\u003c/span\u003e\n                        \u003cspan\u003e\n                           \u003cbr/\u003e\n                           \u003cspan style\u003d\"padding-left: 50px;\"\u003e\n                              \u003cb\u003ecount: \u003c/b\u003e\n                           \u003c/span\u003e\n                           \u003cspan\u003e0\u003c/span\u003e\n                        \u003c/span\u003e\n                        \u003cbr/\u003e\n                     \u003c/span\u003e\n                     \u003cspan\u003e\n                        \u003cspan style\u003d\"padding-left: 25px;\"\u003e\n                           \u003cb\u003ePopulation:\u003c/b\u003e\n                        \u003c/span\u003e\n                        \u003cbr/\u003e\n                        \u003cspan style\u003d\"padding-left: 50px;\"\u003e\n                           \u003cb\u003etype: \u003c/b\u003e\n                        \u003c/span\u003e\n                        \u003cspan\u003edenominator-exclusion\u003c/span\u003e\n                        \u003cspan\u003e\n                           \u003cbr/\u003e\n                           \u003cspan style\u003d\"padding-left: 50px;\"\u003e\n                              \u003cb\u003ecount: \u003c/b\u003e\n                           \u003c/span\u003e\n                           \u003cspan\u003e0\u003c/span\u003e\n                        \u003c/span\u003e\n                        \u003cbr/\u003e\n                     \u003c/span\u003e\n                  \u003c/p\u003e\n               \u003c/td\u003e\n            \u003c/tr\u003e\n            \u003ctr\u003e\n               \u003ctd style\u003d\"padding-left: 25px; padding-right: 25px;\"\u003e\n                  \u003cb\u003eSupplemental:\u003c/b\u003e\n                  \u003cp style\u003d\"padding-left: 25px; margin-bottom: 5px;\"\u003e\n                     \u003cspan\u003e\n                        \u003cb\u003evalue: \u003c/b\u003e\n                        \u003cspan\u003esupplemental-data-gender\u003c/span\u003e\n                     \u003c/span\u003e\n                  \u003c/p\u003e\n                  \u003cp style\u003d\"padding-left: 25px; margin-bottom: 5px;\"\u003e\n                     \u003cb\u003eGroup:\u003c/b\u003e\n                     \u003cbr/\u003e\n                     \u003cspan style\u003d\"padding-left: 25px;\"\u003e\n                        \u003cb\u003evalue: \u003c/b\u003e\n                     \u003c/span\u003e\n                     \u003cspan\u003emale\u003c/span\u003e\n                     \u003cspan\u003e\n                        \u003cbr/\u003e\n                        \u003cspan style\u003d\"padding-left: 25px;\"\u003e\n                           \u003cb\u003ecount: \u003c/b\u003e\n                        \u003c/span\u003e\n                        \u003cspan\u003e1\u003c/span\u003e\n                     \u003c/span\u003e\n                  \u003c/p\u003e\n                  \u003cp style\u003d\"padding-left: 25px; margin-bottom: 5px;\"\u003e\n                     \u003cb\u003eGroup:\u003c/b\u003e\n                     \u003cbr/\u003e\n                     \u003cspan style\u003d\"padding-left: 25px;\"\u003e\n                        \u003cb\u003evalue: \u003c/b\u003e\n                     \u003c/span\u003e\n                     \u003cspan\u003efemale\u003c/span\u003e\n                     \u003cspan\u003e\n                        \u003cbr/\u003e\n                        \u003cspan style\u003d\"padding-left: 25px;\"\u003e\n                           \u003cb\u003ecount: \u003c/b\u003e\n                        \u003c/span\u003e\n                        \u003cspan\u003e0\u003c/span\u003e\n                     \u003c/span\u003e\n                  \u003c/p\u003e\n                  \u003cp style\u003d\"padding-left: 25px; margin-bottom: 5px;\"\u003e\n                     \u003cb\u003eGroup:\u003c/b\u003e\n                     \u003cbr/\u003e\n                     \u003cspan style\u003d\"padding-left: 25px;\"\u003e\n                        \u003cb\u003evalue: \u003c/b\u003e\n                     \u003c/span\u003e\n                     \u003cspan\u003eother\u003c/span\u003e\n                     \u003cspan\u003e\n                        \u003cbr/\u003e\n                        \u003cspan style\u003d\"padding-left: 25px;\"\u003e\n                           \u003cb\u003ecount: \u003c/b\u003e\n                        \u003c/span\u003e\n                        \u003cspan\u003e0\u003c/span\u003e\n                     \u003c/span\u003e\n                  \u003c/p\u003e\n                  \u003cp style\u003d\"padding-left: 25px; margin-bottom: 5px;\"\u003e\n                     \u003cb\u003eGroup:\u003c/b\u003e\n                     \u003cbr/\u003e\n                     \u003cspan style\u003d\"padding-left: 25px;\"\u003e\n                        \u003cb\u003evalue: \u003c/b\u003e\n                     \u003c/span\u003e\n                     \u003cspan\u003eunknown\u003c/span\u003e\n                     \u003cspan\u003e\n                        \u003cbr/\u003e\n                        \u003cspan style\u003d\"padding-left: 25px;\"\u003e\n                           \u003cb\u003ecount: \u003c/b\u003e\n                        \u003c/span\u003e\n                        \u003cspan\u003e0\u003c/span\u003e\n                     \u003c/span\u003e\n                  \u003c/p\u003e\n               \u003c/td\u003e\n            \u003c/tr\u003e\n            \u003ctr\u003e\n               \u003ctd style\u003d\"padding-left: 25px; padding-right: 25px;\"\u003e\n                  \u003cb\u003eSupplemental:\u003c/b\u003e\n                  \u003cp style\u003d\"padding-left: 25px; margin-bottom: 5px;\"\u003e\n                     \u003cspan\u003e\n                        \u003cb\u003evalue: \u003c/b\u003e\n                        \u003cspan\u003esupplemental-data-deceased\u003c/span\u003e\n                     \u003c/span\u003e\n                  \u003c/p\u003e\n                  \u003cp style\u003d\"padding-left: 25px; margin-bottom: 5px;\"\u003e\n                     \u003cb\u003eGroup:\u003c/b\u003e\n                     \u003cbr/\u003e\n                     \u003cspan style\u003d\"padding-left: 25px;\"\u003e\n                        \u003cb\u003evalue: \u003c/b\u003e\n                     \u003c/span\u003e\n                     \u003cspan\u003etrue\u003c/span\u003e\n                     \u003cspan\u003e\n                        \u003cbr/\u003e\n                        \u003cspan style\u003d\"padding-left: 25px;\"\u003e\n                           \u003cb\u003ecount: \u003c/b\u003e\n                        \u003c/span\u003e\n                        \u003cspan\u003e0\u003c/span\u003e\n                     \u003c/span\u003e\n                  \u003c/p\u003e\n                  \u003cp style\u003d\"padding-left: 25px; margin-bottom: 5px;\"\u003e\n                     \u003cb\u003eGroup:\u003c/b\u003e\n                     \u003cbr/\u003e\n                     \u003cspan style\u003d\"padding-left: 25px;\"\u003e\n                        \u003cb\u003evalue: \u003c/b\u003e\n                     \u003c/span\u003e\n                     \u003cspan\u003efalse\u003c/span\u003e\n                     \u003cspan\u003e\n                        \u003cbr/\u003e\n                        \u003cspan style\u003d\"padding-left: 25px;\"\u003e\n                           \u003cb\u003ecount: \u003c/b\u003e\n                        \u003c/span\u003e\n                        \u003cspan\u003e1\u003c/span\u003e\n                     \u003c/span\u003e\n                  \u003c/p\u003e\n               \u003c/td\u003e\n            \u003c/tr\u003e\n         \u003c/table\u003e\n         \u003cp/\u003e\n         \u003ctable class\u003d\"grid dict\"\u003e\n            \u003ctr\u003e\n               \u003ctd\u003e\n                  \u003cb\u003eEvaluated Resources: \u003c/b\u003e\n               \u003c/td\u003e\n            \u003c/tr\u003e\n            \u003ctr\u003e\n               \u003ctd style\u003d\"padding-right: 25px;\"\u003e\n                  \u003cspan style\u003d\"padding-left: 25px;\"\u003e\n                     \u003cb\u003ereference: \u003c/b\u003e\n                     \u003cspan\u003eBundle/456\u003c/span\u003e\n                     \u003cbr/\u003e\n                  \u003c/span\u003e\n               \u003c/td\u003e\n            \u003c/tr\u003e\n         \u003c/table\u003e\n      \u003c/div\u003e"
  },
  "contained": [
    {
      "resourceType": "Organization",
      "id": "reporter",
      "name": "Good Health Hospital"
    }
  ],
  "identifier": [
    {
      "value": "measurereport-cms146-cat1-example-2017-03-13"
    }
  ],
  "status": "complete",
  "type": "individual",
  "measure": "Measure/CMS146",
  "subject": {
    "reference": "Patient/123"
  },
  "date": "2014-04-01T11:15:33+10:00",
  "reporter": {
    "reference": "#reporter"
  },
  "period": {
    "start": "2014-01-01T11:15:33+10:00",
    "end": "2014-03-31T11:15:33+10:00"
  },
  "group": [
    {
      "id": "CMS146-group-1",
      "population": [
        {
          "code": {
            "coding": [
              {
                "code": "initial-population"
              }
            ]
          },
          "count": 1
        },
        {
          "code": {
            "coding": [
              {
                "code": "numerator"
              }
            ]
          },
          "count": 1
        },
        {
          "code": {
            "coding": [
              {
                "code": "denominator"
              }
            ]
          },
          "count": 1
        },
        {
          "code": {
            "coding": [
              {
                "code": "denominator-exclusion"
              }
            ]
          },
          "count": 0
        }
      ],
      "stratifier": [
        {
          "code": [
            {
              "text": "stratifier-ages-up-to-9"
            }
          ],
          "stratum": [
            {
              "value": {
                "text": "true"
              },
              "population": [
                {
                  "code": {
                    "coding": [
                      {
                        "code": "initial-population"
                      }
                    ]
                  },
                  "count": 1
                },
                {
                  "code": {
                    "coding": [
                      {
                        "code": "numerator"
                      }
                    ]
                  },
                  "count": 1
                },
                {
                  "code": {
                    "coding": [
                      {
                        "code": "denominator"
                      }
                    ]
                  },
                  "count": 1
                },
                {
                  "code": {
                    "coding": [
                      {
                        "code": "denominator-exclusion"
                      }
                    ]
                  },
                  "count": 0
                }
              ]
            },
            {
              "value": {
                "text": "false"
              },
              "population": [
                {
                  "code": {
                    "coding": [
                      {
                        "code": "initial-population"
                      }
                    ]
                  },
                  "count": 0
                },
                {
                  "code": {
                    "coding": [
                      {
                        "code": "numerator"
                      }
                    ]
                  },
                  "count": 0
                },
                {
                  "code": {
                    "coding": [
                      {
                        "code": "denominator"
                      }
                    ]
                  },
                  "count": 0
                },
                {
                  "code": {
                    "coding": [
                      {
                        "code": "denominator-exclusion"
                      }
                    ]
                  },
                  "count": 0
                }
              ]
            }
          ]
        },
        {
          "code": [
            {
              "text": "stratifier-ages-10-plus"
            }
          ],
          "stratum": [
            {
              "value": {
                "text": "true"
              },
              "population": [
                {
                  "code": {
                    "coding": [
                      {
                        "code": "initial-population"
                      }
                    ]
                  },
                  "count": 0
                },
                {
                  "code": {
                    "coding": [
                      {
                        "code": "numerator"
                      }
                    ]
                  },
                  "count": 0
                },
                {
                  "code": {
                    "coding": [
                      {
                        "code": "denominator"
                      }
                    ]
                  },
                  "count": 0
                },
                {
                  "code": {
                    "coding": [
                      {
                        "code": "denominator-exclusion"
                      }
                    ]
                  },
                  "count": 0
                }
              ]
            },
            {
              "value": {
                "text": "false"
              },
              "population": [
                {
                  "code": {
                    "coding": [
                      {
                        "code": "initial-population"
                      }
                    ]
                  },
                  "count": 1
                },
                {
                  "code": {
                    "coding": [
                      {
                        "code": "numerator"
                      }
                    ]
                  },
                  "count": 1
                },
                {
                  "code": {
                    "coding": [
                      {
                        "code": "denominator"
                      }
                    ]
                  },
                  "count": 1
                },
                {
                  "code": {
                    "coding": [
                      {
                        "code": "denominator-exclusion"
                      }
                    ]
                  },
                  "count": 0
                }
              ]
            }
          ]
        },
        {
          "code": [
            {
              "text": "stratifier-gender"
            }
          ],
          "stratum": [
            {
              "value": {
                "text": "male"
              },
              "population": [
                {
                  "code": {
                    "coding": [
                      {
                        "code": "initial-population"
                      }
                    ]
                  },
                  "count": 1
                },
                {
                  "code": {
                    "coding": [
                      {
                        "code": "numerator"
                      }
                    ]
                  },
                  "count": 1
                },
                {
                  "code": {
                    "coding": [
                      {
                        "code": "denominator"
                      }
                    ]
                  },
                  "count": 1
                },
                {
                  "code": {
                    "coding": [
                      {
                        "code": "denominator-exclusion"
                      }
                    ]
                  },
                  "count": 0
                }
              ]
            },
            {
              "value": {
                "text": "female"
              },
              "population": [
                {
                  "code": {
                    "coding": [
                      {
                        "code": "initial-population"
                      }
                    ]
                  },
                  "count": 0
                },
                {
                  "code": {
                    "coding": [
                      {
                        "code": "numerator"
                      }
                    ]
                  },
                  "count": 0
                },
                {
                  "code": {
                    "coding": [
                      {
                        "code": "denominator"
                      }
                    ]
                  },
                  "count": 0
                },
                {
                  "code": {
                    "coding": [
                      {
                        "code": "denominator-exclusion"
                      }
                    ]
                  },
                  "count": 0
                }
              ]
            },
            {
              "value": {
                "text": "other"
              },
              "population": [
                {
                  "code": {
                    "coding": [
                      {
                        "code": "initial-population"
                      }
                    ]
                  },
                  "count": 0
                },
                {
                  "code": {
                    "coding": [
                      {
                        "code": "numerator"
                      }
                    ]
                  },
                  "count": 0
                },
                {
                  "code": {
                    "coding": [
                      {
                        "code": "denominator"
                      }
                    ]
                  },
                  "count": 0
                },
                {
                  "code": {
                    "coding": [
                      {
                        "code": "denominator-exclusion"
                      }
                    ]
                  },
                  "count": 0
                }
              ]
            },
            {
              "value": {
                "text": "unknown"
              },
              "population": [
                {
                  "code": {
                    "coding": [
                      {
                        "code": "initial-population"
                      }
                    ]
                  },
                  "count": 0
                },
                {
                  "code": {
                    "coding": [
                      {
                        "code": "numerator"
                      }
                    ]
                  },
                  "count": 0
                },
                {
                  "code": {
                    "coding": [
                      {
                        "code": "denominator"
                      }
                    ]
                  },
                  "count": 0
                },
                {
                  "code": {
                    "coding": [
                      {
                        "code": "denominator-exclusion"
                      }
                    ]
                  },
                  "count": 0
                }
              ]
            }
          ]
        }
      ]
    }
  ],
  "evaluatedResource": [
    {
      "reference": "Condition/123"
    }
  ],
  "meta": {
    "tag": [
      {
        "system": "http://terminology.hl7.org/CodeSystem/v3-ActReason",
        "code": "HTEST",
        "display": "test health data"
      }
    ]
  }
}