{
  "resourceType": "MedicationRequest",
  "id": "medrx0310",
  "text": {
    "status": "generated",
    "div": "\u003cdiv xmlns\u003d\"http://www.w3.org/1999/xhtml\"\u003e\u003cp\u003e\u003cb\u003eGenerated Narrative with Details\u003c/b\u003e\u003c/p\u003e\u003cp\u003e\u003cb\u003eid\u003c/b\u003e: medrx0310\u003c/p\u003e\u003cp\u003e\u003cb\u003econtained\u003c/b\u003e: \u003c/p\u003e\u003cp\u003e\u003cb\u003eidentifier\u003c/b\u003e: 12345689 (OFFICIAL)\u003c/p\u003e\u003cp\u003e\u003cb\u003estatus\u003c/b\u003e: active\u003c/p\u003e\u003cp\u003e\u003cb\u003eintent\u003c/b\u003e: order\u003c/p\u003e\u003cp\u003e\u003cb\u003emedication\u003c/b\u003e: id: med0309; Tylenol PM \u003cspan\u003e(Details : {http://hl7.org/fhir/sid/ndc code \u002750580-506-02\u0027 \u003d \u0027n/a\u0027, given as \u0027Tylenol PM\u0027})\u003c/span\u003e\u003c/p\u003e\u003cp\u003e\u003cb\u003esubject\u003c/b\u003e: \u003ca\u003eDonald Duck\u003c/a\u003e\u003c/p\u003e\u003cp\u003e\u003cb\u003eencounter\u003c/b\u003e: \u003ca\u003eencounter who leads to this prescription\u003c/a\u003e\u003c/p\u003e\u003cp\u003e\u003cb\u003eauthoredOn\u003c/b\u003e: 15/01/2015\u003c/p\u003e\u003cp\u003e\u003cb\u003erequester\u003c/b\u003e: \u003ca\u003ePatrick Pump\u003c/a\u003e\u003c/p\u003e\u003cp\u003e\u003cb\u003edosageInstruction\u003c/b\u003e: \u003c/p\u003e\u003c/div\u003e"
  },
  "contained": [
    {
      "resourceType": "Medication",
      "id": "med0309",
      "code": {
        "coding": [
          {
            "system": "http://hl7.org/fhir/sid/ndc",
            "code": "50580-506-02",
            "display": "Tylenol PM"
          }
        ]
      }
    }
  ],
  "identifier": [
    {
      "use": "official",
      "system": "http://www.bmc.nl/portal/prescriptions",
      "value": "12345689"
    }
  ],
  "status": "active",
  "intent": "order",
  "medicationReference": {
    "reference": "#med0309"
  },
  "subject": {
    "reference": "Patient/pat1",
    "display": "Donald Duck"
  },
  "encounter": {
    "reference": "Encounter/f001",
    "display": "encounter who leads to this prescription"
  },
  "authoredOn": "2015-01-15T11:15:33+10:00",
  "requester": {
    "reference": "Practitioner/f007",
    "display": "Patrick Pump"
  },
  "dosageInstruction": [
    {
      "sequence": 1,
      "text": "Take 1-2 tablets once daily at bedtime as needed for restless legs",
      "additionalInstruction": [
        {
          "text": "Take at bedtime"
        }
      ],
      "timing": {
        "repeat": {
          "frequency": 1,
          "period": 1,
          "periodUnit": "d"
        }
      },
      "asNeededCodeableConcept": {
        "coding": [
          {
            "system": "http://snomed.info/sct",
            "code": "32914008",
            "display": "Restless Legs"
          }
        ]
      },
      "route": {
        "coding": [
          {
            "system": "http://snomed.info/sct",
            "code": "26643006",
            "display": "Oral Route"
          }
        ]
      },
      "doseAndRate": [
        {
          "type": {
            "coding": [
              {
                "system": "http://terminology.hl7.org/CodeSystem/dose-rate-type",
                "code": "ordered",
                "display": "Ordered"
              }
            ]
          },
          "doseRange": {
            "low": {
              "value": 1,
              "unit": "TAB",
              "system": "http://terminology.hl7.org/CodeSystem/v3-orderableDrugForm",
              "code": "TAB"
            },
            "high": {
              "value": 2,
              "unit": "TAB",
              "system": "http://terminology.hl7.org/CodeSystem/v3-orderableDrugForm",
              "code": "TAB"
            }
          }
        }
      ]
    }
  ],
  "meta": {
    "tag": [
      {
        "system": "http://terminology.hl7.org/CodeSystem/v3-ActReason",
        "code": "HTEST",
        "display": "test health data"
      }
    ]
  }
}