{
  "resourceType": "NutritionOrder",
  "id": "enteralbolus",
  "text": {
    "status": "generated",
    "div": "\u003cdiv xmlns\u003d\"http://www.w3.org/1999/xhtml\"\u003e\u003cp\u003e\u003cb\u003eGenerated Narrative with Details\u003c/b\u003e\u003c/p\u003e\u003cp\u003e\u003cb\u003eid\u003c/b\u003e: enteralbolus\u003c/p\u003e\u003cp\u003e\u003cb\u003eidentifier\u003c/b\u003e: 123\u003c/p\u003e\u003cp\u003e\u003cb\u003estatus\u003c/b\u003e: active\u003c/p\u003e\u003cp\u003e\u003cb\u003eintent\u003c/b\u003e: order\u003c/p\u003e\u003cp\u003e\u003cb\u003epatient\u003c/b\u003e: \u003ca\u003ePeter Chalmers\u003c/a\u003e\u003c/p\u003e\u003cp\u003e\u003cb\u003eencounter\u003c/b\u003e: \u003ca\u003eInpatient\u003c/a\u003e\u003c/p\u003e\u003cp\u003e\u003cb\u003edateTime\u003c/b\u003e: 17/09/2014\u003c/p\u003e\u003cp\u003e\u003cb\u003eorderer\u003c/b\u003e: \u003ca\u003eDr Adam Careful\u003c/a\u003e\u003c/p\u003e\u003cp\u003e\u003cb\u003eallergyIntolerance\u003c/b\u003e: \u003ca\u003eCashew Nuts\u003c/a\u003e\u003c/p\u003e\u003cp\u003e\u003cb\u003efoodPreferenceModifier\u003c/b\u003e: Dairy Free \u003cspan\u003e(Details : {http://terminology.hl7.org/CodeSystem/diet code \u0027dairy-free\u0027 \u003d \u0027Dairy Free)\u003c/span\u003e\u003c/p\u003e\u003cp\u003e\u003cb\u003eexcludeFoodModifier\u003c/b\u003e: Cashew Nut \u003cspan\u003e(Details : {SNOMED CT code \u0027227493005\u0027 \u003d \u0027Cashew nuts\u0027, given as \u0027Cashew Nut\u0027})\u003c/span\u003e\u003c/p\u003e\u003cblockquote\u003e\u003cp\u003e\u003cb\u003eenteralFormula\u003c/b\u003e\u003c/p\u003e\u003cp\u003e\u003cb\u003ebaseFormulaType\u003c/b\u003e: Adult high protein formula \u003cspan\u003e(Details : {SNOMED CT code \u0027442991000124104\u0027 \u003d \u0027Adult high protein formula (product)\u0027, given as \u0027Adult high protein formula\u0027})\u003c/span\u003e\u003c/p\u003e\u003cp\u003e\u003cb\u003ebaseFormulaProductName\u003c/b\u003e: Acme High Protein Formula\u003c/p\u003e\u003cp\u003e\u003cb\u003eadditiveType\u003c/b\u003e: Lipid \u003cspan\u003e(Details : {http://terminology.hl7.org/CodeSystem/entformula-additive code \u0027lipid\u0027 \u003d \u0027Lipid\u0027, given as \u0027Lipid\u0027})\u003c/span\u003e\u003c/p\u003e\u003cp\u003e\u003cb\u003eadditiveProductName\u003c/b\u003e: Acme Lipid Additive\u003c/p\u003e\u003cp\u003e\u003cb\u003ecaloricDensity\u003c/b\u003e: 1.5 calories per milliliter\u003cspan\u003e (Details: UCUM code cal/mL \u003d \u0027cal/mL\u0027)\u003c/span\u003e\u003c/p\u003e\u003cp\u003e\u003cb\u003erouteofAdministration\u003c/b\u003e: Instillation, gastrostomy tube \u003cspan\u003e(Details : {http://terminology.hl7.org/CodeSystem/v3-RouteOfAdministration code \u0027GT\u0027 \u003d \u0027Instillation, gastrostomy tube\u0027, given as \u0027Instillation, gastrostomy tube\u0027})\u003c/span\u003e\u003c/p\u003e\u003ch3\u003eAdministrations\u003c/h3\u003e\u003ctable\u003e\u003ctr\u003e\u003ctd\u003e-\u003c/td\u003e\u003ctd\u003e\u003cb\u003eSchedule\u003c/b\u003e\u003c/td\u003e\u003ctd\u003e\u003cb\u003eQuantity\u003c/b\u003e\u003c/td\u003e\u003c/tr\u003e\u003ctr\u003e\u003ctd\u003e*\u003c/td\u003e\u003ctd\u003eStarting 17/09/2014 4:00:00 PM, Do Once per 4 hours\u003c/td\u003e\u003ctd\u003e240 milliliters\u003cspan\u003e (Details: UCUM code mL \u003d \u0027mL\u0027)\u003c/span\u003e\u003c/td\u003e\u003c/tr\u003e\u003c/table\u003e\u003cp\u003e\u003cb\u003emaxVolumeToDeliver\u003c/b\u003e: 1440 milliliter/day\u003cspan\u003e (Details: UCUM code mL/d \u003d \u0027mL/d\u0027)\u003c/span\u003e\u003c/p\u003e\u003cp\u003e\u003cb\u003eadministrationInstruction\u003c/b\u003e: 240 mls every 4hrs \u003c/p\u003e\u003c/blockquote\u003e\u003c/div\u003e"
  },
  "identifier": [
    {
      "system": "http://www.acme.org/nutritionorders",
      "value": "123"
    }
  ],
  "status": "active",
  "intent": "order",
  "patient": {
    "reference": "Patient/example",
    "display": "Peter Chalmers"
  },
  "encounter": {
    "reference": "Encounter/example",
    "display": "Inpatient"
  },
  "dateTime": "2014-09-17T11:15:33+10:00",
  "orderer": {
    "reference": "Practitioner/example",
    "display": "Dr Adam Careful"
  },
  "allergyIntolerance": [
    {
      "reference": "AllergyIntolerance/example",
      "display": "Cashew Nuts"
    }
  ],
  "foodPreferenceModifier": [
    {
      "coding": [
        {
          "system": "http://terminology.hl7.org/CodeSystem/diet",
          "code": "dairy-free"
        }
      ]
    }
  ],
  "excludeFoodModifier": [
    {
      "coding": [
        {
          "system": "http://snomed.info/sct",
          "version": "20140730",
          "code": "227493005",
          "display": "Cashew Nut"
        }
      ]
    }
  ],
  "enteralFormula": {
    "baseFormulaType": {
      "coding": [
        {
          "system": "http://snomed.info/sct",
          "code": "442991000124104",
          "display": "Adult high protein formula"
        }
      ]
    },
    "baseFormulaProductName": "Acme High Protein Formula",
    "additiveType": {
      "coding": [
        {
          "system": "http://terminology.hl7.org/CodeSystem/entformula-additive",
          "code": "lipid",
          "display": "Lipid"
        }
      ]
    },
    "additiveProductName": "Acme Lipid Additive",
    "caloricDensity": {
      "value": 1.5,
      "unit": "calories per milliliter",
      "system": "http://unitsofmeasure.org",
      "code": "cal/mL"
    },
    "routeofAdministration": {
      "coding": [
        {
          "system": "http://terminology.hl7.org/CodeSystem/v3-RouteOfAdministration",
          "code": "GT",
          "display": "Instillation, gastrostomy tube"
        }
      ]
    },
    "administration": [
      {
        "schedule": {
          "repeat": {
            "boundsPeriod": {
              "start": "2014-09-17T16:00:00Z"
            },
            "frequency": 1,
            "period": 4,
            "periodUnit": "h"
          }
        },
        "quantity": {
          "value": 240,
          "unit": "milliliters",
          "system": "http://unitsofmeasure.org",
          "code": "mL"
        }
      }
    ],
    "maxVolumeToDeliver": {
      "value": 1440,
      "unit": "milliliter/day",
      "system": "http://unitsofmeasure.org",
      "code": "mL/d"
    },
    "administrationInstruction": "240 mls every 4hrs "
  },
  "meta": {
    "tag": [
      {
        "system": "http://terminology.hl7.org/CodeSystem/v3-ActReason",
        "code": "HTEST",
        "display": "test health data"
      }
    ]
  }
}