{
  "resourceType": "Observation",
  "id": "respiratory-rate",
  "meta": {
    "profile": [
      "http://hl7.org/fhir/StructureDefinition/vitalsigns"
    ],
    "tag": [
      {
        "system": "http://terminology.hl7.org/CodeSystem/v3-ActReason",
        "code": "HTEST",
        "display": "test health data"
      }
    ]
  },
  "text": {
    "status": "generated",
    "div": "\u003cdiv xmlns\u003d\"http://www.w3.org/1999/xhtml\"\u003e\u003cp\u003e\u003cb\u003eGenerated Narrative with Details\u003c/b\u003e\u003c/p\u003e\u003cp\u003e\u003cb\u003eid\u003c/b\u003e: respiratory-rate\u003c/p\u003e\u003cp\u003e\u003cb\u003emeta\u003c/b\u003e: \u003c/p\u003e\u003cp\u003e\u003cb\u003estatus\u003c/b\u003e: final\u003c/p\u003e\u003cp\u003e\u003cb\u003ecategory\u003c/b\u003e: Vital Signs \u003cspan\u003e(Details : {http://terminology.hl7.org/CodeSystem/observation-category code \u0027vital-signs\u0027 \u003d \u0027Vital Signs\u0027, given as \u0027Vital Signs\u0027})\u003c/span\u003e\u003c/p\u003e\u003cp\u003e\u003cb\u003ecode\u003c/b\u003e: Respiratory rate \u003cspan\u003e(Details : {LOINC code \u00279279-1\u0027 \u003d \u0027Respiratory rate\u0027, given as \u0027Respiratory rate\u0027})\u003c/span\u003e\u003c/p\u003e\u003cp\u003e\u003cb\u003esubject\u003c/b\u003e: \u003ca\u003ePatient/example\u003c/a\u003e\u003c/p\u003e\u003cp\u003e\u003cb\u003eeffective\u003c/b\u003e: 02/07/1999\u003c/p\u003e\u003cp\u003e\u003cb\u003evalue\u003c/b\u003e: 26 breaths/minute\u003cspan\u003e (Details: UCUM code /min \u003d \u0027/min\u0027)\u003c/span\u003e\u003c/p\u003e\u003c/div\u003e"
  },
  "status": "final",
  "category": [
    {
      "coding": [
        {
          "system": "http://terminology.hl7.org/CodeSystem/observation-category",
          "code": "vital-signs",
          "display": "Vital Signs"
        }
      ],
      "text": "Vital Signs"
    }
  ],
  "code": {
    "coding": [
      {
        "system": "http://loinc.org",
        "code": "9279-1",
        "display": "Respiratory rate"
      }
    ],
    "text": "Respiratory rate"
  },
  "subject": {
    "reference": "Patient/example"
  },
  "effectiveDateTime": "1999-07-02T11:15:33+10:00",
  "valueQuantity": {
    "value": 26,
    "unit": "breaths/minute",
    "system": "http://unitsofmeasure.org",
    "code": "/min"
  }
}