{
  "resourceType": "Patient",
  "id": "infant-twin-1",
  "text": {
    "status": "generated",
    "div": "\u003cdiv xmlns\u003d\"http://www.w3.org/1999/xhtml\"\u003e\u003cp\u003e\u003cb\u003eGenerated Narrative with Details\u003c/b\u003e\u003c/p\u003e\u003cp\u003e\u003cb\u003eid\u003c/b\u003e: infant-twin-1\u003c/p\u003e\u003cp\u003e\u003cb\u003eidentifier\u003c/b\u003e: Medical record number \u003d MRN7465737865, 7465737865\u003c/p\u003e\u003cp\u003e\u003cb\u003ename\u003c/b\u003e: Jaina Solo (OFFICIAL)\u003c/p\u003e\u003cp\u003e\u003cb\u003egender\u003c/b\u003e: female\u003c/p\u003e\u003cp\u003e\u003cb\u003ebirthDate\u003c/b\u003e: 15/05/2017\u003c/p\u003e\u003cp\u003e\u003cb\u003emultipleBirth\u003c/b\u003e: 1\u003c/p\u003e\u003ch3\u003eContacts\u003c/h3\u003e\u003ctable\u003e\u003ctr\u003e\u003ctd\u003e-\u003c/td\u003e\u003ctd\u003e\u003cb\u003eRelationship\u003c/b\u003e\u003c/td\u003e\u003ctd\u003e\u003cb\u003eName\u003c/b\u003e\u003c/td\u003e\u003ctd\u003e\u003cb\u003eTelecom\u003c/b\u003e\u003c/td\u003e\u003c/tr\u003e\u003ctr\u003e\u003ctd\u003e*\u003c/td\u003e\u003ctd\u003eMother \u003cspan\u003e(Details : {SNOMED CT code \u002772705000\u0027 \u003d \u0027Mother\u0027, given as \u0027Mother\u0027}; {http://terminology.hl7.org/CodeSystem/v2-0131 code \u0027N\u0027 \u003d \u0027Next-of-Kin; {http://terminology.hl7.org/CodeSystem/v3-RoleCode code \u0027MTH\u0027 \u003d \u0027mother)\u003c/span\u003e\u003c/td\u003e\u003ctd\u003eLeia Organa (MAIDEN)\u003c/td\u003e\u003ctd\u003eph: +31201234567(MOBILE)\u003c/td\u003e\u003c/tr\u003e\u003c/table\u003e\u003c/div\u003e"
  },
  "extension": [
    {
      "url": "http://hl7.org/fhir/StructureDefinition/patient-mothersMaidenName",
      "valueString": "Organa"
    }
  ],
  "identifier": [
    {
      "type": {
        "coding": [
          {
            "system": "http://terminology.hl7.org/CodeSystem/v2-0203",
            "code": "MR"
          }
        ]
      },
      "system": "http://coruscanthealth.org/main-hospital/patient-identifier",
      "value": "MRN7465737865"
    },
    {
      "system": "http://new-republic.gov/galactic-citizen-identifier",
      "value": "7465737865"
    }
  ],
  "name": [
    {
      "use": "official",
      "family": "Solo",
      "given": [
        "Jaina"
      ]
    }
  ],
  "gender": "female",
  "birthDate": "2017-05-15",
  "_birthDate": {
    "extension": [
      {
        "url": "http://hl7.org/fhir/StructureDefinition/patient-birthTime",
        "valueDateTime": "2017-05-15T17:11:00+01:00"
      }
    ]
  },
  "multipleBirthInteger": 1,
  "contact": [
    {
      "relationship": [
        {
          "coding": [
            {
              "system": "http://snomed.info/sct",
              "code": "72705000",
              "display": "Mother"
            },
            {
              "system": "http://terminology.hl7.org/CodeSystem/v2-0131",
              "code": "N"
            },
            {
              "system": "http://terminology.hl7.org/CodeSystem/v3-RoleCode",
              "code": "MTH"
            }
          ]
        }
      ],
      "name": {
        "use": "maiden",
        "family": "Organa",
        "given": [
          "Leia"
        ]
      },
      "telecom": [
        {
          "system": "phone",
          "value": "+31201234567",
          "use": "mobile"
        }
      ]
    }
  ],
  "meta": {
    "tag": [
      {
        "system": "http://terminology.hl7.org/CodeSystem/v3-ActReason",
        "code": "HTEST",
        "display": "test health data"
      }
    ]
  }
}