{
  "resourceType": "Procedure",
  "id": "example-implant",
  "text": {
    "status": "generated",
    "div": "\u003cdiv xmlns\u003d\"http://www.w3.org/1999/xhtml\"\u003e\u003cp\u003e\u003cb\u003eGenerated Narrative with Details\u003c/b\u003e\u003c/p\u003e\u003cp\u003e\u003cb\u003eid\u003c/b\u003e: example-implant\u003c/p\u003e\u003cp\u003e\u003cb\u003estatus\u003c/b\u003e: completed\u003c/p\u003e\u003cp\u003e\u003cb\u003ecode\u003c/b\u003e: Implant Pacemaker \u003cspan\u003e(Details : {SNOMED CT code \u002725267002\u0027 \u003d \u0027Insertion of intracardiac pacemaker\u0027, given as \u0027Insertion of intracardiac pacemaker (procedure)\u0027})\u003c/span\u003e\u003c/p\u003e\u003cp\u003e\u003cb\u003esubject\u003c/b\u003e: \u003ca\u003ePatient/example\u003c/a\u003e\u003c/p\u003e\u003cp\u003e\u003cb\u003eperformed\u003c/b\u003e: 05/04/2015\u003c/p\u003e\u003ch3\u003ePerformers\u003c/h3\u003e\u003ctable\u003e\u003ctr\u003e\u003ctd\u003e-\u003c/td\u003e\u003ctd\u003e\u003cb\u003eActor\u003c/b\u003e\u003c/td\u003e\u003c/tr\u003e\u003ctr\u003e\u003ctd\u003e*\u003c/td\u003e\u003ctd\u003e\u003ca\u003eDr Cecil Surgeon\u003c/a\u003e\u003c/td\u003e\u003c/tr\u003e\u003c/table\u003e\u003cp\u003e\u003cb\u003ereasonCode\u003c/b\u003e: Bradycardia \u003cspan\u003e(Details )\u003c/span\u003e\u003c/p\u003e\u003cp\u003e\u003cb\u003efollowUp\u003c/b\u003e: ROS 5 days  - 2013-04-10 \u003cspan\u003e(Details )\u003c/span\u003e\u003c/p\u003e\u003cp\u003e\u003cb\u003enote\u003c/b\u003e: Routine Appendectomy. Appendix was inflamed and in retro-caecal position\u003c/p\u003e\u003ch3\u003eFocalDevices\u003c/h3\u003e\u003ctable\u003e\u003ctr\u003e\u003ctd\u003e-\u003c/td\u003e\u003ctd\u003e\u003cb\u003eAction\u003c/b\u003e\u003c/td\u003e\u003ctd\u003e\u003cb\u003eManipulated\u003c/b\u003e\u003c/td\u003e\u003c/tr\u003e\u003ctr\u003e\u003ctd\u003e*\u003c/td\u003e\u003ctd\u003eImplanted \u003cspan\u003e(Details : {http://hl7.org/fhir/device-action code \u0027implanted\u0027 \u003d \u0027Implanted)\u003c/span\u003e\u003c/td\u003e\u003ctd\u003e\u003ca\u003eDevice/example-pacemaker\u003c/a\u003e\u003c/td\u003e\u003c/tr\u003e\u003c/table\u003e\u003c/div\u003e"
  },
  "status": "completed",
  "code": {
    "coding": [
      {
        "system": "http://snomed.info/sct",
        "code": "25267002",
        "display": "Insertion of intracardiac pacemaker (procedure)"
      }
    ],
    "text": "Implant Pacemaker"
  },
  "subject": {
    "reference": "Patient/example"
  },
  "performedDateTime": "2015-04-05",
  "performer": [
    {
      "actor": {
        "reference": "Practitioner/example",
        "display": "Dr Cecil Surgeon"
      }
    }
  ],
  "reasonCode": [
    {
      "text": "Bradycardia"
    }
  ],
  "followUp": [
    {
      "text": "ROS 5 days  - 2013-04-10"
    }
  ],
  "note": [
    {
      "text": "Routine Appendectomy. Appendix was inflamed and in retro-caecal position"
    }
  ],
  "focalDevice": [
    {
      "action": {
        "coding": [
          {
            "system": "http://hl7.org/fhir/device-action",
            "code": "implanted"
          }
        ]
      },
      "manipulated": {
        "reference": "Device/example-pacemaker"
      }
    }
  ],
  "meta": {
    "tag": [
      {
        "system": "http://terminology.hl7.org/CodeSystem/v3-ActReason",
        "code": "HTEST",
        "display": "test health data"
      }
    ]
  }
}