{
  "resourceType": "Questionnaire",
  "id": "qs1",
  "contained": [
    {
      "resourceType": "ValueSet",
      "id": "vs2",
      "name": "Type options for QuestionnaireResponse.item.answer.value[x]",
      "status": "active",
      "description": "Type options for QuestionnaireResponse.item.answer.value[x]",
      "expansion": {
        "identifier": "urn:uuid:a7ebbed7-565d-494b-9ad1-625ab481819f",
        "timestamp": "2019-11-01T09:36:46+11:00",
        "contains": [
          {
            "system": "http://hl7.org/fhir/data-types",
            "code": "boolean",
            "display": "boolean"
          },
          {
            "system": "http://hl7.org/fhir/data-types",
            "code": "decimal",
            "display": "decimal"
          },
          {
            "system": "http://hl7.org/fhir/data-types",
            "code": "integer",
            "display": "integer"
          },
          {
            "system": "http://hl7.org/fhir/data-types",
            "code": "date",
            "display": "date"
          },
          {
            "system": "http://hl7.org/fhir/data-types",
            "code": "dateTime",
            "display": "dateTime"
          },
          {
            "system": "http://hl7.org/fhir/data-types",
            "code": "time",
            "display": "time"
          },
          {
            "system": "http://hl7.org/fhir/data-types",
            "code": "string",
            "display": "string"
          },
          {
            "system": "http://hl7.org/fhir/data-types",
            "code": "uri",
            "display": "uri"
          },
          {
            "system": "http://hl7.org/fhir/data-types",
            "code": "Attachment",
            "display": "Attachment"
          },
          {
            "system": "http://hl7.org/fhir/data-types",
            "code": "Coding",
            "display": "Coding"
          },
          {
            "system": "http://hl7.org/fhir/data-types",
            "code": "Quantity",
            "display": "Quantity"
          },
          {
            "system": "http://hl7.org/fhir/resource-types",
            "code": "Resource",
            "display": "Resource"
          }
        ]
      }
    }
  ],
  "identifier": [
    {
      "system": "urn:ietf:rfc:3986"
    }
  ],
  "version": "4.0.1",
  "status": "draft",
  "date": "2019-11-01T09:29:23+11:00",
  "publisher": "Health Level Seven International (FHIR Infrastructure)",
  "item": [
    {
      "linkId": "QuestionnaireResponse",
      "text": "A structured set of questions and their answers",
      "type": "group",
      "required": false,
      "repeats": true,
      "item": [
        {
          "text": "The QuestionnaireResponse contains enough information about the questions asked and their organization that it can be interpreted somewhat independently from the Questionnaire it is based on.  I.e. You don\u0027t need access to the Questionnaire in order to extract basic information from a QuestionnaireResponse.",
          "type": "display"
        },
        {
          "extension": [
            {
              "url": "http://hl7.org/fhir/StructureDefinition/questionnaire-itemControl",
              "valueCodeableConcept": {
                "coding": [
                  {
                    "system": "http://hl7.org/fhir/questionnaire-item-control",
                    "code": "flyover",
                    "display": "Fly-over"
                  }
                ]
              }
            }
          ],
          "text": "A structured set of questions and their answers. The questions are ordered and grouped into coherent subsets, corresponding to the structure of the grouping of the questionnaire being responded to.",
          "type": "display"
        },
        {
          "extension": [
            {
              "url": "http://hl7.org/fhir/StructureDefinition/questionnaire-maxOccurs",
              "valueInteger": 1
            },
            {
              "url": "http://hl7.org/fhir/StructureDefinition/questionnaire-fhirType",
              "valueString": "string"
            }
          ],
          "linkId": "QuestionnaireResponse.id",
          "type": "group",
          "required": false,
          "repeats": true,
          "item": [
            {
              "extension": [
                {
                  "url": "http://hl7.org/fhir/StructureDefinition/questionnaire-itemControl",
                  "valueCodeableConcept": {
                    "coding": [
                      {
                        "system": "http://hl7.org/fhir/questionnaire-item-control",
                        "code": "flyover",
                        "display": "Fly-over"
                      }
                    ]
                  }
                }
              ],
              "text": "The logical id of the resource, as used in the URL for the resource. Once assigned, this value never changes. The only time that a resource does not have an id is when it is being submitted to the server using a create operation.",
              "type": "display"
            },
            {
              "linkId": "QuestionnaireResponse.id.value",
              "text": "Logical id of this artifact",
              "type": "string",
              "required": false,
              "repeats": false
            }
          ]
        },
        {
          "extension": [
            {
              "url": "http://hl7.org/fhir/StructureDefinition/questionnaire-maxOccurs",
              "valueInteger": 1
            }
          ],
          "linkId": "QuestionnaireResponse.meta",
          "text": "Metadata about the resource",
          "type": "group",
          "required": false,
          "repeats": true,
          "item": [
            {
              "extension": [
                {
                  "url": "http://hl7.org/fhir/StructureDefinition/questionnaire-itemControl",
                  "valueCodeableConcept": {
                    "coding": [
                      {
                        "system": "http://hl7.org/fhir/questionnaire-item-control",
                        "code": "flyover",
                        "display": "Fly-over"
                      }
                    ]
                  }
                }
              ],
              "text": "The metadata about the resource. This is content that is maintained by the infrastructure. Changes to the content might not always be associated with version changes to the resource.",
              "type": "display"
            }
          ]
        },
        {
          "extension": [
            {
              "url": "http://hl7.org/fhir/StructureDefinition/questionnaire-maxOccurs",
              "valueInteger": 1
            },
            {
              "url": "http://hl7.org/fhir/StructureDefinition/questionnaire-fhirType",
              "valueString": "uri"
            }
          ],
          "linkId": "QuestionnaireResponse.implicitRules",
          "type": "group",
          "required": false,
          "repeats": true,
          "item": [
            {
              "extension": [
                {
                  "url": "http://hl7.org/fhir/StructureDefinition/questionnaire-itemControl",
                  "valueCodeableConcept": {
                    "coding": [
                      {
                        "system": "http://hl7.org/fhir/questionnaire-item-control",
                        "code": "flyover",
                        "display": "Fly-over"
                      }
                    ]
                  }
                }
              ],
              "text": "A reference to a set of rules that were followed when the resource was constructed, and which must be understood when processing the content. Often, this is a reference to an implementation guide that defines the special rules along with other profiles etc. Asserting this rule set restricts the content to be only understood by a limited set of trading partners. This inherently limits the usefulness of the data in the long term. However, the existing health eco-system is highly fractured, and not yet ready to define, collect, and exchange data in a generally computable sense. Wherever possible, implementers and/or specification writers should avoid using this element. Often, when used, the URL is a reference to an implementation guide that defines these special rules as part of it\u0027s narrative along with other profiles, value sets, etc.",
              "type": "display"
            },
            {
              "linkId": "QuestionnaireResponse.implicitRules.value",
              "text": "A set of rules under which this content was created",
              "type": "string",
              "required": false,
              "repeats": false
            }
          ]
        },
        {
          "extension": [
            {
              "url": "http://hl7.org/fhir/StructureDefinition/questionnaire-maxOccurs",
              "valueInteger": 1
            },
            {
              "url": "http://hl7.org/fhir/StructureDefinition/questionnaire-fhirType",
              "valueString": "code"
            }
          ],
          "linkId": "QuestionnaireResponse.language",
          "type": "group",
          "required": false,
          "repeats": true,
          "item": [
            {
              "extension": [
                {
                  "url": "http://hl7.org/fhir/StructureDefinition/questionnaire-itemControl",
                  "valueCodeableConcept": {
                    "coding": [
                      {
                        "system": "http://hl7.org/fhir/questionnaire-item-control",
                        "code": "flyover",
                        "display": "Fly-over"
                      }
                    ]
                  }
                }
              ],
              "text": "The base language in which the resource is written. Language is provided to support indexing and accessibility (typically, services such as text to speech use the language tag). The html language tag in the narrative applies  to the narrative. The language tag on the resource may be used to specify the language of other presentations generated from the data in the resource. Not all the content has to be in the base language. The Resource.language should not be assumed to apply to the narrative automatically. If a language is specified, it should it also be specified on the div element in the html (see rules in HTML5 for information about the relationship between xml:lang and the html lang attribute).",
              "type": "display"
            },
            {
              "linkId": "QuestionnaireResponse.language.value",
              "text": "language",
              "type": "choice",
              "required": false,
              "repeats": false
            }
          ]
        },
        {
          "extension": [
            {
              "url": "http://hl7.org/fhir/StructureDefinition/questionnaire-maxOccurs",
              "valueInteger": 1
            }
          ],
          "linkId": "QuestionnaireResponse.text",
          "text": "Text summary of the resource, for human interpretation",
          "type": "group",
          "required": false,
          "repeats": true,
          "item": [
            {
              "extension": [
                {
                  "url": "http://hl7.org/fhir/StructureDefinition/questionnaire-itemControl",
                  "valueCodeableConcept": {
                    "coding": [
                      {
                        "system": "http://hl7.org/fhir/questionnaire-item-control",
                        "code": "flyover",
                        "display": "Fly-over"
                      }
                    ]
                  }
                }
              ],
              "text": "A human-readable narrative that contains a summary of the resource and can be used to represent the content of the resource to a human. The narrative need not encode all the structured data, but is required to contain sufficient detail to make it \"clinically safe\" for a human to just read the narrative. Resource definitions may define what content should be represented in the narrative to ensure clinical safety. Contained resources do not have narrative. Resources that are not contained SHOULD have a narrative. In some cases, a resource may only have text with little or no additional discrete data (as long as all minOccurs\u003d1 elements are satisfied).  This may be necessary for data from legacy systems where information is captured as a \"text blob\" or where text is additionally entered raw or narrated and encoded information is added later.",
              "type": "display"
            }
          ]
        },
        {
          "linkId": "QuestionnaireResponse.contained",
          "text": "Contained, inline Resources",
          "type": "group",
          "required": false,
          "repeats": true,
          "item": [
            {
              "extension": [
                {
                  "url": "http://hl7.org/fhir/StructureDefinition/questionnaire-itemControl",
                  "valueCodeableConcept": {
                    "coding": [
                      {
                        "system": "http://hl7.org/fhir/questionnaire-item-control",
                        "code": "flyover",
                        "display": "Fly-over"
                      }
                    ]
                  }
                }
              ],
              "text": "These resources do not have an independent existence apart from the resource that contains them - they cannot be identified independently, and nor can they have their own independent transaction scope. This should never be done when the content can be identified properly, as once identification is lost, it is extremely difficult (and context dependent) to restore it again. Contained resources may have profiles and tags In their meta elements, but SHALL NOT have security labels.",
              "type": "display"
            }
          ]
        },
        {
          "linkId": "QuestionnaireResponse.extension",
          "text": "Additional content defined by implementations",
          "type": "group",
          "required": false,
          "repeats": true,
          "item": [
            {
              "extension": [
                {
                  "url": "http://hl7.org/fhir/StructureDefinition/questionnaire-itemControl",
                  "valueCodeableConcept": {
                    "coding": [
                      {
                        "system": "http://hl7.org/fhir/questionnaire-item-control",
                        "code": "flyover",
                        "display": "Fly-over"
                      }
                    ]
                  }
                }
              ],
              "text": "May be used to represent additional information that is not part of the basic definition of the resource. To make the use of extensions safe and manageable, there is a strict set of governance  applied to the definition and use of extensions. Though any implementer can define an extension, there is a set of requirements that SHALL be met as part of the definition of the extension. There can be no stigma associated with the use of extensions by any application, project, or standard - regardless of the institution or jurisdiction that uses or defines the extensions.  The use of extensions is what allows the FHIR specification to retain a core level of simplicity for everyone.",
              "type": "display"
            }
          ]
        },
        {
          "linkId": "QuestionnaireResponse.modifierExtension",
          "text": "Extensions that cannot be ignored",
          "type": "group",
          "required": false,
          "repeats": true,
          "item": [
            {
              "extension": [
                {
                  "url": "http://hl7.org/fhir/StructureDefinition/questionnaire-itemControl",
                  "valueCodeableConcept": {
                    "coding": [
                      {
                        "system": "http://hl7.org/fhir/questionnaire-item-control",
                        "code": "flyover",
                        "display": "Fly-over"
                      }
                    ]
                  }
                }
              ],
              "text": "May be used to represent additional information that is not part of the basic definition of the resource and that modifies the understanding of the element that contains it and/or the understanding of the containing element\u0027s descendants. Usually modifier elements provide negation or qualification. To make the use of extensions safe and manageable, there is a strict set of governance applied to the definition and use of extensions. Though any implementer is allowed to define an extension, there is a set of requirements that SHALL be met as part of the definition of the extension. Applications processing a resource are required to check for modifier extensions.\n\nModifier extensions SHALL NOT change the meaning of any elements on Resource or DomainResource (including cannot change the meaning of modifierExtension itself). There can be no stigma associated with the use of extensions by any application, project, or standard - regardless of the institution or jurisdiction that uses or defines the extensions.  The use of extensions is what allows the FHIR specification to retain a core level of simplicity for everyone.",
              "type": "display"
            }
          ]
        },
        {
          "extension": [
            {
              "url": "http://hl7.org/fhir/StructureDefinition/questionnaire-maxOccurs",
              "valueInteger": 1
            },
            {
              "url": "http://hl7.org/fhir/StructureDefinition/questionnaire-fhirType",
              "valueString": "Identifier"
            }
          ],
          "linkId": "QuestionnaireResponse.identifier",
          "text": "Unique id for this set of answers",
          "type": "group",
          "required": false,
          "repeats": true,
          "item": [
            {
              "extension": [
                {
                  "url": "http://hl7.org/fhir/StructureDefinition/questionnaire-itemControl",
                  "valueCodeableConcept": {
                    "coding": [
                      {
                        "system": "http://hl7.org/fhir/questionnaire-item-control",
                        "code": "flyover",
                        "display": "Fly-over"
                      }
                    ]
                  }
                }
              ],
              "text": "A business identifier assigned to a particular completed (or partially completed) questionnaire.",
              "type": "display"
            },
            {
              "linkId": "QuestionnaireResponse.identifier.label",
              "text": "label:",
              "type": "string",
              "required": false,
              "repeats": false
            },
            {
              "linkId": "QuestionnaireResponse.identifier.system",
              "text": "system:",
              "type": "string",
              "required": false,
              "repeats": false
            },
            {
              "linkId": "QuestionnaireResponse.identifier.value",
              "text": "value:",
              "type": "string",
              "required": false,
              "repeats": false
            }
          ]
        },
        {
          "extension": [
            {
              "url": "http://hl7.org/fhir/StructureDefinition/questionnaire-fhirType",
              "valueString": "Reference"
            }
          ],
          "linkId": "QuestionnaireResponse.basedOn",
          "type": "group",
          "required": false,
          "repeats": true,
          "item": [
            {
              "extension": [
                {
                  "url": "http://hl7.org/fhir/StructureDefinition/questionnaire-itemControl",
                  "valueCodeableConcept": {
                    "coding": [
                      {
                        "system": "http://hl7.org/fhir/questionnaire-item-control",
                        "code": "flyover",
                        "display": "Fly-over"
                      }
                    ]
                  }
                }
              ],
              "text": "The order, proposal or plan that is fulfilled in whole or in part by this QuestionnaireResponse.  For example, a ServiceRequest seeking an intake assessment or a decision support recommendation to assess for post-partum depression.",
              "type": "display"
            },
            {
              "extension": [
                {
                  "url": "http://hl7.org/fhir/StructureDefinition/questionnaire-allowedResource",
                  "valueCode": "CarePlan, ServiceRequest"
                },
                {
                  "url": "http://hl7.org/fhir/StructureDefinition/questionnaire-referenceFilter",
                  "valueString": "subject\u003d$subj\u0026patient\u003d$subj\u0026encounter\u003d$encounter"
                }
              ],
              "linkId": "QuestionnaireResponse.basedOn.value",
              "text": "Request fulfilled by this QuestionnaireResponse",
              "type": "reference",
              "required": false,
              "repeats": false
            }
          ]
        },
        {
          "extension": [
            {
              "url": "http://hl7.org/fhir/StructureDefinition/questionnaire-fhirType",
              "valueString": "Reference"
            }
          ],
          "linkId": "QuestionnaireResponse.partOf",
          "type": "group",
          "required": false,
          "repeats": true,
          "item": [
            {
              "extension": [
                {
                  "url": "http://hl7.org/fhir/StructureDefinition/questionnaire-itemControl",
                  "valueCodeableConcept": {
                    "coding": [
                      {
                        "system": "http://hl7.org/fhir/questionnaire-item-control",
                        "code": "flyover",
                        "display": "Fly-over"
                      }
                    ]
                  }
                }
              ],
              "text": "A procedure or observation that this questionnaire was performed as part of the execution of.  For example, the surgery a checklist was executed as part of. Composition of questionnaire responses will be handled by the parent questionnaire having answers that reference the child questionnaire.  For relationships to referrals, and other types of requests, use basedOn.",
              "type": "display"
            },
            {
              "extension": [
                {
                  "url": "http://hl7.org/fhir/StructureDefinition/questionnaire-allowedResource",
                  "valueCode": "Observation, Procedure"
                },
                {
                  "url": "http://hl7.org/fhir/StructureDefinition/questionnaire-referenceFilter",
                  "valueString": "subject\u003d$subj\u0026patient\u003d$subj\u0026encounter\u003d$encounter"
                }
              ],
              "linkId": "QuestionnaireResponse.partOf.value",
              "text": "Part of this action",
              "type": "reference",
              "required": false,
              "repeats": false
            }
          ]
        },
        {
          "extension": [
            {
              "url": "http://hl7.org/fhir/StructureDefinition/questionnaire-maxOccurs",
              "valueInteger": 1
            },
            {
              "url": "http://hl7.org/fhir/StructureDefinition/questionnaire-fhirType",
              "valueString": "uri"
            }
          ],
          "linkId": "QuestionnaireResponse.questionnaire",
          "type": "group",
          "required": false,
          "repeats": true,
          "item": [
            {
              "extension": [
                {
                  "url": "http://hl7.org/fhir/StructureDefinition/questionnaire-itemControl",
                  "valueCodeableConcept": {
                    "coding": [
                      {
                        "system": "http://hl7.org/fhir/questionnaire-item-control",
                        "code": "flyover",
                        "display": "Fly-over"
                      }
                    ]
                  }
                }
              ],
              "text": "The Questionnaire that defines and organizes the questions for which answers are being provided. If a QuestionnaireResponse references a Questionnaire, then the QuestionnaireResponse structure must be consistent with the Questionnaire (i.e. questions must be organized into the same groups, nested questions must still be nested, etc.).",
              "type": "display"
            },
            {
              "linkId": "QuestionnaireResponse.questionnaire.value",
              "text": "Form being answered",
              "type": "string",
              "required": false,
              "repeats": false
            }
          ]
        },
        {
          "extension": [
            {
              "url": "http://hl7.org/fhir/StructureDefinition/questionnaire-minOccurs",
              "valueInteger": 1
            },
            {
              "url": "http://hl7.org/fhir/StructureDefinition/questionnaire-maxOccurs",
              "valueInteger": 1
            },
            {
              "url": "http://hl7.org/fhir/StructureDefinition/questionnaire-fhirType",
              "valueString": "code"
            }
          ],
          "linkId": "QuestionnaireResponse.status",
          "type": "group",
          "required": true,
          "repeats": true,
          "item": [
            {
              "extension": [
                {
                  "url": "http://hl7.org/fhir/StructureDefinition/questionnaire-itemControl",
                  "valueCodeableConcept": {
                    "coding": [
                      {
                        "system": "http://hl7.org/fhir/questionnaire-item-control",
                        "code": "flyover",
                        "display": "Fly-over"
                      }
                    ]
                  }
                }
              ],
              "text": "The position of the questionnaire response within its overall lifecycle. This element is labeled as a modifier because the status contains codes that mark the resource as not currently valid.",
              "type": "display"
            },
            {
              "linkId": "QuestionnaireResponse.status.value",
              "text": "status",
              "type": "choice",
              "required": false,
              "repeats": false
            }
          ]
        },
        {
          "extension": [
            {
              "url": "http://hl7.org/fhir/StructureDefinition/questionnaire-maxOccurs",
              "valueInteger": 1
            },
            {
              "url": "http://hl7.org/fhir/StructureDefinition/questionnaire-fhirType",
              "valueString": "Reference"
            }
          ],
          "linkId": "QuestionnaireResponse.subject",
          "type": "group",
          "required": false,
          "repeats": true,
          "item": [
            {
              "extension": [
                {
                  "url": "http://hl7.org/fhir/StructureDefinition/questionnaire-itemControl",
                  "valueCodeableConcept": {
                    "coding": [
                      {
                        "system": "http://hl7.org/fhir/questionnaire-item-control",
                        "code": "flyover",
                        "display": "Fly-over"
                      }
                    ]
                  }
                }
              ],
              "text": "The subject of the questionnaire response.  This could be a patient, organization, practitioner, device, etc.  This is who/what the answers apply to, but is not necessarily the source of information. If the Questionnaire declared a subjectType, the resource pointed to by this element must be an instance of one of the listed types.",
              "type": "display"
            },
            {
              "extension": [
                {
                  "url": "http://hl7.org/fhir/StructureDefinition/questionnaire-allowedResource",
                  "valueCode": "Resource"
                },
                {
                  "url": "http://hl7.org/fhir/StructureDefinition/questionnaire-referenceFilter",
                  "valueString": "subject\u003d$subj\u0026patient\u003d$subj\u0026encounter\u003d$encounter"
                }
              ],
              "linkId": "QuestionnaireResponse.subject.value",
              "text": "The subject of the questions",
              "type": "reference",
              "required": false,
              "repeats": false
            }
          ]
        },
        {
          "extension": [
            {
              "url": "http://hl7.org/fhir/StructureDefinition/questionnaire-maxOccurs",
              "valueInteger": 1
            },
            {
              "url": "http://hl7.org/fhir/StructureDefinition/questionnaire-fhirType",
              "valueString": "Reference"
            }
          ],
          "linkId": "QuestionnaireResponse.encounter",
          "type": "group",
          "required": false,
          "repeats": true,
          "item": [
            {
              "extension": [
                {
                  "url": "http://hl7.org/fhir/StructureDefinition/questionnaire-itemControl",
                  "valueCodeableConcept": {
                    "coding": [
                      {
                        "system": "http://hl7.org/fhir/questionnaire-item-control",
                        "code": "flyover",
                        "display": "Fly-over"
                      }
                    ]
                  }
                }
              ],
              "text": "The Encounter during which this questionnaire response was created or to which the creation of this record is tightly associated. This will typically be the encounter the event occurred within, but some activities may be initiated prior to or after the official completion of an encounter but still be tied to the context of the encounter. A questionnaire that was initiated during an encounter but not fully completed during the encounter would still generally be associated with the encounter.",
              "type": "display"
            },
            {
              "extension": [
                {
                  "url": "http://hl7.org/fhir/StructureDefinition/questionnaire-allowedResource",
                  "valueCode": "Encounter"
                },
                {
                  "url": "http://hl7.org/fhir/StructureDefinition/questionnaire-referenceFilter",
                  "valueString": "subject\u003d$subj\u0026patient\u003d$subj\u0026encounter\u003d$encounter"
                }
              ],
              "linkId": "QuestionnaireResponse.encounter.value",
              "text": "Encounter created as part of",
              "type": "reference",
              "required": false,
              "repeats": false
            }
          ]
        },
        {
          "extension": [
            {
              "url": "http://hl7.org/fhir/StructureDefinition/questionnaire-maxOccurs",
              "valueInteger": 1
            },
            {
              "url": "http://hl7.org/fhir/StructureDefinition/questionnaire-fhirType",
              "valueString": "datetime"
            }
          ],
          "linkId": "QuestionnaireResponse.authored",
          "type": "group",
          "required": false,
          "repeats": true,
          "item": [
            {
              "extension": [
                {
                  "url": "http://hl7.org/fhir/StructureDefinition/questionnaire-itemControl",
                  "valueCodeableConcept": {
                    "coding": [
                      {
                        "system": "http://hl7.org/fhir/questionnaire-item-control",
                        "code": "flyover",
                        "display": "Fly-over"
                      }
                    ]
                  }
                }
              ],
              "text": "The date and/or time that this set of answers were last changed. May be different from the lastUpdateTime of the resource itself, because that reflects when the data was known to the server, not when the data was captured.\n\nThis element is optional to allow for systems that might not know the value, however it SHOULD be populated if possible.",
              "type": "display"
            },
            {
              "linkId": "QuestionnaireResponse.authored.value",
              "text": "Date the answers were gathered",
              "type": "dateTime",
              "required": false,
              "repeats": false
            }
          ]
        },
        {
          "extension": [
            {
              "url": "http://hl7.org/fhir/StructureDefinition/questionnaire-maxOccurs",
              "valueInteger": 1
            },
            {
              "url": "http://hl7.org/fhir/StructureDefinition/questionnaire-fhirType",
              "valueString": "Reference"
            }
          ],
          "linkId": "QuestionnaireResponse.author",
          "type": "group",
          "required": false,
          "repeats": true,
          "item": [
            {
              "extension": [
                {
                  "url": "http://hl7.org/fhir/StructureDefinition/questionnaire-itemControl",
                  "valueCodeableConcept": {
                    "coding": [
                      {
                        "system": "http://hl7.org/fhir/questionnaire-item-control",
                        "code": "flyover",
                        "display": "Fly-over"
                      }
                    ]
                  }
                }
              ],
              "text": "Person who received the answers to the questions in the QuestionnaireResponse and recorded them in the system. Mapping a subject\u0027s answers to multiple choice options and determining what to put in the textual answer is a matter of interpretation.  Authoring by device would indicate that some portion of the questionnaire had been auto-populated.",
              "type": "display"
            },
            {
              "extension": [
                {
                  "url": "http://hl7.org/fhir/StructureDefinition/questionnaire-allowedResource",
                  "valueCode": "Device, Practitioner, PractitionerRole, Patient, RelatedPerson, Organization"
                },
                {
                  "url": "http://hl7.org/fhir/StructureDefinition/questionnaire-referenceFilter",
                  "valueString": "subject\u003d$subj\u0026patient\u003d$subj\u0026encounter\u003d$encounter"
                }
              ],
              "linkId": "QuestionnaireResponse.author.value",
              "text": "Person who received and recorded the answers",
              "type": "reference",
              "required": false,
              "repeats": false
            }
          ]
        },
        {
          "extension": [
            {
              "url": "http://hl7.org/fhir/StructureDefinition/questionnaire-maxOccurs",
              "valueInteger": 1
            },
            {
              "url": "http://hl7.org/fhir/StructureDefinition/questionnaire-fhirType",
              "valueString": "Reference"
            }
          ],
          "linkId": "QuestionnaireResponse.source",
          "type": "group",
          "required": false,
          "repeats": true,
          "item": [
            {
              "extension": [
                {
                  "url": "http://hl7.org/fhir/StructureDefinition/questionnaire-itemControl",
                  "valueCodeableConcept": {
                    "coding": [
                      {
                        "system": "http://hl7.org/fhir/questionnaire-item-control",
                        "code": "flyover",
                        "display": "Fly-over"
                      }
                    ]
                  }
                }
              ],
              "text": "The person who answered the questions about the subject. If not specified, no inference can be made about who provided the data.",
              "type": "display"
            },
            {
              "extension": [
                {
                  "url": "http://hl7.org/fhir/StructureDefinition/questionnaire-allowedResource",
                  "valueCode": "Patient, Practitioner, PractitionerRole, RelatedPerson"
                },
                {
                  "url": "http://hl7.org/fhir/StructureDefinition/questionnaire-referenceFilter",
                  "valueString": "subject\u003d$subj\u0026patient\u003d$subj\u0026encounter\u003d$encounter"
                }
              ],
              "linkId": "QuestionnaireResponse.source.value",
              "text": "The person who answered the questions",
              "type": "reference",
              "required": false,
              "repeats": false
            }
          ]
        },
        {
          "linkId": "QuestionnaireResponse.item",
          "text": "Groups and questions",
          "type": "group",
          "required": false,
          "repeats": true,
          "item": [
            {
              "text": "Groups cannot have answers and therefore must nest directly within item. When dealing with questions, nesting must occur within each answer because some questions may have multiple answers (and the nesting occurs for each answer).",
              "type": "display"
            },
            {
              "extension": [
                {
                  "url": "http://hl7.org/fhir/StructureDefinition/questionnaire-itemControl",
                  "valueCodeableConcept": {
                    "coding": [
                      {
                        "system": "http://hl7.org/fhir/questionnaire-item-control",
                        "code": "flyover",
                        "display": "Fly-over"
                      }
                    ]
                  }
                }
              ],
              "text": "A group or question item from the original questionnaire for which answers are provided.",
              "type": "display"
            },
            {
              "extension": [
                {
                  "url": "http://hl7.org/fhir/StructureDefinition/questionnaire-maxOccurs",
                  "valueInteger": 1
                },
                {
                  "url": "http://hl7.org/fhir/StructureDefinition/questionnaire-fhirType",
                  "valueString": "string"
                }
              ],
              "linkId": "QuestionnaireResponse.item.id",
              "type": "group",
              "required": false,
              "repeats": true,
              "item": [
                {
                  "extension": [
                    {
                      "url": "http://hl7.org/fhir/StructureDefinition/questionnaire-itemControl",
                      "valueCodeableConcept": {
                        "coding": [
                          {
                            "system": "http://hl7.org/fhir/questionnaire-item-control",
                            "code": "flyover",
                            "display": "Fly-over"
                          }
                        ]
                      }
                    }
                  ],
                  "text": "Unique id for the element within a resource (for internal references). This may be any string value that does not contain spaces.",
                  "type": "display"
                },
                {
                  "linkId": "QuestionnaireResponse.item.id.value",
                  "text": "Unique id for inter-element referencing",
                  "type": "string",
                  "required": false,
                  "repeats": false
                }
              ]
            },
            {
              "linkId": "QuestionnaireResponse.item.extension",
              "text": "Additional content defined by implementations",
              "type": "group",
              "required": false,
              "repeats": true,
              "item": [
                {
                  "extension": [
                    {
                      "url": "http://hl7.org/fhir/StructureDefinition/questionnaire-itemControl",
                      "valueCodeableConcept": {
                        "coding": [
                          {
                            "system": "http://hl7.org/fhir/questionnaire-item-control",
                            "code": "flyover",
                            "display": "Fly-over"
                          }
                        ]
                      }
                    }
                  ],
                  "text": "May be used to represent additional information that is not part of the basic definition of the element. To make the use of extensions safe and manageable, there is a strict set of governance  applied to the definition and use of extensions. Though any implementer can define an extension, there is a set of requirements that SHALL be met as part of the definition of the extension. There can be no stigma associated with the use of extensions by any application, project, or standard - regardless of the institution or jurisdiction that uses or defines the extensions.  The use of extensions is what allows the FHIR specification to retain a core level of simplicity for everyone.",
                  "type": "display"
                }
              ]
            },
            {
              "linkId": "QuestionnaireResponse.item.modifierExtension",
              "text": "Extensions that cannot be ignored even if unrecognized",
              "type": "group",
              "required": false,
              "repeats": true,
              "item": [
                {
                  "extension": [
                    {
                      "url": "http://hl7.org/fhir/StructureDefinition/questionnaire-itemControl",
                      "valueCodeableConcept": {
                        "coding": [
                          {
                            "system": "http://hl7.org/fhir/questionnaire-item-control",
                            "code": "flyover",
                            "display": "Fly-over"
                          }
                        ]
                      }
                    }
                  ],
                  "text": "May be used to represent additional information that is not part of the basic definition of the element and that modifies the understanding of the element in which it is contained and/or the understanding of the containing element\u0027s descendants. Usually modifier elements provide negation or qualification. To make the use of extensions safe and manageable, there is a strict set of governance applied to the definition and use of extensions. Though any implementer can define an extension, there is a set of requirements that SHALL be met as part of the definition of the extension. Applications processing a resource are required to check for modifier extensions.\n\nModifier extensions SHALL NOT change the meaning of any elements on Resource or DomainResource (including cannot change the meaning of modifierExtension itself). There can be no stigma associated with the use of extensions by any application, project, or standard - regardless of the institution or jurisdiction that uses or defines the extensions.  The use of extensions is what allows the FHIR specification to retain a core level of simplicity for everyone.",
                  "type": "display"
                }
              ]
            },
            {
              "extension": [
                {
                  "url": "http://hl7.org/fhir/StructureDefinition/questionnaire-minOccurs",
                  "valueInteger": 1
                },
                {
                  "url": "http://hl7.org/fhir/StructureDefinition/questionnaire-maxOccurs",
                  "valueInteger": 1
                },
                {
                  "url": "http://hl7.org/fhir/StructureDefinition/questionnaire-fhirType",
                  "valueString": "string"
                }
              ],
              "linkId": "QuestionnaireResponse.item.linkId",
              "type": "group",
              "required": true,
              "repeats": true,
              "item": [
                {
                  "extension": [
                    {
                      "url": "http://hl7.org/fhir/StructureDefinition/questionnaire-itemControl",
                      "valueCodeableConcept": {
                        "coding": [
                          {
                            "system": "http://hl7.org/fhir/questionnaire-item-control",
                            "code": "flyover",
                            "display": "Fly-over"
                          }
                        ]
                      }
                    }
                  ],
                  "text": "The item from the Questionnaire that corresponds to this item in the QuestionnaireResponse resource.",
                  "type": "display"
                },
                {
                  "linkId": "QuestionnaireResponse.item.linkId.value",
                  "text": "Pointer to specific item from Questionnaire",
                  "type": "string",
                  "required": false,
                  "repeats": false
                }
              ]
            },
            {
              "extension": [
                {
                  "url": "http://hl7.org/fhir/StructureDefinition/questionnaire-maxOccurs",
                  "valueInteger": 1
                },
                {
                  "url": "http://hl7.org/fhir/StructureDefinition/questionnaire-fhirType",
                  "valueString": "uri"
                }
              ],
              "linkId": "QuestionnaireResponse.item.definition",
              "type": "group",
              "required": false,
              "repeats": true,
              "item": [
                {
                  "extension": [
                    {
                      "url": "http://hl7.org/fhir/StructureDefinition/questionnaire-itemControl",
                      "valueCodeableConcept": {
                        "coding": [
                          {
                            "system": "http://hl7.org/fhir/questionnaire-item-control",
                            "code": "flyover",
                            "display": "Fly-over"
                          }
                        ]
                      }
                    }
                  ],
                  "text": "A reference to an [ElementDefinition](elementdefinition.html) that provides the details for the item. The ElementDefinition must be in a [StructureDefinition](structuredefinition.html#), and must have a fragment identifier that identifies the specific data element by its id (Element.id). E.g. http://hl7.org/fhir/StructureDefinition/Observation#Observation.value[x].\n\nThere is no need for this element if the item pointed to by the linkId has a definition listed.",
                  "type": "display"
                },
                {
                  "linkId": "QuestionnaireResponse.item.definition.value",
                  "text": "ElementDefinition - details for the item",
                  "type": "string",
                  "required": false,
                  "repeats": false
                }
              ]
            },
            {
              "extension": [
                {
                  "url": "http://hl7.org/fhir/StructureDefinition/questionnaire-maxOccurs",
                  "valueInteger": 1
                },
                {
                  "url": "http://hl7.org/fhir/StructureDefinition/questionnaire-fhirType",
                  "valueString": "string"
                }
              ],
              "linkId": "QuestionnaireResponse.item.text",
              "type": "group",
              "required": false,
              "repeats": true,
              "item": [
                {
                  "extension": [
                    {
                      "url": "http://hl7.org/fhir/StructureDefinition/questionnaire-itemControl",
                      "valueCodeableConcept": {
                        "coding": [
                          {
                            "system": "http://hl7.org/fhir/questionnaire-item-control",
                            "code": "flyover",
                            "display": "Fly-over"
                          }
                        ]
                      }
                    }
                  ],
                  "text": "Text that is displayed above the contents of the group or as the text of the question being answered.",
                  "type": "display"
                },
                {
                  "linkId": "QuestionnaireResponse.item.text.value",
                  "text": "Name for group or question text",
                  "type": "string",
                  "required": false,
                  "repeats": false
                }
              ]
            },
            {
              "linkId": "QuestionnaireResponse.item.answer",
              "text": "The response(s) to the question",
              "type": "group",
              "required": false,
              "repeats": true,
              "item": [
                {
                  "text": "The value is nested because we cannot have a repeating structure that has variable type.",
                  "type": "display"
                },
                {
                  "extension": [
                    {
                      "url": "http://hl7.org/fhir/StructureDefinition/questionnaire-itemControl",
                      "valueCodeableConcept": {
                        "coding": [
                          {
                            "system": "http://hl7.org/fhir/questionnaire-item-control",
                            "code": "flyover",
                            "display": "Fly-over"
                          }
                        ]
                      }
                    }
                  ],
                  "text": "The respondent\u0027s answer(s) to the question.",
                  "type": "display"
                },
                {
                  "extension": [
                    {
                      "url": "http://hl7.org/fhir/StructureDefinition/questionnaire-maxOccurs",
                      "valueInteger": 1
                    },
                    {
                      "url": "http://hl7.org/fhir/StructureDefinition/questionnaire-fhirType",
                      "valueString": "string"
                    }
                  ],
                  "linkId": "QuestionnaireResponse.item.answer.id",
                  "type": "group",
                  "required": false,
                  "repeats": true,
                  "item": [
                    {
                      "extension": [
                        {
                          "url": "http://hl7.org/fhir/StructureDefinition/questionnaire-itemControl",
                          "valueCodeableConcept": {
                            "coding": [
                              {
                                "system": "http://hl7.org/fhir/questionnaire-item-control",
                                "code": "flyover",
                                "display": "Fly-over"
                              }
                            ]
                          }
                        }
                      ],
                      "text": "Unique id for the element within a resource (for internal references). This may be any string value that does not contain spaces.",
                      "type": "display"
                    },
                    {
                      "linkId": "QuestionnaireResponse.item.answer.id.value",
                      "text": "Unique id for inter-element referencing",
                      "type": "string",
                      "required": false,
                      "repeats": false
                    }
                  ]
                },
                {
                  "linkId": "QuestionnaireResponse.item.answer.extension",
                  "text": "Additional content defined by implementations",
                  "type": "group",
                  "required": false,
                  "repeats": true,
                  "item": [
                    {
                      "extension": [
                        {
                          "url": "http://hl7.org/fhir/StructureDefinition/questionnaire-itemControl",
                          "valueCodeableConcept": {
                            "coding": [
                              {
                                "system": "http://hl7.org/fhir/questionnaire-item-control",
                                "code": "flyover",
                                "display": "Fly-over"
                              }
                            ]
                          }
                        }
                      ],
                      "text": "May be used to represent additional information that is not part of the basic definition of the element. To make the use of extensions safe and manageable, there is a strict set of governance  applied to the definition and use of extensions. Though any implementer can define an extension, there is a set of requirements that SHALL be met as part of the definition of the extension. There can be no stigma associated with the use of extensions by any application, project, or standard - regardless of the institution or jurisdiction that uses or defines the extensions.  The use of extensions is what allows the FHIR specification to retain a core level of simplicity for everyone.",
                      "type": "display"
                    }
                  ]
                },
                {
                  "linkId": "QuestionnaireResponse.item.answer.modifierExtension",
                  "text": "Extensions that cannot be ignored even if unrecognized",
                  "type": "group",
                  "required": false,
                  "repeats": true,
                  "item": [
                    {
                      "extension": [
                        {
                          "url": "http://hl7.org/fhir/StructureDefinition/questionnaire-itemControl",
                          "valueCodeableConcept": {
                            "coding": [
                              {
                                "system": "http://hl7.org/fhir/questionnaire-item-control",
                                "code": "flyover",
                                "display": "Fly-over"
                              }
                            ]
                          }
                        }
                      ],
                      "text": "May be used to represent additional information that is not part of the basic definition of the element and that modifies the understanding of the element in which it is contained and/or the understanding of the containing element\u0027s descendants. Usually modifier elements provide negation or qualification. To make the use of extensions safe and manageable, there is a strict set of governance applied to the definition and use of extensions. Though any implementer can define an extension, there is a set of requirements that SHALL be met as part of the definition of the extension. Applications processing a resource are required to check for modifier extensions.\n\nModifier extensions SHALL NOT change the meaning of any elements on Resource or DomainResource (including cannot change the meaning of modifierExtension itself). There can be no stigma associated with the use of extensions by any application, project, or standard - regardless of the institution or jurisdiction that uses or defines the extensions.  The use of extensions is what allows the FHIR specification to retain a core level of simplicity for everyone.",
                      "type": "display"
                    }
                  ]
                },
                {
                  "extension": [
                    {
                      "url": "http://hl7.org/fhir/StructureDefinition/questionnaire-maxOccurs",
                      "valueInteger": 1
                    }
                  ],
                  "linkId": "QuestionnaireResponse.item.answer.value[x]",
                  "text": "Single-valued answer to the question",
                  "type": "group",
                  "required": false,
                  "repeats": true,
                  "item": [
                    {
                      "extension": [
                        {
                          "url": "http://hl7.org/fhir/StructureDefinition/questionnaire-itemControl",
                          "valueCodeableConcept": {
                            "coding": [
                              {
                                "system": "http://hl7.org/fhir/questionnaire-item-control",
                                "code": "flyover",
                                "display": "Fly-over"
                              }
                            ]
                          }
                        }
                      ],
                      "text": "The answer (or one of the answers) provided by the respondent to the question. More complex structures (Attachment, Resource and Quantity) will typically be limited to electronic forms that can expose an appropriate user interface to capture the components and enforce the constraints of a complex data type.  Additional complex types can be introduced through extensions. Must match the datatype specified by Questionnaire.item.type in the corresponding Questionnaire.",
                      "type": "display"
                    },
                    {
                      "linkId": "QuestionnaireResponse.item.answer.value[x]._type",
                      "text": "type",
                      "type": "choice",
                      "required": false,
                      "repeats": false,
                      "answerValueSet": "#vs2",
                      "item": [
                        {
                          "extension": [
                            {
                              "url": "http://hl7.org/fhir/StructureDefinition/questionnaire-fhirType",
                              "valueString": "boolean"
                            }
                          ],
                          "linkId": "QuestionnaireResponse.item.answer.value[x]._null",
                          "type": "group",
                          "item": [
                            {
                              "linkId": "QuestionnaireResponse.item.answer.value[x]._null.value",
                              "type": "boolean",
                              "required": false,
                              "repeats": false
                            }
                          ]
                        },
                        {
                          "extension": [
                            {
                              "url": "http://hl7.org/fhir/StructureDefinition/questionnaire-fhirType",
                              "valueString": "decimal"
                            }
                          ],
                          "linkId": "QuestionnaireResponse.item.answer.value[x]._null",
                          "type": "group",
                          "item": [
                            {
                              "linkId": "QuestionnaireResponse.item.answer.value[x]._null.value",
                              "type": "decimal",
                              "required": false,
                              "repeats": false
                            }
                          ]
                        },
                        {
                          "extension": [
                            {
                              "url": "http://hl7.org/fhir/StructureDefinition/questionnaire-fhirType",
                              "valueString": "integer"
                            }
                          ],
                          "linkId": "QuestionnaireResponse.item.answer.value[x]._null",
                          "type": "group",
                          "item": [
                            {
                              "linkId": "QuestionnaireResponse.item.answer.value[x]._null.value",
                              "type": "integer",
                              "required": false,
                              "repeats": false
                            }
                          ]
                        },
                        {
                          "extension": [
                            {
                              "url": "http://hl7.org/fhir/StructureDefinition/questionnaire-fhirType",
                              "valueString": "datetime"
                            }
                          ],
                          "linkId": "QuestionnaireResponse.item.answer.value[x]._null",
                          "type": "group",
                          "item": [
                            {
                              "linkId": "QuestionnaireResponse.item.answer.value[x]._null.value",
                              "type": "dateTime",
                              "required": false,
                              "repeats": false
                            }
                          ]
                        },
                        {
                          "extension": [
                            {
                              "url": "http://hl7.org/fhir/StructureDefinition/questionnaire-fhirType",
                              "valueString": "datetime"
                            }
                          ],
                          "linkId": "QuestionnaireResponse.item.answer.value[x]._null",
                          "type": "group",
                          "item": [
                            {
                              "linkId": "QuestionnaireResponse.item.answer.value[x]._null.value",
                              "type": "dateTime",
                              "required": false,
                              "repeats": false
                            }
                          ]
                        },
                        {
                          "extension": [
                            {
                              "url": "http://hl7.org/fhir/StructureDefinition/questionnaire-fhirType",
                              "valueString": "time"
                            }
                          ],
                          "linkId": "QuestionnaireResponse.item.answer.value[x]._null",
                          "type": "group",
                          "item": [
                            {
                              "linkId": "QuestionnaireResponse.item.answer.value[x]._null.value",
                              "type": "time",
                              "required": false,
                              "repeats": false
                            }
                          ]
                        },
                        {
                          "extension": [
                            {
                              "url": "http://hl7.org/fhir/StructureDefinition/questionnaire-fhirType",
                              "valueString": "string"
                            }
                          ],
                          "linkId": "QuestionnaireResponse.item.answer.value[x]._null",
                          "type": "group",
                          "item": [
                            {
                              "linkId": "QuestionnaireResponse.item.answer.value[x]._null.value",
                              "type": "string",
                              "required": false,
                              "repeats": false
                            }
                          ]
                        },
                        {
                          "extension": [
                            {
                              "url": "http://hl7.org/fhir/StructureDefinition/questionnaire-fhirType",
                              "valueString": "uri"
                            }
                          ],
                          "linkId": "QuestionnaireResponse.item.answer.value[x]._null",
                          "type": "group",
                          "item": [
                            {
                              "linkId": "QuestionnaireResponse.item.answer.value[x]._null.value",
                              "type": "string",
                              "required": false,
                              "repeats": false
                            }
                          ]
                        },
                        {
                          "extension": [
                            {
                              "url": "http://hl7.org/fhir/StructureDefinition/questionnaire-fhirType",
                              "valueString": "Attachment"
                            }
                          ],
                          "linkId": "QuestionnaireResponse.item.answer.value[x]._null",
                          "type": "group"
                        },
                        {
                          "extension": [
                            {
                              "url": "http://hl7.org/fhir/StructureDefinition/questionnaire-fhirType",
                              "valueString": "Coding"
                            }
                          ],
                          "linkId": "QuestionnaireResponse.item.answer.value[x]._null",
                          "type": "group",
                          "item": [
                            {
                              "linkId": "QuestionnaireResponse.item.answer.value[x]._null.value",
                              "type": "open-choice",
                              "required": false,
                              "repeats": false
                            }
                          ]
                        },
                        {
                          "extension": [
                            {
                              "url": "http://hl7.org/fhir/StructureDefinition/questionnaire-fhirType",
                              "valueString": "Quantity"
                            }
                          ],
                          "linkId": "QuestionnaireResponse.item.answer.value[x]._null",
                          "type": "group",
                          "item": [
                            {
                              "linkId": "QuestionnaireResponse.item.answer.value[x]._null.comparator",
                              "text": "comp:",
                              "type": "choice",
                              "required": false,
                              "repeats": false
                            },
                            {
                              "linkId": "QuestionnaireResponse.item.answer.value[x]._null.value",
                              "text": "value:",
                              "type": "decimal",
                              "required": false,
                              "repeats": false
                            },
                            {
                              "linkId": "QuestionnaireResponse.item.answer.value[x]._null.units",
                              "text": "units:",
                              "type": "string",
                              "required": false,
                              "repeats": false
                            },
                            {
                              "linkId": "QuestionnaireResponse.item.answer.value[x]._null.code",
                              "text": "coded units:",
                              "type": "string",
                              "required": false,
                              "repeats": false
                            },
                            {
                              "linkId": "QuestionnaireResponse.item.answer.value[x]._null.system",
                              "text": "units system:",
                              "type": "string",
                              "required": false,
                              "repeats": false
                            }
                          ]
                        },
                        {
                          "extension": [
                            {
                              "url": "http://hl7.org/fhir/StructureDefinition/questionnaire-fhirType",
                              "valueString": "Reference"
                            }
                          ],
                          "linkId": "QuestionnaireResponse.item.answer.value[x]._null",
                          "type": "group",
                          "item": [
                            {
                              "extension": [
                                {
                                  "url": "http://hl7.org/fhir/StructureDefinition/questionnaire-allowedResource",
                                  "valueCode": "Resource"
                                },
                                {
                                  "url": "http://hl7.org/fhir/StructureDefinition/questionnaire-referenceFilter",
                                  "valueString": "subject\u003d$subj\u0026patient\u003d$subj\u0026encounter\u003d$encounter"
                                }
                              ],
                              "linkId": "QuestionnaireResponse.item.answer.value[x]._null.value",
                              "type": "reference",
                              "required": false,
                              "repeats": false
                            }
                          ]
                        }
                      ]
                    }
                  ]
                },
                {
                  "linkId": "QuestionnaireResponse.item.answer.item",
                  "text": "Nested groups and questions",
                  "type": "group",
                  "required": false,
                  "repeats": true,
                  "item": [
                    {
                      "extension": [
                        {
                          "url": "http://hl7.org/fhir/StructureDefinition/questionnaire-itemControl",
                          "valueCodeableConcept": {
                            "coding": [
                              {
                                "system": "http://hl7.org/fhir/questionnaire-item-control",
                                "code": "flyover",
                                "display": "Fly-over"
                              }
                            ]
                          }
                        }
                      ],
                      "text": "Nested groups and/or questions found within this particular answer.",
                      "type": "display"
                    }
                  ]
                }
              ]
            },
            {
              "linkId": "QuestionnaireResponse.item.item",
              "text": "Nested questionnaire response items",
              "type": "group",
              "required": false,
              "repeats": true,
              "item": [
                {
                  "extension": [
                    {
                      "url": "http://hl7.org/fhir/StructureDefinition/questionnaire-itemControl",
                      "valueCodeableConcept": {
                        "coding": [
                          {
                            "system": "http://hl7.org/fhir/questionnaire-item-control",
                            "code": "flyover",
                            "display": "Fly-over"
                          }
                        ]
                      }
                    }
                  ],
                  "text": "Questions or sub-groups nested beneath a question or group.",
                  "type": "display"
                }
              ]
            }
          ]
        }
      ]
    }
  ],
  "meta": {
    "tag": [
      {
        "system": "http://terminology.hl7.org/CodeSystem/v3-ActReason",
        "code": "HTEST",
        "display": "test health data"
      }
    ]
  }
}