{
  "resourceType": "ValueSet",
  "id": "coverage-financial-exception",
  "meta": {
    "lastUpdated": "2019-11-01T09:29:23.356+11:00",
    "profile": [
      "http://hl7.org/fhir/StructureDefinition/shareablevalueset"
    ]
  },
  "text": {
    "status": "generated",
    "div": "\u003cdiv xmlns\u003d\"http://www.w3.org/1999/xhtml\"\u003e\u003ch2\u003eExample Coverage Financial Exception Codes\u003c/h2\u003e\u003cdiv\u003e\u003cp\u003eThis value set includes Example Coverage Financial Exception Codes.\u003c/p\u003e\n\u003c/div\u003e\u003cp\u003e\u003cb\u003eCopyright Statement:\u003c/b\u003e\u003c/p\u003e\u003cdiv\u003e\u003cp\u003eThis is an example set.\u003c/p\u003e\n\u003c/div\u003e\u003cp\u003eThis value set includes codes from the following code systems:\u003c/p\u003e\u003cul\u003e\u003cli\u003eInclude all codes defined in \u003ca href\u003d\"codesystem-coverage-financial-exception.html\"\u003e\u003ccode\u003ehttp://terminology.hl7.org/CodeSystem/ex-coverage-financial-exception\u003c/code\u003e\u003c/a\u003e\u003c/li\u003e\u003c/ul\u003e\u003c/div\u003e"
  },
  "extension": [
    {
      "url": "http://hl7.org/fhir/StructureDefinition/structuredefinition-wg",
      "valueCode": "fm"
    },
    {
      "url": "http://hl7.org/fhir/StructureDefinition/structuredefinition-standards-status",
      "valueCode": "draft"
    },
    {
      "url": "http://hl7.org/fhir/StructureDefinition/structuredefinition-fmm",
      "valueInteger": 1
    }
  ],
  "url": "http://hl7.org/fhir/ValueSet/coverage-financial-exception",
  "identifier": [
    {
      "system": "urn:ietf:rfc:3986",
      "value": "urn:oid:2.16.840.1.113883.4.642.3.1328"
    }
  ],
  "version": "4.0.1",
  "name": "ExampleCoverageFinancialExceptionCodes",
  "title": "Example Coverage Financial Exception Codes",
  "status": "draft",
  "experimental": false,
  "date": "2019-11-01T09:29:23+11:00",
  "publisher": "Financial Management",
  "contact": [
    {
      "telecom": [
        {
          "system": "url",
          "value": "http://hl7.org/fhir"
        }
      ]
    }
  ],
  "description": "This value set includes Example Coverage Financial Exception Codes.",
  "immutable": true,
  "copyright": "This is an example set.",
  "compose": {
    "include": [
      {
        "system": "http://terminology.hl7.org/CodeSystem/ex-coverage-financial-exception"
      }
    ]
  }
}